PEAK1=332,left_hand_TZ,Ball Toss
PEAK2=423,right_hand_TZ,Follow Through
SNAPSHOT=start_pose,332
SNAPSHOT=hand_cross,392
SNAPSHOT=flat_racket_arm,413
SNAPSHOT=peak_racket_arm,418
SNAPSHOT=contact,423
SNAPSHOT=hand_cross_2,464
SNAPSHOT=racket_deceleration,489
SNAPSHOT=finish_pose,493
,,head,,,chest,,,left_shoulder,,,right_shoulder,,,left_elbow,,,right_elbow,,,left_hand,,,right_hand,,,left_hip,,,right_hip,,,left_knee,,,right_knee,,,left_foot,,,right_foot,,
,,TX,TY,TZ,TX,TY,TZ,TX,TY,TZ,TX,TY,TZ,TX,TY,TZ,TX,TY,TZ,TX,TY,TZ,TX,TY,TZ,TX,TY,TZ,TX,TY,TZ,TX,TY,TZ,TX,TY,TZ,TX,TY,TZ,TX,TY,TZ
,,mm,mm,mm,mm,mm,mm,mm,mm,mm,mm,mm,mm,mm,mm,mm,mm,mm,mm,mm,mm,mm,mm,mm,mm,mm,mm,mm,mm,mm,mm,mm,mm,mm,mm,mm,mm,mm,mm,mm,mm,mm,mm
1,0,295.385,-403.004,1322.41,219.757,-201.496,1256.89,330.615,-151.084,1223.37,108.898,-251.907,1290.41,458.502,-198.466,1062.93,100.95,-287.701,1014.97,614.402,-317.015,952.927,244.599,-312.731,907.521,90.0806,57.7941,883.35,-85.056,-57.09,929.618,68.4698,-30.5607,456.385,-213.103,-15.949,584.889,116.357,-49.3064,-5.55193,-453.96,36.1918,145.709
2,0,298.846,-381.218,1322.59,222.628,-187.381,1257.49,330.604,-131.438,1222.75,114.653,-243.325,1292.22,453.612,-174.242,1060.4,104.606,-281.989,1016.05,608.727,-286.892,953.198,246.277,-309.74,909.07,89.8923,58.7294,883.28,-84.8702,-57.9417,929.667,68.5506,-24.6661,456.859,-213.465,-27.2889,586.758,114.621,-33.1435,-0.710904,-452.41,25.5191,146.947
3,0,303.515,-352.211,1323.59,227.149,-159.98,1260.34,332.365,-100.958,1222.32,121.934,-219.001,1298.37,453.687,-135.317,1058.86,107.935,-255.333,1017.95,608.836,-241.947,953.481,249.449,-282.225,910.432,89.6973,59.7333,882.685,-84.6916,-58.887,930.097,69.1833,-20.7203,456.984,-213.495,-36.5496,588.108,112.854,-27.0548,3.4278,-450.634,17.9867,149.816
4,0,307.878,-340.717,1327.6,229.39,-150.28,1261.67,332.996,-91.1849,1221.23,125.784,-209.376,1302.12,452.251,-117.969,1055.14,110.213,-241.606,1018.23,605.999,-209.868,950.95,250.389,-268.41,910.428,89.5641,60.3977,882.031,-84.5744,-59.5541,930.629,70.2483,-20.9118,457.188,-213.581,-38.9554,590.013,112.564,-27.7477,6.35654,-449.618,15.9204,153.029
5,0,308.397,-339.165,1328.12,230.038,-146.387,1262.07,333.391,-90.3716,1219.83,126.684,-202.403,1304.31,450.189,-120.023,1051.21,111.421,-233.208,1019.21,602.45,-218.581,946.824,250.33,-262.59,910.123,89.5075,60.413,881.444,-84.5252,-59.5677,931.096,70.9449,-21.1222,457.115,-213.556,-40.7753,590.289,112.28,-29.0328,6.92534,-449.318,13.2811,155.11
6,0,307.411,-360.139,1328.06,229.551,-158.326,1260.34,333.004,-108.6,1216.49,126.097,-208.052,1304.19,445.782,-123.243,1043.59,108.506,-238.127,1018.87,602.519,-234.979,937.02,238.567,-266.162,906.762,89.4935,60.356,881.434,-84.5189,-59.5065,931.101,71.1783,-20.9546,457.496,-213.597,-39.6864,590.971,112.656,-29.0261,12.9972,-446.24,16.7432,156.695
7,0,307.935,-362.687,1334.36,231.56,-161.611,1260.64,334.453,-111.364,1216.82,128.667,-211.858,1304.46,445.973,-132.8,1044.2,114.007,-242.382,1019.53,600.988,-244.101,933.852,240.68,-270.047,906.82,89.4941,60.6783,881.425,-84.5191,-59.7962,931.103,73.0787,-20.506,457.577,-213.445,-39.8338,591.025,112.997,-25.7864,14.3266,-442.864,16.1601,156.523
8,0,307.825,-364.679,1334.76,231.238,-163.542,1260.09,334.434,-113.44,1215.51,128.042,-213.644,1304.68,442.961,-137.619,1038.96,108.598,-239.22,1019.51,600.191,-239.792,918.953,229.89,-270.213,903.237,89.4865,60.6647,881.207,-84.5144,-59.7782,931.265,73.6171,-20.6041,457.571,-212.984,-42.4294,591.365,113.389,-26.7726,14.9902,-441.577,13.7478,157.548
9,0,307.945,-356.521,1339.94,231.997,-158.833,1261.32,335.692,-109.018,1216.16,128.302,-208.647,1306.48,440.007,-139.294,1039.88,107.825,-232.675,1020.57,579.128,-244.945,917.57,228.854,-261.644,902.682,89.4854,60.6749,881.027,-84.5135,-59.7879,931.383,73.7644,-19.2808,457.126,-212.788,-43.619,591.429,113.476,-26.2813,14.4677,-441.612,12.0615,157.568
10,0,307.747,-358.943,1341.41,231.881,-160.695,1261.2,335.664,-110.293,1216.21,128.097,-211.097,1306.19,434.45,-141.34,1038.48,103.235,-235.672,1020.43,559.16,-256.939,910.935,221.874,-264.992,899.225,89.4837,60.6692,881.021,-84.5111,-59.783,931.385,73.6033,-19.318,456.215,-212.034,-42.8132,591.406,114.861,-27.4743,13.7935,-440.062,11.3566,157.541
11,0,307.922,-354.874,1346.27,232.475,-156.208,1261.73,336.998,-107.594,1216.31,127.953,-204.823,1307.16,431.632,-144.185,1038.82,101.761,-229.821,1020.79,547.39,-262.268,912.056,219.715,-263.989,898.581,89.4857,60.5948,880.879,-84.5136,-59.6914,931.48,73.6996,-19.8286,455.543,-211.939,-42.289,591.385,117.315,-27.9624,12.7491,-439.934,11.4016,157.612
12,0,308.009,-355.415,1352.11,232.951,-155.736,1263.06,338.111,-108.192,1217.21,127.791,-203.279,1308.91,426.459,-145.653,1038.78,98.0211,-229.916,1021.57,521.078,-282.41,910.688,215.553,-264.989,898.44,89.5683,60.3911,880.799,-84.5953,-59.4566,931.528,73.6443,-22.3051,454.293,-210.993,-40.5293,591.203,118.648,-35.0097,12.211,-440.021,11.6378,158.244
13,0,306.858,-373.491,1351.15,230.399,-162.244,1262.76,337.01,-114.357,1216.86,123.789,-210.132,1308.65,424.708,-147.494,1036.12,87.7012,-230.715,1020.77,535.028,-270.966,905.191,203.981,-268.923,894.158,89.6205,60.4771,880.779,-84.6684,-59.5439,931.543,73.6787,-20.8009,454.394,-210.675,-40.6129,591.2,118.662,-31.5888,13.016,-439.064,12.1074,159.426
14,0,304.124,-366.41,1352.86,229.108,-158.59,1263.05,336.986,-113.533,1217.12,121.23,-203.647,1308.97,420.708,-148.472,1036.28,85.345,-225.447,1021.16,523.432,-283.682,906.501,204.411,-265.188,893.746,89.6449,60.2176,880.708,-84.6955,-59.2459,931.579,74.5388,-27.3586,452.539,-210.491,-45.0358,591.073,122.468,-33.1395,9.07236,-439.164,6.78279,159.354
15,0,300.541,-382.305,1353.96,228.59,-176.502,1261.44,336.818,-138.786,1214.54,120.363,-214.219,1308.33,420.32,-190.877,1029.67,85.4288,-235.006,1022.44,532.974,-326.622,902.749,201.441,-284.455,892.766,89.6759,60.2122,880.76,-84.7392,-59.2414,931.508,77.5176,-24.2122,451.134,-208.546,-45.8053,589.411,125.603,-20.6343,8.10218,-434.477,2.47217,155.346
16,0,299.91,-380.045,1356.92,228.375,-176.031,1261.73,336.794,-138.166,1214.63,119.956,-213.895,1308.82,420.81,-188.375,1029.89,85.7187,-236.082,1023.98,538.671,-320.218,903.697,203.846,-284.418,892.854,89.6673,60.0296,880.75,-84.7336,-59.0628,931.513,77.2492,-23.8938,451.113,-207.636,-45.3292,589.477,128.463,-21.2398,8.0353,-433.028,3.01924,155.293
17,0,299.75,-384.179,1359.24,227.485,-180.582,1262.83,336.396,-139.876,1216.96,118.575,-221.288,1308.71,420.319,-190.948,1032.79,84.0099,-247.34,1023.84,538.729,-322.974,905.292,201.244,-297.409,893.022,89.8326,60.0823,880.813,-84.8989,-59.1072,931.457,77.2585,-24.133,451.284,-207.394,-44.9219,589.345,127.493,-20.7607,7.97123,-433.058,5.16666,155.341
18,0,297.57,-384.289,1360.7,226.591,-180.646,1262.51,336.103,-140.052,1216.15,117.078,-221.24,1308.86,421.023,-189.783,1030.19,80.6769,-247.434,1025.27,550.117,-318.066,904.59,201.076,-299.227,893.494,89.829,59.9045,880.808,-84.8987,-58.9082,931.459,77.7892,-24.4568,451.355,-206.405,-45.7829,589.344,127.474,-21.3356,7.91675,-432.212,4.70061,153.605
19,0,296.7,-382.414,1360.16,226.292,-177.014,1262.51,335.863,-135.646,1216.08,116.721,-218.383,1308.94,421.695,-165.627,1030.74,81.3412,-241.857,1025.41,563.849,-257.421,905.572,202.055,-291.287,894.097,89.8121,59.8864,880.76,-84.8897,-58.8893,931.506,78.2377,-24.4463,451.769,-206.016,-49.6787,589.61,127.592,-21.591,8.14009,-432.238,1.71184,154.078
20,0,296.733,-320.852,1370.85,227.026,-135.818,1269.08,336.952,-94.3783,1221.79,117.099,-177.257,1316.38,422.173,-152.322,1037.25,91.3727,-212.872,1032.28,531.033,-259.475,921.456,220.978,-254.499,904.803,89.9072,59.8009,880.461,-84.9913,-58.803,931.749,78.6691,-24.7395,450.73,-205.808,-49.3915,589.023,130.929,-21.6944,7.01988,-431.728,2.4415,153.424
21,0,296.509,-326.989,1370.31,226.267,-140.735,1270.25,336.847,-98.2423,1224.31,115.686,-183.228,1316.19,422.669,-152.754,1044.84,91.9377,-217.147,1031.99,535.61,-261.539,927.008,225.833,-256.198,904.907,90.0818,59.7657,880.449,-85.1775,-58.7627,931.76,82.0039,-27.6739,450.899,-205.76,-49.4707,588.449,131.914,-25.8009,6.98745,-431.819,2.72688,153.432
22,0,296.04,-321.697,1374.98,226.077,-132.624,1272.67,336.689,-86.9822,1226.19,115.465,-178.267,1319.15,424.18,-145.977,1049.24,93.5637,-217.372,1035.42,547.006,-264.091,948.022,235.288,-257.142,912.892,90.119,59.7587,880.384,-85.2309,-58.756,931.82,83.8663,-30.1905,450.779,-205.711,-50.1612,588.376,133.347,-39.0945,6.98471,-430.707,-0.144112,153.3
23,0,295.524,-324.674,1379.53,224.668,-130.707,1276.21,334.666,-80.0107,1229.3,114.67,-181.403,1323.12,425.618,-118.682,1058.3,94.0945,-219.517,1039.7,568.107,-222.501,964.905,241.201,-259.089,920.674,90.1081,60.068,880.366,-85.2324,-59.0245,931.842,84.4521,-26.8438,450.946,-205.606,-52.1754,588.314,133.112,-28.6602,7.8125,-429.944,2.13702,154.413
24,0,292.754,-327.785,1380.98,221.93,-132.155,1277.34,332.424,-81.5716,1230.9,111.436,-182.738,1323.77,425.832,-124.516,1063.16,93.8879,-220.905,1040.4,574.496,-232.355,969.482,244.135,-260.645,923.442,90.1287,60.1329,880.362,-85.2762,-59.0785,931.847,85.0621,-25.0314,451.061,-205.376,-51.8353,587.5,132.611,-20.7334,7.65085,-429.634,2.40731,153.233
25,0,292.809,-269.157,1395.75,221.397,-92.3516,1287.62,331.395,-35.3792,1243.05,111.398,-149.324,1332.19,435.604,-78.6617,1090.21,101.157,-200.138,1049.15,596.157,-188.143,1012.18,267.546,-236.463,943.271,90.0916,60.797,880.361,-85.2574,-59.7209,931.843,88.8436,-24.884,451.386,-203.928,-58.3961,587.572,138.604,-22.1739,7.52062,-425.71,-1.37858,153.616
26,0,289.167,-277.011,1399.72,219.748,-88.7204,1288.94,331.266,-37.25,1244.54,108.23,-140.191,1333.33,441.075,-91.5719,1091.57,100.974,-194.238,1049.98,602.92,-206.474,1014.74,269.331,-238.472,943.482,90.1238,60.6634,880.318,-85.324,-59.5537,931.886,91.8824,-34.9159,452.225,-203.46,-57.6994,587.005,138.137,-31.7305,5.70977,-425.655,-1.10272,153.051
27,0,286.915,-263.18,1406.49,218.093,-78.9714,1292.45,331.273,-30.3624,1247.23,104.914,-127.58,1337.68,449.374,-99.9988,1102.85,100.746,-191.525,1056.42,611.791,-213.332,1034.47,269.054,-240.057,955.708,90.2686,60.5996,880.134,-85.5192,-59.4893,932.078,92.228,-30.8078,451.409,-203.024,-57.1404,586.763,144.678,-18.7246,1.66476,-421.928,-0.791573,152.075
28,0,286.627,-276.196,1405.28,217.645,-88.9497,1294.15,330.567,-38.4974,1251.03,104.723,-139.402,1337.26,453.666,-99.0756,1111.08,101.065,-196.112,1056.28,618.784,-215.815,1038.47,268.599,-242.729,958.52,90.2397,60.6705,880.172,-85.5036,-59.5522,932.054,92.9754,-30.9517,451.959,-202.39,-56.7104,586.686,145.412,-33.3741,1.59615,-419.864,-1.8205,151.417
29,0,284.856,-217.006,1417.65,216.949,-41.5151,1305.49,331.405,1.50666,1266.02,102.493,-84.5369,1344.96,453.182,-98.9238,1138.61,101.9,-160.423,1065.1,596.748,-239.736,1073.87,282.767,-200.341,981.24,90.5446,59.3057,880.075,-85.838,-58.2398,932.13,97.0195,-36.5777,451.177,-202.191,-56.643,586.508,172.7,-36.0636,0.094652,-409.685,-1.8962,150.517
30,0,279.181,-239.247,1414.92,214.158,-53.934,1304.48,329.382,-6.27646,1263.9,98.9348,-101.592,1345.06,454.819,-94.0597,1132.18,95.0925,-168.304,1062.95,615.046,-238.98,1074.95,277.734,-210.651,974.563,90.5508,59.3065,880.018,-85.8676,-58.2398,932.204,98.4318,-36.2188,453.018,-200.064,-56.1855,586.228,170.148,-36.0117,0.440061,-406.72,0.871206,149.637
31,0,275.895,-208.446,1424.62,212.38,-30.3743,1312.62,329.401,14.8003,1270.68,95.3591,-75.549,1354.56,458.385,-86.5847,1151.69,94.6526,-155.923,1074.54,614.275,-239.384,1103.01,276.992,-205.86,995.293,90.7772,59.0119,879.769,-86.1516,-57.9486,932.469,102.167,-36.0077,453.018,-198.576,-56.2975,586.072,175.119,-32.4176,-2.29287,-400.703,-4.34329,148.731
32,0,273.483,-210.096,1426.11,211.894,-31.1568,1313.79,328.465,19.0123,1272.53,95.3221,-81.3259,1355.06,461.571,-54.3329,1154.14,94.5841,-154.258,1073.1,629.558,-183.805,1107.68,274.867,-205.406,990.6,90.6856,59.0799,879.748,-86.1053,-58.0099,932.497,102.667,-34.5003,453.365,-196.045,-56.5782,585.88,171.683,-33.7738,-2.65825,-398.214,-4.00276,148.439
33,0,266.467,-220.907,1423.5,209.195,-37.6568,1314.11,326.32,11.6002,1272.06,92.0709,-86.9138,1356.15,462.323,-58.1747,1152.92,91.97,-158.775,1075.8,629.397,-186.311,1116.19,273.254,-209.973,998.856,90.6826,58.9448,879.711,-86.1138,-57.866,932.549,104.62,-32.999,453.659,-194.328,-54.9074,584.961,175.772,-33.1555,-2.57897,-391.161,-0.944641,146.644
34,0,265.447,-204.523,1426.01,208.052,-28.0206,1314.16,326.037,18.4061,1270.61,90.0676,-74.4473,1357.72,461.616,-67.2936,1155.21,90.3919,-153.863,1078.83,626.168,-193.928,1129.69,273.781,-207.446,1002.58,90.7483,58.664,879.414,-86.2339,-57.632,932.896,106.337,-33.3809,454.093,-188.241,-54.771,584.577,173.334,-33.3155,-2.80005,-383.07,-1.42323,145.391
35,0,264.881,-200.06,1427.36,207.288,-24.0543,1317.02,324.985,25.2832,1274.06,89.5915,-73.3919,1359.98,464.449,-37.9507,1161.12,90.469,-146.122,1080,631.413,-151.347,1134.2,273.685,-193.628,1010.43,90.7587,58.6726,879.411,-86.2688,-57.6393,932.899,111.511,-33.4278,455.503,-186.514,-57.036,584.048,184.489,-40.1297,-2.22617,-376.886,-6.97807,144.533
36,0,261.969,-189.714,1430.68,205.39,-13.5307,1320.47,324.553,32.9935,1275.32,86.2271,-60.055,1365.62,464.06,-46.476,1163.45,87.3445,-140.108,1088.2,629.52,-171.623,1142.85,272.913,-190.946,1018.59,90.8107,58.3982,879.113,-86.3704,-57.3915,933.21,112.297,-33.3538,455.532,-185.041,-56.871,583.983,184.989,-40.0362,-2.32947,-371.945,-6.73077,144.412
37,0,260.222,-173.343,1436.77,202.73,-2.27308,1327.29,322.738,44.2704,1282.71,82.7225,-48.8166,1371.87,462.688,-42.845,1171.54,83.1033,-130.003,1091.71,627.018,-180.812,1147.73,271.834,-180.672,1028.27,90.9563,58.3154,879.041,-86.5812,-57.3145,933.268,117.948,-33.1484,455.525,-181.121,-57.5091,583.289,195.515,-38.9586,-2.3908,-365.911,-6.42647,143.232
38,0,255.039,-170.651,1436.58,199.212,4.51259,1329.96,320.983,48.435,1285.53,77.4407,-39.4098,1374.39,460.536,-41.079,1175.02,78.1129,-122.87,1095.32,625.14,-184.901,1148.84,271.442,-180.49,1030.57,90.9979,57.9383,878.949,-86.6644,-56.9475,933.354,120.077,-33.0978,455.461,-177.231,-57.6219,582.702,202.346,-38.7105,-2.9735,-360.178,-5.29633,141.881
39,0,249.918,-153.32,1442.68,193.666,20.1509,1336.41,317.23,62.8042,1292.24,70.102,-22.5023,1380.58,456.231,-21.863,1176.32,70.036,-100.313,1097.65,623.157,-169.212,1147.15,256.681,-156.617,1034.25,91.2049,57.6799,878.909,-86.9609,-56.6754,933.367,127.145,-33.6465,455.476,-174.825,-58.2119,582.455,209.478,-38.5712,-1.94842,-353.541,-1.8456,142.018
40,0,240.012,-154.503,1439.76,191.428,4.23454,1337.08,316.031,48.305,1294.62,66.8251,-39.836,1379.55,451.456,-32.6865,1174.91,70.6244,-113.815,1096.82,620.162,-170.95,1134.97,256.397,-166.339,1035.59,91.3678,57.2844,878.925,-87.1971,-56.2708,933.338,129.077,-33.572,456.01,-171.709,-53.6472,581.505,212.264,-39.1978,-1.75881,-352.858,10.3952,140.684
41,0,236.995,-151.901,1444.66,186.677,25.9063,1344.23,312.733,67.0036,1301.07,60.62,-15.1909,1387.4,451.326,6.29261,1174.54,63.0518,-80.5506,1104.69,620.839,-127.409,1129.06,232.906,-138.756,1035.05,91.5506,57.0631,879.007,-87.4343,-55.97,933.177,138.035,-33.4929,455.931,-169.285,-55.4399,579.5,228.144,-38.931,-1.52922,-341.523,6.879,140.113
42,0,230.436,-159.638,1442.26,185.009,13.1289,1343.43,310.72,54.6695,1300.26,59.2975,-28.4116,1386.59,452.639,2.38243,1170.6,63.9401,-89.5777,1103.81,632.03,-118.074,1122.65,224.351,-150.082,1030.84,91.6394,56.5323,879.126,-87.5823,-55.3959,933.002,142.228,-33.4273,456.738,-163.751,-52.8402,578.579,224.751,-40.7842,-0.77188,-336.535,12.085,139.029
43,0,230.787,-159.649,1443.59,180.457,28.827,1347.76,306.248,72.2261,1303.66,54.6648,-14.5721,1391.86,452.047,29.336,1168.22,56.2161,-73.3917,1108.52,630.209,-93.7712,1119.85,204.483,-137.128,1030.48,91.7135,56.5538,879.239,-87.6828,-55.4046,932.825,146.505,-31.4798,456.47,-160.758,-55.0144,578.129,241.583,-41.348,-0.111282,-321.121,3.79475,138.25
44,0,227.501,-171.429,1441.94,178.411,25.5461,1347.53,304.676,65.5907,1303.55,52.1466,-14.4985,1391.5,451.871,23.1884,1166.53,55.5805,-70.0257,1109.58,630.109,-96.0327,1117.19,199.665,-133.296,1028.2,91.8066,56.2605,879.378,-87.8095,-55.1116,932.63,148.926,-31.4558,456.511,-159.367,-54.7335,577.267,244.783,-43.7824,-0.094652,-315.447,3.82945,135.447
45,0,228.251,-163.762,1444.18,175.293,37.6424,1349.16,302.739,76.3817,1303.84,47.847,-1.09698,1394.49,445.666,28.8878,1164.24,42.7292,-60.4691,1112.84,620.702,-101.181,1093.72,176.575,-135.506,1027.32,91.961,55.888,879.612,-87.9918,-54.6475,932.295,152.073,-31.432,456.192,-156.828,-55.087,576.437,257.271,-44.044,0.198424,-304.429,4.08995,133.828
46,0,222.628,-179.34,1442.83,173.453,30.1485,1348.01,302.546,67.5802,1301.95,44.3609,-7.28316,1394.08,435.033,18.1833,1147.37,33.1415,-64.8512,1112.45,600.349,-109.991,1039.79,153.886,-142.546,1026.55,92.2961,54.6354,879.714,-88.4053,-53.2927,932.134,157.061,-31.5047,454.53,-151.043,-50.499,574.59,268.13,-42.0813,-0.34225,-287.881,32.1362,130.697
47,0,224.068,-182.504,1441.81,174.165,31.3299,1346.74,303.124,63.6114,1300.59,45.2063,-0.951709,1392.88,431.462,14.4698,1136.19,30.4603,-59.4693,1112.75,590.485,-110.411,1022.18,150.298,-145.702,1024.93,92.5071,53.2283,879.878,-88.657,-51.8369,931.91,159.522,-33.1298,453.005,-147.659,-49.7922,572.467,277.654,-45.8647,-0.726282,-278.422,29.364,127.24
48,0,225.535,-183.819,1441.21,170.76,26.5304,1347.44,300.364,61.3545,1300.39,41.1563,-8.29377,1394.49,416.653,12.2263,1117.85,21.3103,-68.9275,1115.69,562.768,-114.219,993.491,126.036,-174.022,1023.14,92.7954,53.2266,880.129,-88.9823,-51.8152,931.606,164.656,-31.794,451.746,-142.245,-49.7595,569.112,293.759,-40.8989,-0.842988,-269.152,29.722,125.404
49,0,227.141,-179.284,1440.68,171.051,29.9939,1346.43,300.65,64.397,1299.26,41.4507,-4.40923,1393.6,408.736,14.9719,1111.42,18.0746,-61.4192,1114.03,541.1,-116.385,987.653,116.492,-166.917,1020.2,93.0517,53.1209,880.359,-89.2462,-51.7053,931.338,166.295,-30.8889,449.094,-139.587,-49.753,567.6,303.191,-40.8935,-1.41662,-255.469,29.2162,122.767
50,0,227.365,-180.486,1440.24,166.399,33.1552,1347.04,297.453,67.3938,1299.03,35.3447,-1.0835,1395.05,381.229,28.6911,1097.93,-0.138593,-68.4782,1115.47,497.626,-91.0422,948.692,88.6596,-190.525,1012.46,93.3603,52.7498,880.888,-89.6022,-51.1938,930.681,168.903,-30.3549,446.031,-135.507,-48.8786,563.958,314.666,-33.3211,-1.66106,-245.959,51.5953,118.928
51,0,228.315,-180.853,1438.99,165.417,30.5382,1345.39,296.236,66.2798,1296.68,34.5987,-5.2035,1394.1,372.478,24.4185,1089.6,-2.84609,-73.2772,1114.53,496.938,-84.6842,933.115,82.7337,-190.149,1006.09,93.6077,52.6472,881.111,-89.8693,-51.0941,930.426,169.228,-29.3385,444.151,-131.902,-48.8235,562.752,314.619,-33.4168,-1.70982,-241.773,47.625,115.479
52,0,223.529,-321.384,1427.09,160.87,-56.1956,1342.87,294.813,-25.0589,1292.02,26.927,-87.3323,1393.72,360.764,-2.40657,1073.25,-28.5681,-126.887,1113.95,472.076,-91.3515,888.379,33.0204,-243.73,984.695,93.759,52.3544,881.675,-90.0519,-50.7997,929.824,167.895,-22.3091,443.629,-131.184,-38.2807,560.378,326.688,-20.3983,1.63782,-228.656,64.3504,111.331
53,0,224.478,-299.317,1422.06,158.444,-58.3038,1341.84,291.554,-23.5081,1290.68,25.3343,-93.0996,1392.99,350.917,-2.68872,1076.83,-32.7303,-134.941,1113.76,450.188,-83.9806,899.992,33.1875,-240.059,982.038,93.8169,52.3569,882.294,-90.1151,-50.8057,929.142,167.535,-20.5973,442.838,-131.065,-37.5294,559.945,337.91,-21.2966,3.88426,-227.791,79.7405,111.555
54,0,223.358,-405.922,1408.91,157.144,-129.115,1333.34,291.501,-103.697,1278.1,22.7878,-154.534,1388.58,335.973,-52.4088,1056.81,-47.3565,-171.141,1110.62,421.399,-89.6887,859.434,4.45481,-264.837,960.415,93.9665,51.9362,882.554,-90.3694,-50.5088,928.85,166.524,-11.7445,439.111,-127.971,-23.17,558.244,349.788,-13.4225,10.5188,-208.534,95.7293,108.94
55,0,223.081,-403.917,1404.3,157.236,-129.113,1331.54,291.88,-103.526,1274.74,22.5919,-154.7,1388.34,333.138,-59.6303,1054.85,-54.9251,-171.046,1110.22,418.25,-95.1589,862.009,-4.39349,-261.893,959.69,94.0867,51.7234,882.789,-90.5454,-50.3778,928.59,166.79,-9.31476,439.175,-122.009,-16.4962,554.975,358.717,-11.551,19.275,-209.962,104.252,108.272
56,0,219.56,-431.449,1398.13,154.762,-146.684,1327.07,289.931,-120.986,1269.56,19.5932,-172.382,1384.59,320.124,-61.4922,1046.59,-71.3766,-181.706,1109.97,393.941,-85.2168,835.333,-29.7939,-261.984,950.066,94.0601,51.7223,883.455,-90.5483,-50.3945,927.826,166.057,-7.38607,439.304,-117.665,-13.9058,554.955,376.527,-12.7586,28.3232,-197.486,118.124,106.546
57,0,219.618,-413.279,1396.96,152.725,-138.928,1325.82,288.259,-113.808,1267.85,17.1911,-164.048,1383.79,315.313,-60.2029,1050.52,-77.1133,-176.419,1109.64,386.195,-86.6354,847.214,-33.9107,-256.056,947.653,94.0942,51.6331,883.785,-90.6074,-50.3488,927.445,166.113,-3.64263,439.397,-111.107,-14.2489,552.838,373.131,1.44859,33.0386,-199.914,115.471,107.248
58,0,219.54,-382.589,1397.86,148.037,-120.802,1326.36,283.289,-92.9815,1268.6,12.7844,-148.623,1384.11,306.264,-57.1678,1055.82,-92.335,-168.29,1109.58,363.289,-70.2613,850.235,-54.5916,-249.299,948.045,94.0905,51.6984,884.534,-90.6075,-50.4473,926.576,167.461,-2.76696,439.486,-103.678,-14.8821,553.026,382.503,-1.56801,35.9518,-192.285,124.174,107.619
59,0,218.938,-374.88,1399.6,147.332,-113.403,1326.9,281.76,-86.3381,1268.74,12.9046,-140.468,1385.05,303.92,-56.0805,1057.99,-96.9596,-163.71,1111.49,359.781,-65.3564,845.828,-58.331,-248.11,947.968,93.9895,51.7191,885.126,-90.5155,-50.5045,925.884,169.766,-1.30875,439.641,-100.196,-15.396,553.354,390.665,-2.63334,37.086,-187.989,132.363,107.541
60,0,218.349,-357.692,1403.34,144.592,-107.207,1328.87,277.036,-78.1271,1269.6,12.1486,-136.288,1388.14,289.588,-30.7936,1056.33,-102.629,-138.974,1115,335.513,-50.8991,840.322,-71.8888,-208.495,948.932,93.8463,51.7953,885.814,-90.3812,-50.6201,925.008,175.091,-2.09443,442.35,-96.211,-16.6921,553.619,396.067,-4.32255,44.9133,-183.658,136.204,107.917
61,0,218.77,-352.679,1404.86,144.565,-101.831,1329.3,276.42,-70.3974,1269.99,12.7097,-133.264,1388.61,284.73,-23.7655,1054.37,-98.7604,-125.6,1115.46,325.774,-47.6757,840.268,-70.4313,-185.556,947.84,93.7807,51.7996,886.248,-90.3165,-50.6525,924.482,177.133,-2.58407,444.303,-94.1078,-17.2303,553.775,401.711,-14.8945,48.672,-173.665,145.208,108.586
62,0,218.73,-345.779,1411.94,140.465,-96.9452,1332.18,270.272,-65.4311,1273.22,10.659,-128.459,1391.13,275.343,-13.3476,1056.91,-113.549,-124.219,1120.69,309.122,-37.4512,841.097,-87.4442,-181.116,949.036,93.352,52.2483,886.919,-89.8679,-51.2013,923.676,178.189,-2.22884,447.98,-93.2849,-17.473,554.172,407.284,-14.9969,55.8519,-174.928,140.402,109.388
63,0,217.061,-352.075,1415.46,136.117,-98.0085,1332.76,267.034,-70.8443,1274.34,5.1995,-125.173,1391.18,267.39,-14.8685,1058.17,-118.667,-123.326,1121.64,295.983,-45.8533,840.917,-98.3413,-177.659,949.768,93.3371,52.1302,887.456,-89.8546,-51.146,923.081,178.426,-2.69042,448.35,-96.474,-18.1776,554.593,410.003,-15.0663,55.4113,-177.948,142.161,110.099
64,0,213.495,-373.903,1417.16,132.062,-105.848,1332.91,263.159,-82.4883,1274.46,0.964465,-129.208,1391.37,257.801,-18.5314,1055.68,-132.588,-125.535,1124.73,282.318,-49.3359,833.672,-114.956,-180.916,949.434,93.2095,52.1397,888.015,-89.7268,-51.1833,922.449,179.387,-0.068726,449.308,-98.1487,-18.4755,554.909,409.933,-4.34065,55.7125,-172.333,154.793,111.138
65,0,205.648,-398.75,1417.2,126.433,-121.114,1332.84,256.73,-99.3692,1274.46,-3.8644,-142.859,1391.23,240.894,-35.1231,1053.73,-144.852,-136.333,1129,261.09,-52.1167,824.203,-139.557,-181.55,949.431,93.033,52.1445,888.606,-89.5782,-51.2096,921.823,182.143,2.06356,450.515,-99.2687,-18.899,555.104,408.743,-0.830291,57.6078,-171.184,153.676,111.672
66,0,203.988,-401.391,1417.22,124.726,-129.083,1332.55,255.772,-110.665,1274.06,-6.32,-147.5,1391.04,239.725,-46.4241,1051.75,-145.234,-141.516,1129.17,258.294,-55.7879,820.971,-144.417,-182.782,947.304,92.9704,51.8926,889.087,-89.5284,-51.0491,921.334,182.623,4.13891,450.943,-98.083,-19.395,555.251,403.865,8.86003,57.0124,-170.347,150.471,114.244
67,0,204.53,-410.462,1416.55,125.173,-132.824,1331.73,256.552,-114.246,1272.49,-6.20693,-151.403,1390.98,240.465,-50.375,1048.53,-144.67,-146.357,1131.76,253.433,-58.2089,815.284,-155.185,-184.563,946.99,92.9102,51.8938,889.345,-89.4873,-51.0683,921.054,187.51,8.21665,450.981,-92.9343,-19.547,554.031,411.365,10.4904,57.0107,-161.155,157.035,114.352
68,0,203.598,-415.959,1415.02,125.454,-138.738,1329.82,256.206,-117.82,1270.34,-5.29875,-159.656,1389.3,237.4,-59.4501,1045.69,-145.489,-157.892,1131.8,248.817,-61.7335,814.792,-156.813,-192.343,947.493,92.6078,52.0837,889.601,-89.2165,-51.3515,920.785,190.425,7.40161,452.597,-83.0732,-19.8341,553.687,415.519,-1.43279,64.113,-156.888,159.422,115.64
69,0,202.999,-422.611,1414.18,124.39,-141.719,1328.02,254.782,-122.657,1267.75,-6.00202,-160.781,1388.29,231.323,-62.4214,1042.26,-152.329,-157.75,1132.95,247.717,-62.9352,808.083,-167.595,-192.854,947.025,92.5422,52.0603,889.889,-89.1704,-51.3425,920.488,191.146,9.06898,452.798,-81.8588,-18.9784,553.071,412.29,3.98407,64.9447,-154.862,153.62,116.026
70,0,203.503,-415.003,1414.4,125.013,-137.354,1327.43,255.588,-118.403,1266.66,-5.56256,-156.304,1388.19,234.035,-61.1285,1040.99,-151.217,-156.23,1134.7,249.513,-63.7091,807.85,-166.563,-193.203,947.5,92.5385,51.9823,890.011,-89.1705,-51.2959,920.353,194.983,8.59951,453.498,-80.928,-18.8794,552.819,415.465,3.51495,67.2128,-154.825,156.596,117.753
71,0,203.324,-418.867,1414.06,123.772,-139.742,1326.96,252.859,-118.689,1265.78,-5.31552,-160.795,1388.14,224.397,-61.3869,1039.34,-158.008,-159.849,1140.19,240.322,-64.5352,799.482,-175.4,-193.788,947.918,92.244,52.3141,890.223,-88.9251,-51.7003,920.102,198.625,12.4669,454.6,-78.5625,-19.0963,552.745,423.374,5.66938,72.8263,-146.347,162.194,120.172
72,0,203.714,-418.588,1414.16,123.879,-138.309,1327.03,252.841,-116.459,1265.94,-5.0832,-160.158,1388.12,220.789,-60.3752,1038.85,-159.255,-158.641,1141.67,239.698,-65.2781,802.031,-179.837,-194.086,948.279,92.0848,52.3238,890.417,-88.7888,-51.7251,919.871,198.726,14.8393,455.852,-76.5004,-18.577,552.816,426.631,8.84172,76.3274,-147.971,181.547,124.869
73,0,203.69,-420.955,1414.21,123.143,-141.267,1326.31,251.886,-119.19,1265.54,-5.59954,-163.344,1387.09,214.748,-67.031,1035.52,-160.374,-159.415,1141.97,233.229,-73.7736,798.304,-187.589,-194.381,949.739,91.9728,52.327,890.643,-88.6906,-51.7448,919.622,201.49,14.2288,456.38,-71.032,-18.7513,552.002,426.978,-2.86902,84.138,-143.615,204.662,132.912
74,0,202.131,-420.517,1413.99,122.635,-138.562,1326.45,251.504,-116.703,1265.7,-6.2327,-160.42,1387.2,214.728,-65.9426,1036.32,-162.451,-157.734,1142.62,229.705,-75.0453,801.472,-190.371,-188.36,949.946,91.836,52.322,890.867,-88.5618,-51.7473,919.342,201.26,13.6024,457.888,-70.3269,-18.6899,551.969,427.154,-2.98811,87.4284,-143.454,204.066,135.129
75,0,202.382,-415.416,1414.84,122.216,-136.313,1326.6,250.624,-114.264,1265.83,-6.19148,-158.361,1387.36,211.052,-65.0371,1036.09,-162.452,-155.344,1145.08,220.904,-74.678,802.442,-201.559,-182.766,954.705,91.644,52.3227,891.028,-88.3464,-51.7663,919.172,207.7,8.16485,462.218,-61.277,-20.0908,549.587,430.504,-45.1311,96.4255,-138.968,210.189,138.458
76,0,201.655,-414.743,1414.84,121.713,-134.974,1326.64,249.903,-113.102,1265.94,-6.47713,-156.846,1387.34,211.58,-64.5318,1036.55,-161.668,-154.868,1144.87,220.634,-74.8787,804.642,-204.177,-183.061,957.808,91.3927,52.371,891.293,-88.0789,-51.8454,918.878,212.092,3.54835,466.192,-53.8945,-22.488,548.019,434.419,-48.4692,101.292,-133.965,209.122,139.846
77,0,201.707,-413.802,1416,121.489,-134.252,1327.52,249.358,-111.749,1266.34,-6.38023,-156.756,1388.7,210.842,-64.0759,1037.16,-163.188,-154.473,1149.1,222.385,-75.3133,805.51,-207.483,-183.872,961.805,91.1032,52.6102,891.366,-87.7839,-52.1462,918.803,214.915,3.50998,468.255,-50.3583,-23.5223,548.152,437.183,-45.016,105.805,-131.77,207.5,143.566
78,0,200.41,-415.06,1416.53,120.791,-136.574,1327.51,248.729,-114.293,1266.43,-7.14745,-158.855,1388.59,208.132,-67.6264,1037.63,-165.166,-154.764,1148.38,217.79,-79.3118,806.163,-209.211,-184.473,961.87,90.9697,52.7571,891.483,-87.6642,-52.3566,918.695,215.871,2.93875,469.254,-49.1944,-25.1403,547.924,439.308,-44.9073,106.394,-129.169,201.636,144.878
79,0,199.928,-415.526,1418.32,121.01,-136.603,1327.46,249.013,-114.918,1266.45,-6.99231,-158.288,1388.48,208.766,-68.2908,1037.89,-165.378,-154.579,1148.43,218.224,-79.8455,806.81,-213.145,-185.04,962.882,90.7975,52.8174,891.517,-87.5018,-52.4558,918.674,217.018,2.53701,469.758,-45.6848,-25.7628,547.45,443.96,-43.6625,107.673,-124.101,198.102,145.845
80,0,199.653,-416.069,1420.47,121.212,-136.187,1327.47,249.321,-114.743,1266.47,-6.89744,-157.631,1388.47,210.165,-68.0627,1037.76,-164.896,-154.31,1149.16,220.264,-79.9008,806.879,-215.399,-185.27,964.861,90.7271,52.8075,891.561,-87.4406,-52.4541,918.643,217.044,-0.424128,471.134,-45.6633,-25.7489,547.182,441.455,-44.9848,109.293,-123.848,194.96,145.812
81,0,199.521,-420.561,1421.09,121.271,-139.994,1327.31,249.557,-120.147,1266.27,-7.01608,-159.841,1388.35,211.09,-71.9635,1037.41,-166.147,-154.817,1149.05,220.071,-81.2167,807.306,-218.062,-185.818,964.798,90.7023,52.7513,891.618,-87.4189,-52.4167,918.591,216.932,2.87405,470.773,-46.8349,-25.7552,546.831,441.224,-29.5431,106.086,-125.396,192.693,145.984
82,0,199.343,-421.983,1421.05,121.021,-141.893,1327.16,249.511,-122.958,1266.11,-7.46944,-160.829,1388.21,210.635,-73.8685,1036.57,-167.154,-154.924,1149.02,218.92,-81.2871,805.387,-221.586,-186.047,964.732,90.692,52.6163,891.709,-87.411,-52.3087,918.515,216.503,3.27893,470.497,-48.0774,-23.2745,546.694,439.747,-29.7168,104.025,-127.3,191.946,145.707
83,0,199.175,-429.11,1420.48,120.633,-152.355,1325.51,248.644,-132.777,1265.17,-7.37843,-171.933,1385.85,209.2,-82.5299,1035.79,-168.154,-164.032,1148.67,219.923,-84.4064,803.213,-224.131,-191.601,963.377,90.3438,52.6297,891.852,-87.0793,-52.341,918.407,216.925,4.98167,469.916,-45.8222,-22.318,546.528,443.02,-29.2812,102.996,-124.097,190.882,145.333
84,0,197.751,-431.628,1420.45,120.674,-150.939,1325.53,248.771,-130.945,1265.2,-7.42245,-170.933,1385.86,208.783,-81.7758,1035.86,-168.61,-163.247,1149.05,217.012,-85.2952,803.419,-226.057,-191.529,963.342,90.2909,52.6608,891.893,-87.0294,-52.3834,918.368,218.141,5.01787,469.938,-44.053,-22.1718,546.572,443.704,-29.1189,103.364,-122.945,196.335,145.693
85,0,197.09,-431.573,1420.11,119.12,-154.729,1324.53,246.771,-136.344,1264.7,-8.53048,-173.114,1384.37,204.321,-87.3356,1035.41,-171.679,-164.983,1148.81,213.847,-86.574,802.373,-235.064,-191.571,962.776,90.2593,52.4919,892.093,-87.0078,-52.2453,918.204,218.019,4.52477,469.735,-45.5867,-18.122,546.611,442.398,-37.476,103.29,-121.79,186.231,145.554
86,0,196.253,-434.075,1420.05,118.769,-154.718,1323.19,246.479,-137.053,1263.62,-8.94026,-172.383,1382.76,202.732,-87.9846,1034.95,-171.541,-164.768,1148.71,212.617,-89.0142,802.55,-236.257,-189.645,961.983,90.1676,52.4674,892.144,-86.9321,-52.2321,918.17,218.678,4.49628,468.611,-45.391,-17.9091,546.755,442.608,-37.2138,102.442,-114.347,174.352,144.711
87,0,195.745,-440.779,1417.12,118.409,-155.897,1319.09,246.205,-138.011,1260.78,-9.38658,-173.782,1377.4,202.372,-88.3725,1031.63,-170.645,-164.439,1145.49,213.284,-92.2277,799.764,-239.208,-189.833,961.269,90.0818,52.4736,892.208,-86.8641,-52.2417,918.125,220.426,2.15275,468.248,-44.5594,-18.2178,547.22,443.215,-41.8478,103.743,-106.017,168.805,144.403
88,0,194.965,-439.773,1417.17,118.484,-154.886,1318.62,246.315,-136.875,1260.04,-9.34686,-172.896,1377.2,203.269,-87.5333,1031.24,-171.196,-164.253,1145.42,215.338,-92.2483,800.32,-238.678,-189.189,961.254,90.0313,52.4864,892.273,-86.8192,-52.2598,918.066,222.418,2.15026,468.198,-44.2964,-21.9947,547.593,443.522,-41.7011,104.968,-104.62,156.173,144.192
89,0,193.873,-441.308,1415.56,116.37,-157.41,1315.04,242.044,-136.951,1257.96,-9.30349,-177.869,1372.11,197.967,-86.8506,1029.67,-172.039,-167.49,1144.5,213.553,-91.5999,799.234,-243.935,-190.369,961.264,89.1058,53.3162,892.394,-85.8987,-53.1604,917.974,222.665,1.9466,468.002,-38.0684,-30.9948,547.617,444.244,-45.0308,107.283,-97.4255,156.152,145.287
90,0,192.316,-443.629,1415.28,116.444,-157.941,1314.25,242.184,-138.494,1256.84,-9.29619,-177.388,1371.65,199.239,-88.0942,1029.2,-173.612,-166.9,1144.36,214.597,-92.377,799.33,-246.353,-190.445,961.248,88.9804,53.3427,892.446,-85.7839,-53.1912,917.939,223.881,1.757,468.02,-38.5254,-32.3534,547.845,443.782,-44.2583,107.696,-96.069,153.963,145.157
91,0,191.387,-447.876,1414.77,115.714,-163.78,1311.53,242.416,-149.436,1252.75,-10.9879,-178.125,1370.31,200.395,-98.0505,1026.18,-176.585,-166.384,1144.33,215.703,-99.0517,797.369,-251.45,-190.537,961.317,89.1372,52.7683,892.619,-85.9691,-52.6318,917.818,225.066,-0.197914,468.352,-38.9985,-29.7061,547.953,442.972,-43.9447,107.32,-99.3807,151.759,144.908
92,0,188.473,-445.951,1416.67,113.46,-163.98,1311.45,241.702,-150.562,1252.37,-14.7819,-177.398,1370.52,201.002,-100.7,1025.81,-180.468,-165.696,1144.33,215.565,-102.271,797.858,-256.931,-189.754,962.629,89.2917,52.1011,892.874,-86.14,-51.9456,917.601,226.041,-2.97803,469.334,-39.1526,-23.199,548.186,439.86,-48.4274,107.139,-101.085,153.366,144.989
93,0,186.774,-453.182,1415.06,112.688,-169.214,1310.14,241.7,-158.669,1251.02,-16.3239,-179.759,1369.26,201.327,-110.872,1024.1,-183.222,-165.844,1144.37,215.395,-111.036,797.503,-260.857,-189.87,962.79,89.3548,50.9603,893.071,-86.2279,-50.8403,917.464,225.914,-6.84575,469.481,-39.9138,-12.364,548.211,433.197,-62.8476,106.984,-102.039,160.209,144.836
94,0,184.275,-455.109,1415.09,110.598,-170.843,1309.95,240.775,-161.093,1250.76,-19.5792,-180.593,1369.14,200.67,-114.023,1023.55,-187.126,-166.132,1144.34,215.194,-114.64,797.321,-267.714,-191.9,963.34,89.4191,50.3007,893.2,-86.3166,-50.1753,917.377,225.731,-6.68508,469.201,-41.0752,-6.33204,548.379,432.089,-60.2877,104.516,-102.634,164.418,144.721
95,0,181.379,-453.954,1415.91,109.413,-170.729,1309.79,240.35,-161.477,1250.22,-21.5246,-179.981,1369.36,199.76,-115.417,1022.99,-188.255,-165.937,1144.31,214.714,-117.326,797.466,-270.17,-193.046,964.345,89.5795,49.2858,893.277,-86.5105,-49.1318,917.334,225.65,-6.55195,469.134,-45.8649,-3.3666,548.834,428.65,-58.3205,102.213,-104.777,163.643,144.668
96,0,178.891,-452.584,1417.19,106.299,-169.62,1309.92,238.314,-159.557,1250.41,-25.7171,-179.683,1369.42,199.25,-113.045,1022.99,-190.799,-165.734,1144.17,214.744,-116.135,797.745,-274.229,-198.969,965.01,89.7364,48.7217,893.393,-86.7083,-48.49,917.256,225.413,-5.1544,469.099,-50.5077,-0.357515,549.139,426.315,-49.6215,98.7994,-109.158,163.829,144.597
97,0,174.743,-451.604,1418.74,104.037,-167.55,1310.18,237.018,-157.852,1250.54,-28.9447,-177.248,1369.81,198.362,-111.108,1023.2,-191.766,-163.988,1144.05,213.08,-115.034,797.938,-276.919,-198.904,965.868,89.8702,48.124,893.497,-86.8565,-47.8621,917.177,225.195,-4.90317,469.056,-54.8357,-0.641888,549.566,424.576,-49.4158,95.2138,-113.207,163.872,143.813
98,0,171.214,-452.665,1419.91,102.209,-169.253,1310.34,236.49,-161.327,1250.7,-32.0729,-177.179,1369.98,198.512,-114.534,1023.36,-194.762,-163.993,1143.67,213.161,-116.91,798.103,-282.341,-199.448,965.988,90.1114,47.5069,893.679,-87.117,-47.2359,917.04,225.014,-5.14927,469.067,-60.1937,1.25895,550.878,424.615,-56.0841,94.089,-114.052,162.551,141.386
99,0,168.725,-455.566,1420.01,100.871,-170.133,1310.25,235.572,-162.425,1250.59,-33.8302,-177.84,1369.91,197.326,-116.669,1022.78,-197.594,-164.208,1143.64,212.878,-121.212,798.235,-286.762,-199.897,966.163,90.1187,47.1315,893.78,-87.1326,-46.8723,916.963,224.74,-7.10996,468.639,-61.1766,2.24432,551.338,424.696,-64.8632,92.9371,-114.518,162.594,139.823
100,0,165.472,-459.381,1420.06,98.5182,-171.881,1310.29,233.519,-164.874,1250.7,-36.4828,-178.889,1369.89,196.482,-119.031,1022.88,-199.013,-166.242,1143.19,212.838,-124.032,798.353,-291.884,-204.293,966.785,90.1431,46.8842,893.938,-87.1706,-46.6022,916.847,224.534,-7.66555,468.343,-62.742,2.80145,551.764,424.471,-64.6427,91.6702,-114.851,161.282,138.26
101,0,164.099,-458.215,1422.31,97.8931,-171.471,1310.59,233.486,-164.143,1251.07,-37.7003,-178.799,1370.11,196.694,-118.367,1023.29,-200.531,-166.106,1143.17,212.963,-123.306,799.205,-294.17,-204.82,967.437,90.22,46.4963,894.049,-87.2606,-46.1951,916.757,224.124,-7.42691,468.231,-64.9597,3.77957,552.088,424.502,-63.2079,90.8992,-115.571,160.858,137.368
102,0,164.736,-456.44,1424.07,96.7117,-169.021,1310.97,232.205,-160.404,1251.78,-38.782,-177.639,1370.16,194.867,-116.927,1023.38,-203.572,-163.884,1143.69,213.179,-123.06,799.406,-300.926,-201.971,972.034,90.186,46.4273,894.066,-87.2339,-46.1462,916.742,223.751,-11.654,467.658,-64.7913,5.62634,552.113,425.161,-88.4076,90.974,-115.389,169.28,137.352
103,0,163.402,-457.028,1424.29,96.1938,-168.844,1311.26,231.599,-159.934,1252.29,-39.2111,-177.754,1370.23,194.771,-116.651,1023.8,-202.53,-164.584,1143.69,213.362,-123.557,799.84,-301.628,-204.048,973.097,90.1905,46.3275,894.107,-87.2437,-46.0429,916.723,223.343,-11.6936,467.511,-64.8061,6.06132,552.02,425.192,-83.919,90.9838,-115.012,169.647,136.636
104,0,163.352,-457.072,1424.96,95.6186,-168.681,1311.64,231.008,-159.449,1252.98,-39.7708,-177.912,1370.3,194.436,-115.933,1024.58,-205.624,-164.56,1143.89,213.526,-123.668,801.569,-305.144,-204.392,974.216,90.195,46.3071,894.16,-87.2547,-46.0163,916.699,222.964,-11.554,466.957,-64.7386,5.48668,552.035,425.186,-81.6203,90.3512,-114.959,168.552,136.604
105,0,162.024,-456.667,1425.62,94.5843,-168.512,1311.94,229.963,-159.029,1253.53,-40.7947,-177.995,1370.36,194.522,-115.312,1025.33,-207.818,-165.07,1144.2,214.287,-123.05,802.194,-306.958,-206.134,975.657,90.1904,46.286,894.259,-87.2547,-45.9886,916.636,222.714,-11.4422,466.928,-64.671,5.00537,552.036,425.21,-78.7134,90.7455,-115.118,168.52,136.555
106,0,160.83,-455.879,1427.72,92.7347,-167.754,1313.32,227.531,-157.419,1256.11,-42.0617,-178.089,1370.54,193.454,-115.075,1027.54,-213.715,-165.043,1145.29,214.82,-123.009,804.986,-311.025,-205.655,976.577,90.1438,46.3719,894.299,-87.2173,-46.0656,916.612,222.666,-11.2569,466.771,-64.653,4.81243,552.706,425.473,-76.6393,90.8229,-114.91,168.511,137.714
107,0,161.027,-455.766,1428.83,93.1127,-167.563,1313.35,227.743,-157.361,1256.12,-41.5173,-177.764,1370.59,193.606,-115.119,1027.95,-212.277,-165.002,1145.49,217.367,-122.6,806.174,-310.685,-206.174,977.492,90.0857,45.9875,894.316,-87.1801,-45.7,916.597,220.431,-12.0902,465.899,-65.741,4.75875,552.879,426.316,-78.567,90.6768,-111.157,165.31,137.714
108,0,160.606,-455.48,1429.98,92.1833,-168.455,1314.5,226.46,-157.157,1258.27,-42.0937,-179.753,1370.72,193.369,-115.357,1030.61,-213.532,-168.366,1146.47,219.948,-124.895,811.547,-314.097,-210.549,980.494,89.9419,46.1004,894.345,-87.0511,-45.8212,916.585,220.128,-12.078,465.347,-63.0581,3.60866,552.988,427.777,-79.3625,91.0138,-109.326,165.315,138.687
109,0,160.972,-455.398,1430.94,91.9921,-169.347,1315.35,226.02,-157.155,1259.95,-42.0356,-181.539,1370.75,193.456,-115.415,1032.61,-214.409,-169.571,1147.88,224.09,-124.846,813.844,-315.818,-210.755,981.567,89.9122,46.1183,894.427,-87.0275,-45.8418,916.536,219.784,-11.8825,465.318,-63.0363,3.37931,552.737,428.195,-78.1293,92.493,-109.538,165.427,138.76
110,0,159.801,-455.195,1430.98,90.9039,-167.778,1316.42,223.996,-153.831,1261.98,-42.1883,-181.726,1370.87,192.883,-114.477,1035.23,-214.799,-170.595,1147.91,227.64,-125.577,817.463,-316.545,-213.833,982.48,89.5697,46.7581,894.445,-86.7085,-46.478,916.523,219.743,-11.779,463.588,-55.0866,-0.76097,552.123,429.712,-77.0874,94.3369,-104.216,165.818,141.123
111,0,157.165,-454.978,1431.98,90.3842,-166.868,1317.36,223.268,-152.125,1262.99,-42.4996,-181.612,1371.74,192.441,-113.809,1036.7,-216.548,-170.706,1148.63,228.257,-125.844,820.01,-318.756,-217.303,983.598,89.3392,46.9472,894.462,-86.5107,-46.643,916.515,218.056,-11.7058,462.433,-55.1358,-0.481124,552.121,429.937,-76.3088,95.444,-101.917,168.728,142.957
112,0,155.178,-448.431,1432.74,89.1032,-159.906,1318.8,220.776,-139.866,1265.35,-42.5694,-179.946,1372.24,191.133,-104.673,1038.25,-218.284,-169.853,1149.4,230.297,-121.286,821.917,-322.315,-216.405,986.186,88.4805,47.7106,894.478,-85.6297,-47.4105,916.506,217.307,-12.5689,461.596,-45.3102,-1.68218,551.386,429.938,-89.5823,103.03,-101.02,177.422,146.581
113,0,154.642,-442.779,1433.8,88.2058,-157.514,1320.02,218.99,-135.24,1267.5,-42.5787,-179.789,1372.54,190.973,-98.5928,1040.55,-218.965,-169.976,1150.6,233.102,-114.192,823.6,-324.168,-216.218,988.557,87.9282,48.1491,894.521,-85.0725,-47.8364,916.478,215.911,-12.5289,461.239,-44.4211,-2.52765,550.46,429.935,-89.7569,106.73,-101.509,180.049,147.214
114,0,154.948,-440.393,1436.09,86.5564,-156.906,1321.57,216.474,-131.792,1270.47,-43.3614,-182.02,1372.67,191.099,-95.2623,1043.06,-221.805,-174.158,1151.68,241.653,-112.125,826.155,-327.815,-218.606,990.778,87.4452,49.7325,894.612,-84.5565,-49.4091,916.412,214.573,-11.1769,460.273,-42.4031,-10.8688,549.861,430.38,-88.3198,108.984,-101.862,183.409,153.638
115,0,154.309,-438.456,1438.29,84.884,-156.603,1322.61,214.66,-130.315,1272.43,-44.892,-182.891,1372.79,191.11,-94.7193,1045.35,-223.624,-176.787,1151.96,243.961,-112.169,828.955,-329.812,-220.404,991.688,87.2676,50.3683,894.723,-84.3746,-50.0159,916.339,211.467,-11.1605,459.634,-42.6746,-10.4371,549.619,430.342,-91.7208,109.68,-101.978,182.834,153.423
116,0,153.825,-437.792,1439.39,84.0267,-155.672,1324.14,213.323,-127.423,1274.76,-45.2697,-183.92,1373.51,193.226,-89.2803,1047.57,-223.325,-178.993,1153.18,255.739,-105.614,830.676,-332.082,-221.285,992.995,86.7819,52.0245,894.766,-83.8378,-51.702,916.297,211.335,-6.04268,457.798,-39.8262,-19.3848,548.977,432.673,-85.5626,109.456,-102.171,194.044,158.904
117,0,153.006,-437.728,1440.96,83.5042,-157.009,1325.93,212.461,-127.449,1277.48,-45.4529,-186.569,1374.39,198.791,-88.1251,1054.08,-223.188,-187.783,1154.69,271.45,-101.643,833.676,-333.583,-231.817,995.092,86.3919,53.4084,894.871,-83.4346,-53.0707,916.22,211.368,-4.51528,457.594,-36.494,-18.8891,548.884,434.13,-84.6861,109.764,-101.232,192.526,158.942
118,0,151.841,-437.057,1441.98,83.0349,-157.234,1327.02,212.171,-128.022,1279.04,-46.1016,-186.447,1375,206.253,-87.4056,1057.25,-222.659,-189.086,1155.78,282.106,-96.3749,834.662,-333.348,-233.854,997.028,86.3107,53.5611,895.011,-83.3595,-53.2038,916.118,211.73,-4.53308,457.97,-35.8924,-17.6611,548.892,434.39,-84.1118,112.962,-101.361,184.854,158.386
119,0,148.855,-436.164,1443.45,80.5203,-155.847,1330.17,209.43,-125.324,1284.37,-48.389,-186.37,1375.96,208.521,-83.8652,1066.16,-223.737,-188.499,1156.02,286.445,-95.0104,842.842,-336.925,-232.599,997.283,86.2543,54.529,895.135,-83.2951,-54.1325,916.005,211.916,-3.32573,458.151,-35.4849,-18.6051,548.894,434.374,-78.5987,114.59,-101.626,184.628,162.034
120,0,145.52,-433.185,1446.81,79.6618,-152.978,1334.62,209.545,-123.255,1289.22,-50.2213,-182.701,1380.03,215.39,-81.0896,1072.01,-223.856,-188.007,1157.41,291.51,-93.638,849.176,-338.005,-231.718,999.191,86.2593,54.6795,895.162,-83.2958,-54.2699,915.97,212.106,4.71384,457.969,-36.1412,-22.4964,548.861,437.164,-45.7823,114.213,-104.745,188.861,164.562
121,0,142.143,-432.993,1447.19,78.5395,-152.854,1336.39,209.296,-123.924,1290.79,-52.2173,-181.784,1382,220.904,-81.7397,1073.36,-224.163,-187.316,1159.22,303.479,-93.447,849.652,-340.223,-232.119,1000.66,86.2561,54.6634,895.192,-83.2923,-54.2556,915.941,212.327,7.05425,457.955,-36.6535,-21.9603,548.858,438.712,-41.3467,114.257,-104.808,194.208,166.116
122,0,140.469,-432.686,1447.31,77.4771,-152.268,1336.92,208.973,-124.214,1291.56,-54.0192,-180.322,1382.28,223.079,-82.112,1074.59,-224.281,-186.978,1159.34,306.415,-94.119,850.82,-340.703,-231.787,1000.22,86.3295,54.5195,895.314,-83.3678,-54.1039,915.828,213.474,6.70678,458.488,-38.863,-17.5907,548.941,439.166,-41.0926,114.883,-104.761,193.478,165.826
123,0,139.15,-427.045,1447.94,76.3619,-149.638,1339.01,208.511,-123.63,1294.75,-55.787,-175.645,1383.28,229.533,-82.3417,1079.98,-224.067,-182.646,1159.35,313.783,-94.5503,864.127,-342.062,-229.611,1000.21,86.3921,54.4803,895.43,-83.4238,-54.0675,915.715,213.526,6.8321,458.499,-43.1476,-17.117,548.697,441.468,-40.6926,114.755,-104.786,192.8,165.171
124,0,138.801,-426.896,1449.85,75.7224,-150.885,1339.56,208.516,-126.405,1295.32,-57.0709,-175.366,1383.8,232.484,-85.6144,1083.38,-224.95,-180.38,1159.79,320.199,-97.6532,872.394,-343.942,-222.927,999.895,86.5418,54.3637,895.643,-83.5601,-53.9676,915.519,213.696,9.87844,458.645,-45.9236,-17.0345,548.915,443.991,-26.0159,113.946,-104.439,163.847,159.778
125,0,135.722,-427.25,1450.51,74.7906,-150.702,1341.22,208.622,-127.366,1297.69,-59.0412,-174.038,1384.75,241.222,-86.0699,1089.53,-225.566,-178.831,1160.36,331.173,-98.1615,882.488,-344.705,-222.875,1000.62,86.659,54.1874,895.83,-83.6811,-53.7877,915.341,214.157,11.2553,458.812,-47.1873,-16.737,549.409,445.993,-19.4859,114.007,-104.152,164.793,159.604
126,0,133.237,-427.068,1451.21,73.6368,-149.477,1343.1,208.495,-127.474,1300.29,-61.221,-171.479,1385.91,245.31,-86.269,1094.08,-227.348,-176.204,1161.24,334.672,-98.3468,887.949,-347.037,-222.274,1001.5,86.8047,53.9904,896.026,-83.8234,-53.5797,915.15,214.682,11.8761,458.868,-48.8078,-16.6742,549.517,445.929,-15.3672,113.968,-104.721,165.335,159.401
127,0,131.208,-427.07,1451,71.9325,-148.626,1344.02,207.847,-127.685,1301.74,-63.9819,-169.567,1386.3,248.006,-86.4268,1099.42,-229.625,-174.86,1161.67,340.238,-98.535,897.262,-348.715,-222.266,1001.98,87.1049,53.4833,896.207,-84.1567,-53.0249,914.998,214.746,11.3084,459.017,-51.7597,-16.5982,549.996,444.488,-18.5856,113.914,-104.896,160.362,159.295
128,0,129.21,-427.657,1450.79,71.448,-150.963,1344.5,207.963,-133.047,1301.44,-65.0668,-168.879,1387.56,251.009,-94.046,1100.2,-232.223,-173.618,1162.67,342.154,-105.492,903.931,-351.57,-222.206,1003.62,87.4555,52.776,896.369,-84.4785,-52.3598,914.846,215.63,11.2018,459.556,-54.4781,-16.4182,549.905,446.807,-20.7826,113.78,-106.25,163.432,157.392
129,0,125.329,-428.226,1450.66,70.3118,-149.596,1347.05,207.793,-132.231,1304.9,-67.1692,-166.961,1389.21,254.222,-93.0563,1106.79,-233.14,-172.614,1163.04,346.204,-105.467,915.902,-352.287,-223.599,1004.42,87.698,52.6077,896.483,-84.7251,-52.1603,914.725,215.68,9.37684,459.921,-56.1821,-16.3025,549.895,446.447,-22.9668,114.773,-107.634,174.013,157.402
130,0,124.25,-428.403,1450.89,69.7481,-150.321,1348.1,207.747,-133.759,1305.81,-68.2513,-166.882,1390.39,257.545,-93.1896,1111.4,-234.936,-172.611,1163.55,352.247,-105.322,922.897,-353.228,-225.344,1005.1,87.8889,52.1978,896.726,-84.9222,-51.7134,914.494,215.772,8.33456,460.365,-57.8377,-16.1815,550.196,446.285,-23.3728,114.698,-110.192,172.979,156.669
131,0,122.491,-427.309,1452.56,67.8804,-149.348,1350.44,206.905,-133.761,1309.21,-71.1439,-164.935,1391.66,260.707,-92.9031,1122.47,-240.808,-172.615,1166.69,365.243,-104.943,936.001,-356.426,-228.254,1008.09,88.0963,51.8493,896.916,-85.1197,-51.3278,914.316,215.339,7.98604,460.334,-62.7399,-16.0955,550.67,446.741,-18.5736,111.349,-113.26,167.885,152.001
132,0,119.682,-427.973,1453.09,67.5121,-149.371,1351.36,206.935,-134.172,1309.72,-71.911,-164.57,1392.99,264.375,-93.0163,1123.29,-242.421,-172.889,1167.76,369.366,-104.997,940.519,-357.234,-233.783,1008.92,88.2444,51.4169,897.111,-85.2768,-50.8486,914.145,215.148,4.84272,461.344,-65.4289,-15.3202,550.827,446.107,-19.5968,110.042,-115.515,166.338,148.394
133,0,116.524,-428.334,1453.03,65.795,-150.377,1352.41,206.04,-136.017,1311.28,-74.4503,-164.737,1393.54,267.139,-94.7,1129.72,-244.888,-173.075,1168.83,381.282,-105.565,948.47,-360.892,-233.563,1010.66,88.386,51.2091,897.362,-85.4081,-50.6333,913.919,215.092,2.20612,461.732,-66.4286,-15.2333,550.828,445.696,-21.9348,110.262,-120.525,166.497,148.221
134,0,113.794,-431.527,1452.88,64.1254,-152.447,1352.62,205.287,-139.669,1311.8,-77.036,-165.226,1393.43,266.934,-98.08,1130.08,-246.886,-173.082,1168.96,381.857,-107.612,948.926,-363.352,-233.189,1010.68,88.5544,50.7463,897.71,-85.5686,-50.1836,913.586,214.862,-2.22365,463.603,-68.8828,-14.9053,550.934,444.436,-34.3159,111.34,-122.64,168.159,148.002
135,0,112.318,-432.49,1452.83,62.4114,-153.316,1354.07,204.353,-141.273,1314.82,-79.5305,-165.359,1393.33,272.648,-98.0224,1142.61,-248.505,-171.995,1168.99,393.058,-105.923,965.065,-365.271,-229.947,1010.45,88.8399,50.4309,898.087,-85.8467,-49.8702,913.222,214.825,-5.11564,464.266,-68.7056,-15.0367,550.767,439.891,-37.7141,111.193,-124.488,174.017,148.217
136,0,110.616,-432.507,1453.07,61.9772,-153.228,1354.61,204.246,-141.612,1315.96,-80.2914,-164.843,1393.26,275.9,-98.1352,1146.78,-250.783,-169.712,1168.89,398.484,-106.071,972.305,-366.141,-226.443,1010.31,88.9769,50.2021,898.338,-85.9685,-49.6462,913,214.933,-7.53381,465.012,-68.4708,-15.3093,550.81,439.876,-39.7922,111.174,-125.337,169.552,147.373
137,0,107.96,-424.477,1457.43,59.7451,-146.429,1360.08,203.135,-136.732,1323.26,-83.6443,-156.127,1396.9,277.44,-93.1627,1161.07,-254.623,-154.064,1170.96,399.533,-104.571,1002.24,-370.798,-212.56,1011.4,89.4994,49.5742,898.446,-86.4777,-48.9821,912.904,214.902,-10.2613,465.953,-71.6924,-15.2045,550.919,434.508,-41.5511,106.82,-127.523,167.792,146.004
138,0,106.175,-426.966,1457.46,59.3114,-147.422,1361.04,203.019,-138.253,1325.24,-84.3966,-156.592,1396.83,280.441,-93.3518,1165.11,-257.354,-154.768,1172.02,404.265,-104.462,1005.01,-372.515,-214.09,1012.96,89.6166,49.0661,898.727,-86.5996,-48.4618,912.667,214.648,-12.2168,467.001,-71.2631,-15.0985,550.442,432.923,-43.5949,106.97,-131.25,170.888,145.799
139,0,100.461,-424.999,1460.06,57.1547,-136.507,1363.75,202.896,-130.081,1326.86,-88.5869,-142.934,1400.64,286.842,-42.5224,1175.8,-266.646,-135.14,1177.1,422.966,23.1376,1032.18,-377.903,-188.804,1013.74,90.1518,48.0551,898.828,-87.1731,-47.429,912.566,214.501,-24.2198,470.452,-75.2757,-11.9411,551.13,425.549,-78.0203,106.159,-131.466,179.477,140.494
140,0,99.3923,-418.292,1460.99,56.9248,-126.283,1366.18,202.984,-119.419,1329.49,-89.1342,-133.147,1402.86,295.788,-13.7355,1182.55,-269.308,-123.73,1180.42,436.503,80.3524,1037.91,-379.964,-168.928,1013.97,90.2936,47.5446,898.898,-87.3065,-46.9418,912.497,214.487,-31.7944,471.604,-74.8032,-10.5963,551.128,424.869,-100.625,105.438,-131.445,184.498,135.809
141,0,95.3663,-417.241,1462.12,52.6365,-126.341,1367.17,199.683,-117.553,1329.67,-94.4099,-135.13,1404.66,294.251,-28.413,1185.87,-275.956,-128.522,1180.14,441.154,23.2161,1064.7,-383.291,-175.876,1014,90.5124,47.5206,899.013,-87.5467,-46.9003,912.37,214.627,-29.9281,472.208,-74.7107,-11.6634,551.258,422.031,-93.1125,104.616,-134.597,180.472,135.427
142,0,91.0704,-417.358,1463.66,51.2309,-124.188,1369.12,199.418,-115.172,1330.86,-96.9561,-133.204,1407.38,295.651,-33.5584,1188.58,-278.47,-126.549,1180.91,444.394,0.939336,1076.77,-385.476,-180.339,1016.97,90.5687,47.3116,899.088,-87.5939,-46.6907,912.289,213.74,-29.0431,473.669,-73.4552,-11.8163,551.126,420.391,-92.8254,107.432,-138.092,193.91,135.665
143,0,91.3708,-373.66,1469.44,50.5209,-94.3766,1374.03,199.147,-85.589,1334.4,-98.105,-103.164,1413.65,297.914,-32.9856,1194.71,-280.352,-105.958,1181.53,455.176,-13.5392,1103.01,-384.968,-168.029,1018.46,90.6014,46.7593,899.11,-87.6107,-46.137,912.245,213.599,-32.7773,477.918,-73.2231,-11.97,551.2,420.348,-102.351,107.392,-139.845,183.932,133.863
144,0,91.19,-336.47,1475.43,48.7608,-72.2224,1378.63,197.472,-60.0909,1339.05,-99.9502,-84.3539,1418.21,299.932,-34.2732,1207.65,-283.434,-103.808,1183.91,467.413,-24.1439,1141.43,-386.732,-171.997,1026.03,90.6034,46.4038,899.136,-87.5973,-45.7545,912.204,213.33,-37.7882,481.093,-73.0412,-12.9861,550.948,420.633,-110.593,107.136,-142.733,174.814,133.286
145,0,90.692,-346.817,1475.73,46.6461,-78.867,1380.06,196.166,-65.5526,1341.12,-102.874,-92.1813,1419.01,301.846,-36.1659,1210.13,-285.98,-110.323,1183.9,468.877,-76.8737,1149.14,-387.216,-181.201,1029.56,90.6178,46.1693,899.216,-87.605,-45.5038,912.125,211.76,-38.5981,482.286,-72.8308,-12.9881,550.097,420.919,-106.771,105.593,-146.938,175.473,132.615
146,0,85.9405,-306.333,1484.4,43.8985,-35.4911,1386.3,195.604,-24.5635,1346.15,-107.807,-46.4187,1426.46,304.584,-35.627,1224.44,-297.994,-79.0978,1187.09,463.156,-104.762,1179.11,-393.213,-164.92,1033.93,90.6384,45.7452,899.312,-87.6118,-44.9736,912.002,211.771,-44.7114,483.506,-73.456,-13.0307,550.045,420.754,-107.225,102.184,-151.596,161.095,129.474
147,0,85.6316,-309.188,1487.31,43.6725,-40.1654,1388.9,195.715,-29.4249,1349.06,-108.37,-50.9059,1428.74,303.274,-40.135,1230.33,-298.915,-84.0285,1190.54,458.364,-138.499,1182.19,-393.926,-165.824,1038.44,90.6472,45.1262,899.444,-87.6099,-44.313,911.861,211.653,-49.7558,485.125,-72.2537,-11.642,550.048,422.222,-115.678,101.929,-150.709,148.315,128.315
148,0,82.339,-259.398,1497.62,42.3254,-11.266,1393.13,194.206,-7.51304,1354.11,-109.555,-15.0189,1432.15,303.046,-40.6099,1248.96,-302.473,-54.5501,1194.35,451.935,-164.083,1222.36,-398.547,-143.221,1044.2,90.6566,43.5896,899.654,-87.6114,-42.6965,911.642,212.123,-56.415,486.481,-72.9994,-11.4654,549.648,422.391,-111.584,100.649,-153.212,146.503,125.299
149,0,79.1337,-275.572,1500.04,41.9473,-19.9988,1394.12,194.173,-14.1299,1354.11,-110.278,-25.8677,1434.13,304.661,-45.4657,1258.15,-303.482,-64.5099,1197.7,453.158,-167.011,1235.2,-400.891,-149.185,1046.34,90.6846,42.91,899.718,-87.6221,-41.9607,911.596,212.139,-59.9418,488.009,-72.8773,-10.4288,549.754,422.517,-126.744,100.132,-152.327,142.306,124.455
150,0,77.3827,-242.296,1500.94,40.2526,3.32904,1395.63,192.676,11.9032,1355.41,-112.17,-5.2451,1435.85,304.003,-46.22,1259.81,-303.086,-56.9306,1198.2,449.596,-173.944,1253.19,-400.245,-150.377,1050.66,90.6919,42.7841,899.8,-87.6224,-41.8002,911.527,211.767,-58.4583,488.16,-72.7713,-12.8516,550.221,421.612,-121.616,98.1909,-152.456,129.77,124.878
151,0,75.6032,-275.801,1499.24,38.7708,-17.1682,1394.99,191.774,-7.98655,1354.89,-114.232,-26.3499,1435.09,308.486,-46.6687,1262.51,-305.028,-67.5421,1198.03,455.625,-161.842,1261.78,-399.572,-153.55,1049.82,90.6962,42.7269,899.823,-87.6175,-41.7349,911.505,210.691,-56.4156,489.786,-72.9241,-13.1794,551.537,420.773,-116.974,98.1361,-152.234,121.223,125.072
152,0,72.6828,-266.089,1501.6,36.962,-13.4045,1396.65,189.214,-3.6433,1357.88,-115.29,-23.1658,1435.41,308.471,-47.3237,1287.87,-305.113,-68.7084,1199.45,453.356,-171.14,1308.64,-400.062,-154.205,1052,90.69,42.5911,899.94,-87.5988,-41.5839,911.422,210.523,-59.1218,492.889,-73.3573,-12.9425,552.316,420.016,-123.31,98.0961,-152.123,126.01,125.397
153,0,71.3747,-262.375,1503.77,35.2598,-12.1196,1397.21,187.43,-2.98264,1358.73,-116.91,-21.2565,1435.69,309.151,-48.4369,1290.92,-306.848,-67.6747,1201.28,452.776,-164.87,1313.48,-400.829,-153.319,1054.36,90.6946,42.4521,900.062,-87.5967,-41.4346,911.331,210.501,-60.0807,494.985,-73.3671,-12.9604,553.422,418.957,-122.628,98.089,-152.352,124.887,125.547
154,0,69.268,-244.534,1506.42,34.6627,-2.53496,1399.02,186.589,5.13171,1361.74,-117.263,-10.2016,1436.29,313.265,-48.0202,1313.11,-307.606,-63.5941,1204.39,456.01,-157.943,1357.33,-400.492,-151.428,1058.13,90.7,42.3943,900.157,-87.5985,-41.3752,911.267,210.529,-59.3016,495.975,-73.5718,-14.5356,554.373,418.51,-117.643,97.226,-152.124,121.589,126.846
155,0,67.1078,-246.935,1510.44,34.3027,-7.55933,1399.5,186.505,-0.637023,1363.33,-117.899,-14.4816,1435.66,320.415,-51.1185,1321.86,-308.128,-65.0777,1205.6,459.366,-165.459,1359.94,-400.125,-149.826,1060.24,90.7847,42.3284,900.414,-87.6626,-41.3135,911.087,210.312,-58.1322,496.319,-71.0915,-18.4772,554.96,418.309,-108.52,97.3823,-151.835,99.4203,128.941
156,0,67.1199,-258.91,1513.53,34.0866,-14.6863,1401.29,185.608,-7.24981,1366.43,-117.434,-22.1228,1436.15,319.813,-69.0847,1334.12,-308.183,-68.4514,1210,457.617,-196.305,1369.15,-399.658,-151.787,1065.74,90.8028,42.3185,900.437,-87.6798,-41.3033,911.066,210.291,-58.1119,496.478,-70.2972,-18.4304,556.993,418.101,-107.968,92.6307,-150.919,104.404,129.001
157,0,67.6349,-266.839,1513.07,34.1215,-19.1771,1402.17,185.637,-11.0543,1368.38,-117.394,-27.2999,1435.95,318.312,-71.4296,1338.41,-308.733,-70.868,1212.31,455.811,-187.892,1372.43,-399.311,-150.055,1067.35,90.8895,42.2951,900.456,-87.7557,-41.2871,911.044,210.312,-62.3855,498.586,-70.232,-18.4128,558.599,417.598,-119.705,90.1084,-150.693,109.352,128.441
158,0,66.2733,-262.801,1518.04,33.8019,-20.4864,1404.22,184.702,-13.9075,1372.78,-117.099,-27.0654,1435.65,310.978,-115.826,1347.42,-308.12,-71.9217,1214.61,435.386,-265.89,1377.15,-399.001,-151.398,1075.94,90.9202,41.6603,900.515,-87.7745,-40.7013,911.029,210.084,-65.4016,498.502,-69.9042,-16.3628,559.264,416.795,-117.812,89.1397,-150.444,111.016,127.924
159,0,64.3063,-262.753,1520.51,33.0906,-21.0627,1404.57,182.986,-16.156,1373.8,-116.805,-25.9695,1435.33,295.264,-140.898,1347.84,-308.433,-66.1215,1219.02,416.458,-290.885,1373.14,-399.608,-138.098,1082.7,90.993,40.4513,900.607,-87.8308,-39.6093,911.005,209.966,-65.8534,498.185,-69.4214,-13.0056,560.229,414.266,-116.437,82.8019,-150.26,113.456,125.474
160,0,62.0745,-264.289,1521.13,31.0472,-22.8784,1405,180.084,-17.1636,1374.94,-117.99,-28.5932,1435.06,280.714,-147.155,1354.32,-311.961,-74.0102,1219.2,406.855,-293.2,1387.98,-399.367,-152.697,1083.81,91.0718,40.2159,900.675,-87.9026,-39.3953,910.99,209.947,-66.1147,497.929,-68.9143,-10.7965,560.668,413.233,-115.507,81.7934,-150.674,114.782,124.681
161,0,56.731,-261.025,1522.71,29.6847,-22.2858,1406.17,178.55,-18.3975,1377.11,-119.18,-26.1741,1435.23,276.819,-151.723,1360.07,-312.428,-72.6321,1220.63,395.026,-309.241,1387.32,-399.396,-153.339,1088.41,91.1396,39.6103,900.796,-87.9696,-38.7785,910.948,209.949,-65.3578,497.698,-67.5218,-1.64055,561.628,408.924,-106.089,81.6654,-150.22,134.758,124.835
162,0,54.4944,-258.098,1523.86,29.2177,-22.1897,1407.24,178.199,-20.0271,1379.13,-119.763,-24.3523,1435.36,277.796,-150.1,1368.2,-311.844,-73.4188,1220.16,394.043,-304.398,1402.86,-399.235,-158.201,1088.63,91.1503,39.2316,900.894,-87.9779,-38.3902,910.909,209.389,-66.1676,497.832,-65.5777,1.3462,561.869,409.192,-105.598,82.1194,-148.941,144.24,124.947
163,0,54.144,-249.134,1525.16,28.9398,-18.9683,1407.9,177.981,-20.3379,1380.33,-120.101,-17.5988,1435.47,276.314,-148.506,1372.57,-311.353,-68.7723,1220.8,391.398,-303.094,1407.48,-399.312,-155.805,1089.49,91.2403,38.5953,900.913,-88.0664,-37.7493,910.89,209.669,-68.5043,497.785,-65.3074,2.12369,562.622,408.008,-105.618,81.1545,-148.828,149.447,125.015
164,0,52.9614,-251.927,1526.67,26.9957,-19.1884,1410.24,175.849,-18.8753,1385.13,-121.857,-19.5015,1435.35,268.433,-124.889,1399.91,-313.449,-72.0503,1222.59,392.615,-236.682,1437.61,-401.481,-165.432,1092,91.2988,38.5173,900.936,-88.1223,-37.6423,910.881,209.433,-67.9333,497.712,-66.1545,1.52118,562.805,406.963,-104.483,81.5703,-156.173,149.126,125.503
165,0,52.7898,-254.442,1526.17,25.5432,-15.9692,1411.79,176.1,-16.1473,1388.29,-125.014,-15.7912,1435.29,269.812,33.4345,1442.21,-316.21,-65.6386,1233.08,412.742,147.008,1495.82,-404.933,-144.198,1096.42,91.9052,37.6009,901.137,-88.8767,-36.4956,910.777,208.395,-67.4258,499.411,-67.6569,9.63559,564.568,401.838,-104.428,82.6766,-155.805,178.664,125.614
166,0,52.6514,-269.406,1525.53,24.5543,-17.1693,1412.09,175.896,-16.5993,1390.12,-126.788,-17.7392,1434.07,271.029,60.2036,1448.54,-317.628,-66.7072,1236.99,421.486,191.513,1503.16,-406.378,-143.533,1097.64,92.3502,36.8741,901.309,-89.4518,-35.6124,910.692,206.395,-65.3001,500.255,-70.6355,15.3164,564.981,396.105,-95.6289,82.9255,-156.14,186.975,124.819
167,0,51.001,-278.704,1526.72,24.3964,-18.7589,1413.14,176.044,-18.3899,1392.71,-127.251,-19.1278,1433.57,271.278,42.3886,1456.43,-317.733,-61.487,1237.46,427.468,135.751,1512.94,-406.71,-126.745,1097.84,92.7957,36.1403,901.493,-89.9583,-34.82,910.605,206.227,-60.304,500.192,-71.0357,18.5843,565.518,395.183,-82.207,83.0836,-155.933,192.555,124.905
168,0,49.6814,-282.413,1526.53,24.261,-19.5814,1413.22,176.184,-19.1442,1393.21,-127.662,-20.0186,1433.24,271.702,30.9018,1456.28,-317.964,-61.5336,1236.42,433.179,99.5916,1514.03,-406.469,-128.401,1096.11,93.283,35.8375,901.551,-90.5048,-34.4615,910.586,206.268,-59.3722,501.091,-72.4516,21.7288,566.059,395.117,-83.2081,83.3265,-155.769,201.928,124.944
169,0,49.1421,-253.218,1529.08,24.4504,-19.7543,1411.98,175.721,-19.6986,1392.88,-126.821,-19.8101,1431.08,268.814,-132.993,1445.73,-309.876,-76.6332,1236.24,408.957,-274.289,1492.19,-403.143,-160.05,1097.75,93.2091,35.1987,901.559,-90.3929,-33.9547,910.621,206.238,-68.4169,501.202,-72.4258,23.0879,565.989,395.698,-109,84.3002,-155.668,196.125,125.018
170,0,48.3371,-242.446,1530.76,24.9063,-20.6245,1410.96,175.443,-21.1884,1392.03,-125.631,-20.0606,1429.89,267.373,-175.307,1440.45,-305.685,-86.9781,1235.73,396.085,-328.534,1485.93,-400.346,-178.976,1099.09,93.1556,34.5637,901.574,-90.3186,-33.4194,910.637,206.234,-70.2081,501.098,-72.4487,23.18,565.612,395.801,-111.477,84.4446,-155.452,191.463,125.082
171,0,46.6671,-237.341,1536.14,25.0682,-19.5967,1412.93,175.535,-21.519,1395.46,-125.399,-17.6744,1430.4,268.381,-161.852,1455.08,-304.101,-87.9286,1235.27,396.971,-296.581,1511.54,-399.574,-184.718,1105.57,93.1421,34.3192,901.59,-90.2967,-33.2096,910.641,206.622,-69.7845,501.015,-73.1529,22.4136,565.572,395.946,-107.578,84.1166,-155.271,188.557,125.138
172,0,43.1183,-238.527,1541.4,25.2005,-19.2272,1413.42,175.598,-21.8377,1395.92,-125.197,-16.6168,1430.92,276.042,-140.652,1470.66,-304.28,-88.8132,1235.56,397.221,-243.721,1531.17,-399.417,-190.429,1106.96,93.1435,34.0864,901.595,-90.2963,-32.9767,910.671,206.76,-64.7438,500.955,-73.221,21.3797,565.522,396.441,-98.0621,84.2492,-155.041,187.606,125.913
173,0,36.4016,-227.005,1543.63,25.1594,-17.1379,1413.42,174.867,-23.3673,1395.78,-124.548,-10.9086,1431.06,272.463,-172.558,1470.37,-304.203,-88.5107,1236.91,392.045,-305.351,1530.25,-399.435,-189.589,1113.21,93.1,33.0247,901.608,-90.2495,-31.9843,910.672,206.875,-64.5911,500.836,-73.2144,23.6279,564.895,396.709,-98.0027,83.8529,-154.71,185.589,125.688
174,0,33.3894,-221.004,1543.12,25.6798,-15.3946,1413.02,174.309,-23.9796,1395.12,-122.949,-6.80955,1430.92,268.177,-184.058,1465.53,-303.646,-88.3766,1236.51,388.076,-321.248,1525.32,-398.947,-190.102,1114.91,93.0083,32.0723,901.61,-90.1526,-31.117,910.713,206.886,-65.9976,500.31,-73.2094,23.3356,563.875,396.639,-102.19,82.1409,-154.335,182.794,125.145
175,0,33.9741,-223.608,1542.92,25.5905,-16.2562,1412.99,174.049,-24.8926,1395.21,-122.868,-7.6197,1430.77,266.814,-177.387,1472.45,-303.992,-102.82,1236.39,388.777,-305.19,1540.72,-397.433,-219.725,1116.41,93.0045,32.0317,901.621,-90.1503,-31.0782,910.721,207.185,-65.6958,500.044,-73.1923,23.1383,563.477,394.05,-104.472,81.8933,-154.265,181.623,124.708
176,0,34.3185,-224.314,1542.55,26.0406,-17.695,1412.94,174.007,-26.7246,1395.4,-121.926,-8.66546,1430.48,264.593,-183.632,1473.04,-303.928,-107.778,1236.23,387.794,-316.83,1539.5,-395.353,-227.158,1118.43,92.9507,31.8791,901.632,-90.1015,-30.932,910.735,207.285,-65.5417,499.718,-72.6566,22.5704,562.827,394.129,-104.362,81.1388,-154.164,177.742,124.725
177,0,32.3429,-225.488,1542.26,25.4191,-19.7355,1412.54,172.758,-29.9434,1395.1,-121.919,-9.52745,1429.98,264.74,-177.131,1479.97,-304.583,-115.016,1235.93,388.595,-295.655,1560.7,-394.639,-244.88,1126.03,92.9401,31.5488,901.643,-90.0963,-30.5544,910.737,206.874,-65.4393,499.675,-74.3831,22.189,562.915,386.745,-101.94,80.951,-154.083,174.66,125.083
178,0,31.4002,-223.985,1544.7,24.9266,-20.4097,1414.12,172.177,-30.8136,1397.51,-122.324,-10.0058,1430.74,265.32,-177.338,1482.51,-306.968,-114.351,1237.09,388.459,-302.298,1558.74,-394.8,-241.933,1134.48,92.9385,31.456,901.737,-90.0945,-30.447,910.693,207.082,-57.5978,499.665,-75.2195,21.8054,562.888,386.531,-79.0612,80.9467,-154.236,167.596,125.792
179,0,29.8327,-212.123,1544.7,24.4628,-14.6091,1413.82,170.719,-30.8798,1397.2,-121.794,1.66158,1430.44,261.349,-182.974,1479.12,-307.583,-100.225,1236.94,385.422,-314.109,1567.38,-393.941,-239.84,1139.15,92.7881,29.9826,901.756,-89.9593,-29.0004,910.689,207.04,-59.1808,499.534,-75.38,21.491,562.874,384.802,-79.5479,80.7335,-154.225,167.483,125.613
180,0,27.2073,-205.138,1546.86,24.2708,-9.38855,1414.7,170.286,-30.1938,1397.64,-121.744,11.4167,1431.76,261.847,-174.425,1483.25,-307.797,-85.4696,1238.22,386.354,-294.566,1575.78,-394.118,-230.615,1143.17,92.7602,29.0827,901.767,-89.9323,-28.0672,910.686,207.058,-58.4081,499.494,-75.97,19.5636,563.075,382.349,-65.8861,80.7903,-154.164,159.762,127.556
181,0,27.0692,-206.267,1546.3,23.5081,-9.88271,1414.72,168.764,-30.2038,1397.89,-121.748,10.4384,1431.54,261.567,-172.374,1488.75,-308.262,-85.4927,1238.13,386.763,-288.866,1586.58,-394.123,-225.265,1142.44,92.6908,28.488,901.771,-89.8503,-27.5022,910.709,206.16,-59.021,499.272,-78.0919,18.3824,563.064,379.417,-67.5802,80.7906,-155.956,154.248,127.881
182,0,27.7407,-200.389,1547.5,23.347,-6.53199,1415.82,168.543,-28.5552,1398.89,-121.849,15.4912,1432.75,261.686,-168.814,1489.65,-308.826,-74.6509,1238.92,387.355,-280.886,1594.65,-394.154,-212.458,1144.72,92.6873,28.0011,901.793,-89.8456,-27.0077,910.7,206.123,-58.8278,500.061,-78.2308,15.9102,563.366,375.802,-68.2979,82.0695,-155.882,152.119,129.154
183,0,28.1814,-188.285,1547.82,22.7585,-1.16884,1416.39,167.358,-21.6438,1400.05,-121.841,19.3061,1432.73,262.034,-162.302,1495.42,-309.012,-74.7256,1238.81,387.119,-270.089,1606.58,-393.969,-211.79,1146.83,92.6094,27.9191,901.793,-89.7718,-26.9272,910.716,206.105,-58.8191,499.859,-78.748,9.34292,563.611,374.194,-66.4124,80.9931,-157.789,143.929,130.165
184,0,27.1593,-184.458,1548.53,22.1467,6.99698,1417.39,166.966,-12.1469,1400.89,-122.672,26.1409,1433.88,265.869,-136.509,1500.41,-309.825,-66.6576,1240.07,387.261,-235.068,1612.1,-393.979,-205.504,1149.47,92.6064,27.9063,901.801,-89.7702,-26.8927,910.713,206.115,-55.183,499.931,-78.8319,7.91028,564.286,373.393,-65.2177,82.8227,-157.649,141.392,135.972
185,0,26.5609,-181.752,1548.56,22.549,8.19863,1417.42,166.7,-12.9124,1400.96,-121.602,29.3097,1433.87,264.552,-145.365,1499.13,-308.388,-61.3712,1239.96,383.335,-244.359,1612.05,-394.011,-189.046,1151.2,92.5814,27.1897,901.801,-89.7374,-26.248,910.734,206.063,-55.7846,499.095,-78.8094,4.08502,564.122,373.432,-63.3714,82.4125,-157.629,129.692,135.205
186,0,24.2599,-171.988,1550.32,22.2877,15.3183,1419.13,165.932,-9.45655,1403.01,-121.357,40.0932,1435.25,265.292,-137.25,1507.45,-308.165,-46.7044,1244.2,383.894,-232.337,1622.37,-394.253,-170.454,1155.8,92.5302,26.7506,901.812,-89.6835,-25.7527,910.724,207.402,-55.3856,499.058,-79.8582,1.49113,564.269,374.015,-58.9323,82.4059,-159.453,119.89,135.122
187,0,22.9088,-169.794,1549.99,23.151,18.3386,1419.11,165.838,-9.28158,1403.01,-119.536,45.9588,1435.22,265.222,-140.321,1508.92,-305.14,-41.2938,1244.32,379.766,-236.411,1625.55,-394.469,-163.308,1157.17,92.5078,26.0942,901.763,-89.6595,-25.1141,910.823,207.221,-56.0177,498.665,-79.8673,-0.256285,564.225,370.392,-60.1967,81.5805,-159.737,117.887,135.02
188,0,21.6998,-163.94,1552.99,23.1408,19.4478,1420.04,165.813,-8.15064,1404.68,-119.531,47.0462,1435.4,268.803,-137.908,1517.85,-305.168,-43.4105,1245.02,380.574,-230.936,1637.08,-394.797,-165.572,1161.91,92.5101,25.9206,901.765,-89.6628,-24.915,910.828,208.551,-56.0061,498.442,-81.3169,-4.65629,564.602,371.037,-53.5356,81.4149,-160.743,111.872,135.237
189,0,21.4867,-168.615,1552.57,23.1664,19.3024,1420.44,165.861,-6.55147,1405.51,-119.528,45.1562,1435.37,270.454,-120.373,1527.11,-305.909,-43.7878,1246.06,379.526,-194.497,1655.45,-394.809,-166.112,1164.14,92.5118,25.939,901.735,-89.6662,-24.9281,910.878,208.531,-55.2861,498.409,-82.2134,-11.3649,565.217,370.654,-50.0745,81.423,-161.091,111.076,137.121
190,0,21.2619,-166.48,1552.26,22.9794,24.354,1420.64,165.89,-1.0211,1405.98,-119.931,49.7292,1435.3,273.768,-72.7622,1542.12,-307.091,-42.7591,1247.01,380.091,-102.609,1679.91,-395.173,-166.475,1170.29,92.5945,25.9976,901.694,-89.7761,-24.9543,910.935,208.017,-49.0741,498.347,-82.8234,-18.1469,565.859,363.958,-38.9415,81.2756,-164.556,85.4251,137.929
191,0,21.0844,-169.283,1552.57,22.833,23.7729,1421.86,165.928,-1.83263,1408.35,-120.263,49.3784,1435.37,278.372,-59.6288,1555.3,-307.105,-43.8099,1250.04,380.269,-79.0492,1696.02,-395.439,-168.702,1179.98,92.6137,25.9866,901.697,-89.805,-24.9055,910.934,207.55,-46.2023,498.508,-83.1099,-19.9309,566.294,361.234,-34.8126,81.417,-166.079,84.8865,138.878
192,0,21.2515,-169.598,1552.47,23.1301,27.9983,1421.84,166.579,2.849,1408.4,-120.318,53.1476,1435.29,280.784,-46.3317,1555.42,-306.66,-42.3834,1250.61,380.396,-64.4974,1702.43,-395.294,-169.191,1184.61,92.6319,25.9978,901.678,-89.8352,-24.9082,910.946,206.988,-45.6815,498.755,-83.963,-20.3205,566.31,360.708,-37.9146,81.9188,-167.767,86.3711,139.717
193,0,22.0019,-165.962,1552.75,23.5408,28.322,1422.59,167.369,1.83485,1409.91,-120.287,54.8092,1435.27,282.24,-55.7965,1557.99,-305.866,-43.1213,1250.27,380.287,-81.8152,1704.01,-394.714,-173.732,1187.74,92.726,25.7625,901.675,-89.948,-24.6004,910.947,207.009,-45.6456,499.001,-84.1688,-19.9342,567.416,357.562,-31.5771,82.7373,-169.119,88.1629,140.393
194,0,22.1959,-167.574,1552.57,23.633,27.2121,1422.33,167.545,1.4455,1409.93,-120.279,52.9787,1434.72,282.659,-55.9488,1559.74,-304.886,-43.9808,1249.37,379.416,-70.2841,1713.15,-389.959,-176.337,1186.58,92.7414,25.7148,901.653,-89.9766,-24.5256,910.956,206.823,-44.7049,498.865,-84.8358,-19.0675,567.911,357.645,-34.2409,82.7409,-168.986,90.2374,141.423
195,0,21.7732,-162.737,1554.84,23.8297,27.6717,1423.43,167.618,0.980819,1412.16,-119.959,54.3627,1434.7,282.624,-62.9522,1565.63,-303.126,-44.946,1249.13,377.533,-86.0093,1719.18,-389.594,-188.871,1187.43,92.685,25.4259,901.629,-89.9315,-24.1835,910.972,204.494,-44.9545,499.11,-84.8053,-19.4236,568.475,354.641,-36.7712,86.0391,-171.529,83.0517,141.792
196,0,21.6438,-151.29,1557.47,24.571,28.3856,1424.65,167.637,-0.808122,1414.62,-118.495,57.5792,1434.69,282.489,-66.2335,1575.57,-290.941,-47.0016,1248.03,375.468,-80.6111,1736.2,-385.47,-216.893,1186.86,92.6468,24.7863,901.603,-89.9122,-23.4075,910.977,204.102,-45.1306,499.1,-84.5344,-18.8886,568.509,351.091,-38.0436,86.0017,-172.24,86.6121,141.731
197,0,18.3905,-152.174,1557.31,24.5321,33.0436,1425.09,167.618,-0.447144,1415.52,-118.554,66.5343,1434.67,282.439,-69.4625,1572.69,-291.48,-46.2243,1246.83,371.934,-95.5552,1727.95,-385.72,-217.511,1189.15,92.6104,24.0522,901.603,-89.882,-22.5212,910.968,203.163,-47.3231,499.085,-85.3352,-20.4478,568.601,343.957,-44.1636,87.5827,-173.292,84.1706,142.217
198,0,18.5874,-143.522,1557.83,24.1437,38.4724,1426.58,167.453,7.1974,1418.15,-119.165,69.7474,1435.01,282.347,-41.8533,1585.73,-289.165,-48.7521,1247.31,371.063,-44.4593,1746.3,-385.757,-232.111,1195.59,92.6118,24.2714,901.613,-89.8926,-22.6525,910.939,203.18,-44.8012,498.765,-85.2408,-30.931,568.595,345.374,-35.3786,87.6169,-175.272,67.8426,142.141
199,0,18.7104,-147.066,1556.95,23.8333,39.7632,1427.38,167.42,10.7007,1419.76,-119.753,68.8256,1435,282.26,-29.369,1586.99,-289.487,-49.4744,1247.21,370.103,-29.9839,1747.72,-385.696,-229.119,1199.65,92.5659,24.7006,901.677,-89.8595,-22.9845,910.799,201.131,-43.7489,499.697,-85.2743,-34.2286,568.866,343.373,-35.4198,91.5051,-174.983,69.6404,143.051
200,0,18.9299,-149.719,1554.55,23.7443,40.1738,1427.97,167.37,12.0983,1421.58,-119.881,68.2494,1434.35,281.796,-25.8788,1590.42,-283.469,-51.1868,1246.94,367.692,-27.9627,1752.75,-384.506,-231.092,1204.45,92.5512,24.9218,901.722,-89.8502,-23.1286,910.709,200.331,-43.1863,499.928,-85.3449,-37.9986,569.031,340.76,-34.9787,91.8102,-175.633,65.556,143.47
201,0,11.9297,-143.527,1554.75,23.5539,46.0747,1429.05,166.777,11.8384,1423.24,-119.669,80.3111,1434.87,280.304,-26.571,1587.72,-282.206,-31.726,1248.21,362.183,-40.2007,1748.76,-384.646,-206.904,1208.62,92.5287,23.534,901.723,-89.8241,-21.6546,910.701,198.468,-45.9419,499.754,-85.8697,-37.8539,571.072,332.183,-36.0573,91.6924,-180.308,49.6564,146.039
202,0,12.3778,-145.808,1549.61,23.2419,44.0071,1429.1,166.429,11.0188,1423.38,-119.945,76.9953,1434.82,278.327,-31.7396,1590.03,-279.8,-39.5367,1248.21,356.604,-41.9572,1756.76,-384.157,-220.942,1211.51,92.5128,23.7717,901.735,-89.8106,-21.8287,910.661,197.561,-45.8029,499.753,-86.8917,-41.6479,571.516,329.856,-36.3276,91.804,-181.028,56.0428,146.526
203,0,12.7466,-146.863,1549.53,23.3064,43.781,1429.41,166.427,10.2074,1424.08,-119.815,77.3547,1434.75,278.006,-37.6335,1590.61,-277.004,-36.0946,1248.34,353.115,-55.5976,1755.65,-383.493,-207.753,1211.61,92.529,23.7246,901.735,-89.832,-21.7768,910.653,196.359,-46.1676,499.526,-86.9481,-42.3118,572.776,329.14,-34.0117,91.4256,-183.153,48.4077,147.476
204,0,18.6934,-148.311,1546.28,23.3035,43.7504,1430.3,166.432,12.0937,1425.78,-119.825,75.4072,1434.82,277.409,-21.4616,1593.72,-268.849,-43.3455,1247.68,353.203,-18.6807,1764.87,-364.879,-222.159,1212.21,92.4858,24.2449,901.766,-89.8001,-22.1688,910.574,195.107,-45.7441,499.518,-86.8299,-45.5302,575.449,325.014,-31.9945,91.0786,-182.961,53.6704,149.738
205,0,18.553,-147.192,1546.31,23.481,44.5921,1430.33,166.462,11.6939,1426.08,-119.5,77.4902,1434.57,276.262,-27.0547,1595.01,-261.524,-43.9434,1244.78,351.566,-27.6947,1765.76,-359.576,-229.038,1212.03,92.5078,24.1491,901.774,-89.8364,-22.0143,910.546,194.588,-46.6757,498.645,-86.9231,-48.9088,577.613,321.37,-31.1015,90.3355,-182.672,49.6061,151.228
206,0,16.7716,-148.113,1544.42,25.4667,38.9365,1430.17,166.695,0.525999,1425.86,-115.762,77.347,1434.48,270.004,-55.2781,1593.11,-258.902,-40.5511,1244.89,341.73,-59.849,1766.86,-361.816,-222.495,1214.38,92.5156,22.826,901.681,-89.847,-20.7025,910.613,193.603,-49.2935,498.034,-87.1923,-47.3507,579.702,319.08,-31.718,89.3565,-183.69,51.9517,154.107
207,0,19.4066,-148.833,1543.71,26.4057,38.5558,1430.25,167.046,-0.822258,1426.02,-114.235,77.934,1434.47,266.805,-51.3059,1596.06,-257.903,-40.395,1246.21,340.648,-44.2066,1772.03,-363.505,-221.54,1223.45,92.4116,21.9401,901.688,-89.7498,-19.6776,910.581,191.85,-51.5187,498.101,-88.1279,-46.4596,582.267,313.011,-32.0407,89.7135,-192.218,50.2945,159.658
208,0,20.184,-172.855,1543.1,26.5396,26.6727,1430.55,167.161,-16.2714,1427.44,-114.082,69.6169,1433.65,264.994,-54.4002,1606.53,-257.441,-50.9015,1246.93,337.458,-50.1128,1787.6,-367.171,-232.177,1229.18,92.4119,21.8799,901.778,-89.7565,-19.5493,910.47,188.764,-51.5114,498.6,-88.727,-45.5056,583.247,303.774,-24.217,89.0722,-199.233,42.8985,159.211
209,0,20.2641,-173.68,1543.17,26.3056,26.4015,1430.79,166.724,-16.5252,1427.97,-114.113,69.3282,1433.61,261.442,-54.5163,1605.43,-258.202,-47.8771,1247.76,330.763,-54.8157,1786.18,-368.186,-217.851,1234.32,92.382,21.8342,901.802,-89.7271,-19.5016,910.422,185.564,-51.5774,499.28,-91.0768,-45.0417,585.218,299.786,-19.5439,89.0685,-202.426,46.2538,162.145
210,0,17.2689,-169.588,1545.06,27.4181,27.6446,1430.78,167.017,-16.9697,1427.81,-112.181,72.2588,1433.75,257.698,-65.3238,1607.4,-254.382,-44.7441,1252.19,322.455,-62.3749,1788.78,-367.323,-214.841,1240.58,92.3992,21.0034,901.71,-89.7547,-18.7189,910.496,185.347,-54.9255,499.336,-92.1548,-45.2057,587.251,301.546,-21.4124,89.0307,-204.468,46.9469,167.196
211,0,17.4733,-174.194,1545.99,27.4823,22.1577,1431.14,167.231,-20.9111,1428.57,-112.266,65.2265,1433.71,256.743,-68.4426,1611.14,-255.909,-66.5695,1252.4,321.609,-63.6832,1794.71,-369.179,-254.271,1239.99,92.4117,21.166,901.724,-89.783,-18.8463,910.481,185.231,-48.7025,500.136,-93.591,-47.1502,587.819,298.976,-13.7104,89.0035,-204.807,35.1541,167.433
212,0,15.7431,-169.921,1546.73,27.8527,25.4532,1431.91,167.294,-20.5654,1429.28,-111.589,71.4718,1434.53,254.684,-68.4975,1616.98,-255.6,-58.1258,1254.09,319.492,-63.0216,1803.16,-369.614,-252.198,1242.04,92.4066,20.4401,901.667,-89.7814,-18.0938,910.519,184.339,-49.8441,500.213,-95.1208,-47.315,590.203,296.692,-15.6843,88.9372,-204.952,38.1162,169.909
213,0,18.313,-172.295,1546.53,27.6008,18.9172,1432.38,167.146,-21.2482,1430.6,-111.945,59.0827,1434.17,251.272,-71.8905,1615.94,-256.284,-98.409,1254.26,310.184,-66.6524,1801.71,-369.747,-313.195,1242.76,92.3546,20.8628,901.68,-89.7644,-18.433,910.514,184.425,-47.7884,500.376,-97.371,-49.0034,590.493,295.15,-12.3013,88.8481,-205.681,40.0869,171.822
214,0,18.3366,-173.386,1547.03,27.0791,17.7857,1432.31,166.827,-22.0807,1430.46,-112.668,57.652,1434.16,247.045,-73.4359,1614.26,-256.907,-99.473,1254.48,303.845,-67.6171,1801.5,-366.091,-312.983,1244.86,92.3639,20.9242,901.705,-89.798,-18.4648,910.49,184.622,-46.4156,500.376,-101.201,-52.151,590.672,294.857,-2.17496,87.9546,-206.939,41.6895,171.895
215,0,11.835,-173.273,1549.11,27.9543,15.3825,1432.42,166.864,-29.6995,1430.33,-110.956,60.4644,1434.51,242.503,-106.413,1612.74,-256.582,-78.3993,1257.92,296.824,-122.57,1798.4,-366.59,-279.961,1250.67,92.4101,19.5273,901.538,-89.8603,-17.2127,910.656,184.795,-51.6748,501.246,-101.997,-50.2833,591.891,292.158,-6.11128,88.606,-206.739,45.7271,175.49
216,0,11.8723,-181.77,1549.52,27.7153,3.08408,1432.63,166.542,-42.1289,1430.82,-111.112,48.2971,1434.45,237.968,-115.401,1614.2,-261.053,-100.419,1257.73,283.638,-126.982,1805.36,-374.027,-313.807,1252.2,92.3992,19.5535,901.516,-89.8615,-17.2372,910.703,184.418,-48.3042,501.413,-103.006,-49.962,592.697,285.613,-4.37205,86.6511,-210.917,46.6464,175.407
217,0,12.1238,-172.401,1552.17,27.7022,5.38215,1433.08,166.586,-39.9478,1431.55,-111.181,50.7121,1434.6,239.238,-110.307,1614.38,-261.402,-97.886,1258,285.079,-124.163,1806,-375.214,-300.955,1253.95,92.4026,19.5227,901.497,-89.8706,-17.2198,910.738,184.961,-55.3993,501.694,-104.196,-53.1817,594.607,282.781,-11.6241,86.6521,-210.699,37.0904,179.058
218,0,6.99108,-188.885,1551.74,27.7924,0.626488,1433.25,166.574,-48.292,1431.44,-110.989,49.545,1435.06,237.914,-114.558,1618.6,-261.657,-90.724,1264.41,279.03,-126.333,1812.56,-382.022,-278.353,1261.56,92.4045,19.2117,901.441,-89.8803,-16.9167,910.795,184.923,-55.2658,502.218,-107.561,-48.4895,595.625,278.644,-12.5005,86.7265,-214.369,45.1306,180.164
219,0,7.43662,-210.917,1551.17,27.3198,-9.67248,1432.73,166.209,-57.3802,1431.36,-111.569,38.0352,1434.1,233.238,-124.748,1617.93,-265.832,-90.7787,1264.06,270.584,-138.124,1810.88,-382.637,-273.284,1265.81,92.401,19.201,901.451,-89.8823,-16.9153,910.784,184.861,-54.3816,503.155,-108.616,-47.558,597.543,279.741,-13.2154,86.6925,-213.857,46.6481,183.674
220,0,7.80705,-250.323,1549.66,25.8646,-32.7288,1432.19,165.421,-74.6632,1431.33,-113.692,9.20561,1433.04,232.846,-126.862,1619.02,-275.514,-110.477,1264.43,269.407,-136.514,1814.49,-384.966,-288.05,1267.25,92.4379,19.5937,901.648,-89.9716,-17.2383,910.588,185.002,-45.4718,503.15,-110.303,-47.3394,597.426,276.441,10.4049,81.6556,-213.446,47.1335,182.727
221,0,8.11455,-255.859,1547.54,23.413,-35.5051,1431.9,165.009,-77.9234,1431.42,-118.183,6.91318,1432.38,232.049,-122.974,1620.94,-285.648,-114.11,1264.31,267.009,-135.872,1820.52,-388.995,-295.276,1274.61,92.5338,19.6112,901.886,-90.129,-17.255,910.315,184.921,-44.5916,503.202,-111.438,-47.2195,597.53,267.708,23.3931,76.8705,-216.825,50.0944,181.988
222,0,8.5,-246.492,1546.06,22.0841,-30.0126,1431.65,164.842,-71.8308,1431.79,-120.674,11.8056,1431.52,232.135,-121.203,1622.13,-285.469,-114.904,1263.32,262.36,-124.157,1822.97,-388.897,-304.487,1272.58,92.7327,19.8034,901.992,-90.4033,-17.376,910.19,185.355,-44.45,502.872,-112.136,-52.5415,597.4,263.365,29.4293,71.0936,-219.436,50.3283,181.351
223,0,8.51296,-253.54,1545.72,21.2602,-38.4176,1432.37,164.731,-78.4757,1433.41,-122.211,1.64057,1431.32,232.114,-119.239,1625.19,-288.629,-138.878,1265.34,257.804,-123.925,1825.36,-389.48,-345.828,1281.83,93.0015,20.5615,902.094,-90.7981,-17.9591,910.097,186.413,-39.4521,502.265,-112.564,-53.0023,597.23,262.539,44.4698,67.5431,-219.119,47.9711,178.996
224,0,8.6528,-246.385,1546.07,20.5995,-38.6024,1432.63,164.515,-79.9036,1434.02,-123.316,2.69883,1431.24,231.075,-122.943,1627.29,-292.637,-134.581,1267.88,253.283,-125.666,1827.12,-392.232,-332.848,1287.76,93.2488,20.6805,902.115,-91.1027,-18.0587,910.081,186.514,-39.0363,501.394,-114.367,-53.9629,597.861,261.984,44.303,64.9971,-223.368,48.2903,178.722
225,0,8.77015,-262.379,1542.87,19.4346,-44.3988,1431.7,163.856,-84.2945,1434.26,-124.987,-4.50311,1429.14,228.617,-122.646,1628.09,-294.8,-138.734,1267.55,251.001,-123.928,1830.69,-397.948,-333.859,1294.98,93.4019,21.0127,902.337,-91.3175,-18.279,909.853,187.812,-38.7874,501.369,-117.449,-54.7292,597.807,258.762,47.3966,63.7181,-227.676,47.4459,178.433
226,0,8.8858,-257.425,1542.3,17.933,-41.5693,1431.79,163.024,-81.0356,1435.87,-127.159,-2.10307,1427.72,228.288,-122.07,1633.49,-295.017,-133.656,1267.32,250.304,-113.554,1835.03,-403.204,-324.69,1297.5,93.5186,21.4351,902.502,-91.4681,-18.5942,909.67,188.195,-37.7851,501.377,-119.835,-55.9501,598.041,257.822,57.3568,64.4839,-232.876,46.9954,178.268
227,0,7.7243,-287.458,1535.86,16.5433,-58.9278,1430.46,161.101,-98.0816,1435.95,-128.014,-19.774,1424.97,223.822,-126.915,1632.93,-295.507,-155.316,1266.91,243.175,-116.737,1833.44,-406.782,-356.812,1299.16,93.5347,21.5426,902.656,-91.5157,-18.6411,909.527,188.23,-33.7917,500.956,-122.529,-55.8335,598.419,253.944,55.1659,61.538,-237.068,46.8272,178.207
228,0,8.23098,-279.784,1535.85,16.2925,-58.627,1429.67,160.456,-97.6613,1436.16,-127.871,-19.5927,1423.19,222.562,-127.709,1634,-294.838,-152.96,1267.44,243.458,-118.737,1834.96,-407.915,-349.307,1306.1,93.5622,21.6703,902.932,-91.5717,-18.721,909.282,189.786,-34.1275,501.884,-123.82,-55.5303,599.252,254.718,48.7039,62.3242,-236.503,44.101,178.066
229,0,8.34483,-282.893,1535.09,14.9564,-64.3133,1429.09,158.697,-104.468,1436.21,-128.784,-24.1587,1421.97,218.157,-129.489,1635.13,-294.58,-165.655,1267.28,234.342,-118.325,1837.99,-407.412,-373.808,1308.7,93.5971,21.7871,902.984,-91.641,-18.7783,909.23,191.097,-32.1376,500.373,-123.765,-55.6939,600.925,256.561,54.2255,60.7605,-240.407,43.8055,178.445
230,0,8.49829,-281.734,1534.25,13.7552,-62.4701,1428.5,157.648,-103.824,1436.29,-130.137,-21.1167,1420.71,213.122,-129.127,1635.45,-294.212,-160.509,1267.14,227.444,-117.962,1838.86,-407.256,-365.865,1309.4,93.8181,21.6945,903.089,-91.9342,-18.622,909.1,193.577,-33.4065,500.366,-128.613,-55.4677,602.081,257.998,52.2219,61.3694,-247.69,47.1606,180.015
231,0,7.67736,-284.353,1532.56,12.0079,-62.54,1427.5,155.176,-103.265,1436.79,-131.16,-21.8151,1418.21,207.042,-127.756,1637.81,-293.911,-163.547,1264.19,219.605,-114.776,1842.36,-408.324,-372.668,1308.56,93.9283,21.8169,903.249,-92.103,-18.6779,908.944,194.991,-33.518,499.906,-132.674,-55.5532,602.058,258.744,58.1938,61.4393,-248.028,46.3388,178.692
232,0,6.96939,-282.923,1531.31,10.941,-60.2212,1427.32,153.974,-102.342,1437.06,-132.092,-18.1006,1417.58,203.366,-126.738,1639.55,-293.603,-157.42,1263.58,217.718,-112.256,1845.37,-408.973,-362.4,1310.27,94.0239,21.2002,903.381,-92.2424,-17.9175,908.789,195.458,-38.2246,500.516,-140.902,-52.3469,603.277,256.61,55.9409,61.8053,-257.094,50.4847,179.401
233,0,4.96304,-282.301,1531.47,9.75218,-58.2288,1426.61,152.23,-100.452,1437.44,-132.726,-16.0058,1415.78,197.779,-121.564,1644.1,-293.328,-154.752,1263.41,209.888,-94.7992,1851.28,-412.464,-356.016,1321.78,94.0578,20.9462,903.431,-92.3045,-17.5771,908.746,195.61,-45.8779,500.745,-142.993,-53.013,604.665,252.759,54.8597,62.002,-267.727,49.8278,179.858
234,0,4.12065,-277.388,1531.66,9.25551,-56.6808,1426.72,151.514,-98.7129,1438.15,-133.003,-14.6488,1415.29,194.248,-121.175,1648.55,-292.477,-152.042,1262.57,206.643,-93.0159,1857.16,-413.642,-351.949,1320.25,94.1411,20.3838,903.444,-92.4195,-16.9164,908.729,195.729,-50.4618,500.693,-145.329,-52.9254,605.591,248.516,52.5311,62.057,-274.827,56.424,181.67
235,0,1.57228,-275.297,1531.79,8.6754,-50.737,1427.55,150.583,-97.2301,1439.64,-133.232,-4.24402,1415.46,188.798,-119.281,1653.69,-291.715,-137.833,1263.84,200.618,-86.8638,1862.48,-414.616,-342.027,1332.26,94.171,19.4799,903.473,-92.4601,-15.9271,908.69,195.494,-53.2366,500.775,-147.976,-47.8444,606.477,244.533,50.3088,64.009,-273.749,66.2968,188.188
236,0,1.73599,-273.509,1532.06,7.31321,-50.0772,1427.89,149.02,-96.5946,1440.15,-134.394,-3.55984,1415.63,186.877,-114.801,1655.15,-291.565,-139.361,1264.36,199.993,-79.6202,1863.91,-414.108,-351.68,1334.65,94.3244,19.4913,903.584,-92.6532,-15.9332,908.59,197.48,-55.9577,502.813,-148.609,-49.281,607.845,245.472,50.0581,68.5421,-272.016,65.7176,193.931
237,0,-6.32452,-272.032,1532.32,5.71728,-50.042,1427.65,146.604,-96.963,1440.15,-135.17,-3.12108,1415.15,180.642,-117.377,1657,-291.384,-139.089,1264.55,191.08,-81.1157,1868.26,-415.924,-349.366,1337.37,94.4805,19.0442,903.594,-92.8443,-15.4647,908.58,197.52,-60.5322,502.528,-148.081,-48.2409,607.736,245.013,48.7575,68.2958,-275.234,74.2288,193.832
238,0,-7.74429,-270.85,1533.5,5.63184,-50.1146,1427.88,146.345,-97.606,1440.5,-135.081,-2.62326,1415.26,179.023,-119.737,1658.62,-291.291,-138.52,1268.84,190.494,-81.6319,1869.57,-415.77,-347.451,1344.44,94.7689,18.8063,903.603,-93.1832,-15.2172,908.575,198.242,-60.3395,502.286,-149.643,-47.3202,608.172,245.126,52.9653,70.2005,-280.464,78.5022,196.077
239,0,-9.28335,-264.039,1533.65,4.12818,-48.317,1427.86,144.2,-96.7366,1440.48,-135.943,0.102589,1415.24,173.911,-119.578,1659.2,-291.229,-135.072,1269.12,181.353,-83.0215,1870.41,-417.506,-341.209,1349.38,94.9909,18.7505,903.605,-93.427,-15.1599,908.578,198.396,-60.8964,501.245,-150.767,-48.3802,609.077,245.665,52.2216,70.672,-280.619,79.2877,201.154
240,0,-9.09969,-261.689,1534.83,4.1561,-48.2675,1428.18,144.159,-96.8664,1441.03,-135.847,0.33139,1415.34,171.254,-121.583,1661.07,-291.081,-136.216,1272.5,178.448,-83.387,1871.82,-417.101,-344.296,1354.84,95.1115,18.4839,903.605,-93.5843,-14.9001,908.583,200.644,-60.3971,501.24,-152.426,-46.3567,609.602,246.338,58.8244,76.9045,-281.846,99.5379,205.105
241,0,-8.76597,-260.579,1535.99,3.54816,-47.6241,1428.48,143.062,-96.8102,1441.56,-135.966,1.56204,1415.4,168.149,-122.725,1664.33,-290.617,-135.254,1275.21,175.522,-83.845,1875.19,-416.931,-342.275,1359.78,95.1649,17.9313,903.624,-93.6507,-14.3302,908.552,201.126,-60.1422,501.305,-153.371,-45.5962,609.918,246.515,58.1691,80.8004,-282.44,97.8797,207.052
242,0,-9.41315,-252.101,1539.1,3.32989,-45.4082,1429.44,142.561,-96.3237,1443.07,-135.901,5.50726,1415.81,164.309,-123.014,1668.5,-290.204,-131.372,1280.09,172.352,-84.751,1880.06,-417.543,-338.697,1364.72,95.2497,17.1387,903.632,-93.7562,-13.5421,908.545,201.63,-61.2886,502.109,-156.162,-41.4273,610.917,246.462,56.6168,83.0151,-290.053,100.217,209.061
243,0,-11.7135,-250.16,1539.11,3.27686,-43.1408,1429.84,142.45,-95.954,1443.81,-135.897,9.6725,1415.87,163.331,-122.951,1671.67,-289.335,-126.623,1279.74,171.547,-85.2822,1883.88,-417.5,-335.666,1364.07,95.3799,16.3148,903.639,-93.9014,-12.6868,908.536,201.79,-63.3679,502.545,-157.222,-37.9285,611.104,245.484,55.4344,86.0513,-293.085,107.595,211.718
244,0,-11.7675,-247.483,1540.26,3.42174,-43.3966,1430.48,142.598,-96.3625,1444.89,-135.755,9.56921,1416.08,162.559,-124.645,1673.67,-288.204,-127.871,1280.74,168.27,-85.6788,1884.79,-417.33,-337.776,1366.47,95.5019,16.1161,903.572,-94.0514,-12.5108,908.618,201.752,-61.9812,502.54,-159.78,-36.3815,611.947,241.843,68.8057,89.5721,-294.535,117.299,215.486
245,0,-12.3194,-247.589,1540.65,2.99361,-43.5871,1430.61,141.807,-96.2632,1445.13,-135.82,9.08902,1416.1,162.83,-124.502,1674.27,-288.172,-129.428,1280.83,167.653,-83.1428,1886.31,-417.986,-338.676,1364.25,95.507,16.126,903.565,-94.0636,-12.5236,908.616,201.711,-59.2645,502.715,-159.383,-36.6073,612.281,242.177,81.2894,92.1981,-291.864,119.057,215.746
246,0,-17.1153,-243.931,1541.68,3.13202,-42.8894,1431.63,141.729,-96.0467,1447.12,-135.465,10.268,1416.14,159.429,-124.724,1677.96,-288.128,-120.691,1286.39,158.5,-83.3595,1886.81,-419.023,-313.935,1375.63,95.524,16.1177,903.56,-94.0834,-12.5244,908.617,201.558,-60.7816,504.04,-159.016,-38.7261,613.464,240.561,79.1562,92.7823,-289.982,116.814,215.827
247,0,-18.4809,-239.384,1548.96,3.02849,-43.0222,1432.54,141.491,-96.4835,1448.48,-135.434,10.4391,1416.6,156.984,-130.094,1678.99,-288.543,-117.047,1290.59,148.375,-95.3772,1885.66,-420.524,-303.925,1380.84,95.5364,16.0776,903.491,-94.0963,-12.511,908.673,197.774,-60.9072,503.851,-158.507,-38.7989,613.587,234.122,82.1653,92.6758,-288.549,123.047,219.534
248,0,-23.0661,-237.903,1550.46,1.6977,-42.8804,1433.05,139.234,-96.7263,1449.34,-135.838,10.9654,1416.77,149.599,-131.194,1680.66,-292.779,-116.289,1294.66,140.711,-96.5824,1888.73,-427.776,-304.532,1384.82,95.5675,15.9675,903.429,-94.1314,-12.4292,908.745,195.99,-59.1517,503.888,-161.269,-38.7178,614.933,230.686,85.0831,95.4089,-301.288,119.834,221.896
249,0,-25.607,-238.07,1550.3,2.31289,-43.8825,1433.07,139.323,-99.5055,1449.42,-134.697,11.7406,1416.73,149.775,-139.769,1682.17,-292.663,-113.725,1297.15,141.892,-104.648,1891.79,-427.54,-301.547,1387.57,95.6499,15.4874,903.384,-94.2191,-12.0559,908.813,196.01,-59.478,503.911,-160.794,-38.8144,615.763,230.602,82.9638,96.3544,-302.908,118.305,222.533
250,0,-27.9437,-238.151,1552.48,1.33619,-46.1018,1432.59,137.578,-102.025,1449.42,-134.906,9.82184,1415.75,144.885,-141.742,1681.08,-293.817,-114.01,1296.1,130.788,-109.827,1890.32,-432.805,-303.025,1383.6,95.7218,15.574,903.185,-94.2991,-12.1831,909.045,194.489,-58.6325,502.976,-161.763,-41.5257,617.247,225.213,96.1428,96.5658,-303.928,116.311,224.438
251,0,-26.9774,-237.993,1552.24,1.23335,-45.9571,1432.08,137.221,-101.715,1449.66,-134.754,9.80058,1414.49,142.759,-141.023,1682.84,-293.696,-114.24,1295.9,127.239,-109.561,1892.09,-431.97,-304.177,1380.49,95.7828,15.6029,903.087,-94.3651,-12.2281,909.195,194.116,-57.6616,502.588,-162.133,-43.2942,618.182,224.358,95.055,97.3978,-308.328,111.2,226.089
252,0,-29.1683,-237.669,1552.99,0.992358,-46.9969,1432.2,136.721,-104.851,1449.87,-134.737,10.8574,1414.54,137.508,-148.192,1683.69,-293.827,-99.2141,1297.53,117.802,-121.23,1892.11,-433.68,-269.071,1386.35,95.8075,14.8448,903.012,-94.3906,-11.5649,909.281,185.789,-60.1216,501.888,-163.214,-42.0011,618.407,208.849,94.5244,97.0641,-318.982,110.566,225.511
253,0,-36.0475,-235.181,1554.67,0.950553,-46.7598,1433.52,136.598,-108.453,1451.63,-134.697,14.9337,1415.42,134.397,-158.376,1685.64,-293.044,-91.5637,1297.85,115.322,-134.418,1891.81,-433.794,-267.829,1387.95,95.8216,12.473,902.819,-94.4059,-9.31754,909.506,179.424,-60.6823,500.562,-165.342,-28.9579,618.814,202.777,94.9829,96.7426,-326.63,123.832,227.577
254,0,-34.8325,-235.909,1552.01,0.389137,-46.4878,1433.11,135.734,-108.136,1451.57,-134.956,15.16,1414.65,128.617,-156.734,1684.8,-293.049,-92.3261,1296.99,109.557,-133.393,1891.14,-433.682,-271.302,1385.96,95.8342,12.2714,902.748,-94.4196,-9.11531,909.572,177.845,-62.9237,499.989,-168.444,-29.4588,619.017,196.951,92.8539,96.4741,-326.545,126.86,232.214
255,0,-34.3625,-244.85,1550.6,0.413723,-49.307,1432.6,135.549,-113.324,1451.5,-134.721,14.71,1413.7,127.776,-161.532,1684.17,-293.14,-75.0557,1298.11,108.329,-140.787,1890.66,-436.159,-220.805,1390.68,95.8023,11.6169,902.735,-94.3884,-8.57325,909.588,173.836,-64.5194,499.897,-169.268,-25.4275,618.009,191.27,91.2076,96.2155,-328.126,131.81,232.08
256,0,-33.5663,-244.814,1549.07,-0.716016,-48.7925,1432.59,134.111,-112.474,1451.68,-135.543,14.8895,1413.51,120.433,-159.257,1683.74,-293.112,-77.5477,1295.28,102.559,-135.125,1890.25,-435.929,-223.42,1388.65,95.8099,11.6176,902.689,-94.3989,-8.54857,909.622,171.472,-64.48,499.303,-170.009,-26.1761,618.142,180.236,94.2217,95.9848,-327.943,130.312,233.244
257,0,-33.1099,-254.407,1544.65,-0.240386,-53.4207,1432.04,134.649,-117.215,1451.58,-135.13,10.3734,1412.5,123.187,-162.641,1683.31,-291.749,-82.9024,1293.71,106.095,-137.754,1889.77,-435.694,-236.329,1387.34,95.8192,11.3597,902.605,-94.4114,-8.29449,909.719,170.71,-64.3808,497.866,-169.77,-22.4595,618.101,184.569,97.7513,95.9025,-328.98,136.7,235.012
258,0,-38.9476,-263.271,1543.87,-6.96272,-60.0253,1431.49,128.139,-121.608,1451.1,-142.064,1.55794,1411.89,115.189,-167.824,1682.5,-293.488,-103.78,1293.36,92.435,-145.547,1887.81,-435.7,-276.252,1388.31,95.8266,11.3549,902.481,-94.4213,-8.28903,909.834,165.908,-61.4783,496.84,-173.471,-22.7169,619.362,176.628,112.2,95.8632,-331.897,145.582,244.672
259,0,-45.595,-254.227,1544.43,-6.27752,-52.0476,1432.57,128.446,-120.922,1452.82,-141.001,16.8266,1412.32,114.113,-168.141,1683.5,-295.13,-45.6871,1303.16,87.3861,-152.875,1887.8,-439.184,-171.896,1402.17,95.5086,9.48281,902.534,-94.0889,-6.63769,909.798,155.787,-66.353,497.957,-172.929,-8.92938,618.882,157.453,97.2127,96.0726,-330.184,156.957,246.862
260,0,-57.7353,-242.286,1544.59,-8.16625,-43.5754,1432.83,124.622,-117.979,1453.38,-140.955,30.8278,1412.27,111.411,-167.068,1687.26,-302.538,-21.2214,1306.8,79.2322,-149.496,1894.17,-446.037,-137.406,1410.86,95.1297,8.31314,902.516,-93.668,-5.52493,909.813,146.909,-68.0114,497.842,-176.19,-10.9417,618.095,150.873,96.4757,95.9399,-343.205,151.937,245.165
261,0,-54.8415,-235.869,1547.15,-7.93446,-43.8993,1433.11,124.982,-117.217,1453.89,-140.851,29.418,1412.32,107.127,-165.279,1688.2,-302.823,-38.9892,1305.69,68.6771,-146.761,1893.46,-446.215,-182.464,1406.59,95.1261,8.27575,902.485,-93.6723,-5.49274,909.851,146.889,-68.2232,497.855,-175.96,-9.47996,617.931,153.965,95.5954,95.8052,-339.85,162.206,248.317
262,0,-54.7571,-235.406,1547.15,-8.26226,-43.9475,1433.27,124.198,-116.562,1454.18,-140.722,28.6671,1412.36,101.953,-164.421,1691.01,-302.503,-46.6194,1306.9,64.22,-145.486,1895.33,-445.347,-192.206,1408.7,95.0841,8.20322,902.48,-93.6295,-5.42428,909.855,146.36,-68.3092,497.849,-176.374,-9.81915,617.902,158.424,94.9345,95.9298,-340.221,157.377,248.58
263,0,-52.9477,-235.191,1546.42,-9.01669,-43.9644,1433.17,123.328,-115.764,1454.19,-141.361,27.8352,1412.15,98.7856,-163.59,1690.45,-303.823,-53.7211,1306.41,60.2674,-144.002,1894.84,-444.765,-207.606,1406.85,95.0364,8.23469,902.478,-93.5889,-5.45045,909.855,142.642,-68.1692,496.992,-176.032,-11.0846,617.205,152.566,97.976,95.6447,-340.939,161.026,253.758
264,0,-52.9827,-234.851,1546.41,-12.9437,-43.229,1433.38,120.123,-113.925,1454.51,-146.01,27.4669,1412.26,92.0039,-162.915,1690.76,-307.069,-57.1041,1305.9,55.5889,-142.862,1894.3,-447.871,-212.912,1405.98,95.0209,8.19286,902.48,-93.5808,-5.39124,909.852,140.14,-66.954,496.792,-176.94,-11.399,617.163,145.124,102.499,95.6864,-345.656,165.874,259.085
265,0,-60.0463,-234.557,1546.38,-15.3168,-43.0997,1434.11,117.562,-113.407,1455.94,-148.195,27.2074,1412.28,83.2919,-162.347,1692.61,-311.856,-58.4202,1307.98,46.1694,-141.865,1894.15,-451.741,-214.621,1407.63,95.0306,8.21913,902.499,-93.5997,-5.41294,909.835,140.226,-66.8487,496.956,-177.276,-10.4397,616.872,139.438,102.45,95.6467,-348.674,172.513,259.283
266,0,-59.0044,-231.428,1545.89,-16.5362,-40.8149,1434.17,116.554,-109.517,1456.45,-149.627,27.887,1411.9,80.5799,-159.079,1693.58,-314.243,-60.6578,1307.52,42.1943,-137.332,1894.46,-453.334,-219.556,1406.68,95.0314,8.24228,902.517,-93.6038,-5.43213,909.823,140.198,-66.783,497.163,-177.059,-10.9202,616.74,137.126,102.066,95.6339,-351.853,172.79,262.279
267,0,-58.775,-222.365,1546.07,-18.0772,-32.6131,1434.35,115.305,-98.9001,1456.79,-151.459,33.674,1411.92,77.2975,-149.826,1693.48,-314.929,-62.6612,1306.57,40.7935,-126.904,1894.15,-453.303,-226.486,1405.66,95.0336,8.26332,902.522,-93.6095,-5.44868,909.816,140.181,-66.3,497.139,-177.02,-11.0894,616.724,138.048,106.701,96.2171,-353.577,173.659,263.949
268,0,-58.5071,-223.12,1546.07,-20.1162,-31.7321,1434.33,112.907,-97.0608,1457.03,-153.14,33.5965,1411.63,71.0394,-147.156,1693.42,-319.342,-57.5391,1307.08,34.2514,-124.512,1894.03,-460.601,-210.773,1408.23,94.9939,8.28305,902.533,-93.5805,-5.46476,909.806,136.635,-65.7251,498.038,-177.056,-9.75265,616.494,126.786,115.823,97.4327,-358.646,179.001,266.246
269,0,-63.7188,-223.533,1545.73,-21.2611,-33.339,1433.63,111.145,-99.6661,1457,-153.667,32.9881,1410.26,66.2798,-150.771,1693.23,-319.158,-52.7262,1306.72,28.5762,-129.164,1893.85,-461.323,-201.513,1407.24,94.9088,7.72844,902.534,-93.5155,-4.91561,909.807,131.538,-66.4008,498.163,-176.886,-4.76992,615.785,118.915,114.004,97.3608,-364.173,183.027,266.148
270,0,-63.2621,-226.785,1545.7,-25.886,-35.6567,1433.04,107.387,-99.6799,1457.07,-159.159,28.3665,1409,65.213,-149.903,1693.38,-320.569,-68.2894,1302.33,24.9178,-127.238,1893.66,-460.704,-228.868,1406.8,94.8833,8.24648,902.591,-93.5089,-5.39106,909.752,128.923,-57.0778,498.809,-176.752,-5.07459,615.771,122.274,128.251,99.2473,-365.581,184.003,266.825
271,0,-74.9808,-217.991,1546.72,-26.5395,-35.1891,1433.63,105.844,-99.4157,1458.15,-158.923,29.0375,1409.11,61.6968,-150.035,1695.66,-320.141,-67.3337,1304.6,17.5289,-127.612,1894.43,-460.323,-226,1406.83,94.8705,8.44458,902.652,-93.5052,-5.61383,909.708,126.722,-57.1589,499.189,-174.003,-6.13415,615.399,126.032,126.602,99.3345,-363.482,180.966,265.721
272,0,-75.7576,-219.019,1546.77,-29.9435,-35.2183,1433.83,102.338,-99.3225,1458.59,-162.225,28.8859,1409.07,56.7529,-150.087,1696.91,-321.67,-67.5151,1304.51,12.2774,-128.007,1894.49,-461.113,-227.241,1406.3,94.8137,8.44951,902.697,-93.4697,-5.61195,909.662,122.111,-55.3285,499.396,-173.95,-5.84358,615.167,121.458,131.065,100.822,-368.376,183.31,268.088
273,0,-76.6064,-222.642,1544.56,-30.3419,-35.2811,1433.42,101.739,-99.2985,1458.56,-162.423,28.7363,1408.29,54.1904,-149.537,1696.77,-328.933,-48.9492,1313.19,9.28137,-127.947,1895.1,-468.77,-172.193,1417.84,94.7703,8.50145,902.998,-93.4376,-5.68581,909.403,119.481,-55.453,501.586,-173.257,-6.31186,613.998,115.605,134.382,101.839,-367.142,183.245,267.65
274,0,-75.8149,-216.334,1544.86,-29.9704,-30.7623,1434.29,101.978,-94.9756,1460.26,-161.919,33.4509,1408.31,53.5657,-143.606,1698.06,-327.77,-45.6736,1312.97,9.55785,-121.332,1895.22,-467.719,-182.206,1416.29,94.5903,8.51102,903.041,-93.2786,-5.68807,909.358,114.574,-55.3114,502.153,-172.698,-5.37136,613.507,109.339,136.754,103.434,-367.963,185.668,268.718
275,0,-76.074,-221.47,1544.22,-31.0727,-33.3655,1433.89,101.2,-95.0584,1460.09,-163.345,28.3273,1407.7,50.2938,-143.359,1697.98,-327.022,-60.7931,1309.1,5.98803,-119.455,1895.16,-467.143,-211.496,1413.72,94.5885,9.06453,903.046,-93.2882,-6.18091,909.352,115.697,-47.5159,503.224,-172.716,-6.00468,613.999,112.707,154.642,107.158,-375.376,186.966,271.41
276,0,-84.4519,-207.562,1545.26,-32.089,-26.9045,1435.13,98.9518,-94.2358,1461.53,-163.13,40.4269,1408.74,46.1514,-143.396,1698.25,-326.298,-24.7047,1312.84,-0.102015,-120.065,1895.11,-466.972,-147.643,1417.43,94.1746,7.98862,903.18,-92.8563,-5.13658,909.201,106.345,-49.4392,504.381,-171.444,-3.85234,613.716,99.8365,149.119,107.82,-377.081,194.802,272.213
277,0,-93.0239,-196.734,1545.74,-33.5084,-20.4931,1435.85,96.3202,-91.5545,1462.44,-163.337,50.5683,1409.26,38.2442,-139.944,1700.17,-325.744,-10.9104,1314.5,-9.49904,-114.287,1896.55,-468.26,-134.763,1419.1,93.9586,7.27289,903.184,-92.648,-4.4038,909.194,100.355,-49.9742,504.899,-171.43,-1.17314,613.742,97.035,148.478,109.343,-383.064,206.123,274.878
278,0,-91.923,-200.01,1545.62,-34.2967,-21.5838,1435.74,94.6191,-91.7752,1462.57,-163.213,48.6075,1408.91,38.5375,-140.321,1699.97,-325.5,-12.7357,1315.32,-11.9867,-117.331,1896.32,-469.294,-130.257,1419.7,93.57,7.19497,903.302,-92.2642,-4.33751,909.08,102.035,-50.6447,505.806,-171.121,-1.72871,613.684,95.4899,145.418,110.226,-382.651,203.064,275.09
279,0,-99.683,-196.488,1545.55,-35.3971,-18.5611,1435.87,92.9918,-89.6481,1462.83,-163.786,52.5259,1408.92,34.6842,-138.47,1700.28,-327.608,0.183328,1317.91,-17.1258,-115.145,1896.35,-472.193,-106.14,1424.08,93.4512,6.96401,903.441,-92.1499,-4.11939,908.94,96.254,-53.0454,506.525,-171.117,-1.32693,613.145,88.0482,143.261,111.02,-385.38,203.774,275.225
280,0,-98.9693,-197.797,1545.11,-37.291,-17.9415,1435.74,90.944,-86.8506,1462.8,-165.526,50.9676,1408.67,31.4841,-135.433,1700.33,-328.032,-8.68733,1317.57,-21.7786,-112.04,1896.58,-474.986,-129.597,1423.02,93.3263,7.18895,903.511,-92.0409,-4.3362,908.868,98.8026,-53.0346,506.959,-170.197,-3.32381,613.117,92.778,143.435,112.626,-385.362,201.676,277.142
281,0,-104.426,-193.749,1543.28,-40.3851,-12.5224,1435.55,87.7374,-79.1145,1462.95,-168.508,54.0697,1408.14,25.902,-124.724,1700.48,-329.528,-10.9658,1317.21,-24.5637,-99.8128,1896.91,-475.908,-138.562,1421.99,93.2974,7.28376,903.59,-92.0186,-4.40341,908.768,97.3314,-52.8447,508.119,-169.844,-3.59586,613.167,87.6831,155.653,118.191,-388.643,205.498,283.356
282,0,-104.889,-196.833,1538.92,-41.0438,-14.5699,1433.59,86.843,-79.3878,1461.78,-168.931,50.2479,1405.41,25.2013,-125.93,1698.85,-330.114,-19.3287,1315.88,-23.1189,-101.343,1896.44,-475.286,-155.749,1419.54,93.2063,7.47111,903.73,-91.97,-4.54474,908.643,99.3779,-51.889,510.276,-168.103,-5.09934,612.994,89.4903,157.588,121.367,-394.983,197.657,282.402
283,0,-103.727,-184.764,1540.34,-44.6464,-5.5062,1433.78,82.9908,-68.7745,1462.21,-172.284,57.7621,1405.35,15.9419,-113.988,1698.79,-330.386,-10.4338,1315.58,-32.4347,-86.4452,1895.21,-475.005,-136.909,1419.01,93.1116,7.5113,903.873,-91.8829,-4.56767,908.469,96.5797,-51.1045,511.986,-164.146,-5.4761,612.993,84.6889,169.067,124.098,-393.958,198.882,284.407
284,0,-105.505,-187.949,1540.24,-44.2694,-6.65657,1433.91,83.554,-69.8714,1462.43,-172.093,56.5583,1405.38,18.4049,-116.745,1700.43,-332.457,-14.128,1315.91,-35.7646,-88.9824,1900.47,-478.806,-142.979,1418.61,93.0057,7.46339,903.919,-91.8036,-4.52109,908.437,95.2077,-51.2256,511.553,-163.325,-5.60785,612.533,76.1604,164.7,118.408,-396.534,198.087,279.038
285,0,-107.55,-180.79,1539.79,-45.1892,-2.3267,1433.45,82.2561,-66.9514,1462.42,-172.635,62.298,1404.49,10.2916,-114.71,1700.52,-332.903,-5.7018,1314.3,-46.0664,-87.7384,1900.36,-480.156,-131.687,1416.26,92.9494,7.43745,903.927,-91.7488,-4.48423,908.428,91.7679,-51.2965,511.508,-163.092,-6.47904,612.509,71.5544,163.934,118.738,-396.546,198.429,281.106
286,0,-109.701,-183.641,1539.75,-47.7891,-4.21524,1432.76,79.9178,-68.8787,1462.32,-175.496,60.4483,1403.21,10.3453,-116.13,1699.85,-334.008,-8.68681,1312.13,-45.6619,-89.7764,1899.18,-481.289,-136.788,1412.5,92.8399,7.42355,904,-91.6431,-4.46804,908.345,89.211,-50.9817,511.653,-162.903,-7.59111,612.612,67.6357,166.448,120.389,-400.19,198.799,285.07
287,0,-108.611,-185.938,1538.54,-49.4023,-3.03751,1431,78.3288,-65.223,1462.17,-177.133,59.1479,1399.83,5.5098,-109.289,1699.54,-335.431,-12.9083,1305.56,-48.3762,-81.9648,1898.33,-481.732,-151.571,1406.89,92.7725,8.347,904.135,-91.5974,-5.30257,908.215,90.4197,-44.7652,511.583,-160.29,-15.5401,612.598,69.953,171.76,120.104,-398.996,187.044,284.457
288,0,-115.28,-180.648,1538.86,-52.4838,1.20702,1432.31,74.3404,-63.8464,1464.66,-179.308,66.2604,1399.95,1.79513,-111.195,1699.62,-336.03,19.1975,1306.7,-55.8878,-82.3274,1895.86,-483.873,-81.3764,1408.85,92.6296,8.077,904.514,-91.4398,-5.03711,907.826,90.5319,-46.5329,512.319,-160.133,-16.9577,611.68,66.6296,169.07,120.116,-400.282,187.821,284.858
289,0,-113.834,-182.332,1539.05,-51.8661,-0.0647155,1432.47,75.0855,-65.1455,1464.97,-178.818,65.0161,1399.97,2.76306,-112.712,1701.17,-335.768,18.4676,1307.29,-56.9607,-84.5766,1901.61,-483.825,-89.3508,1408.42,92.5486,8.14757,904.539,-91.369,-5.11622,907.81,91.3169,-46.7808,511.603,-159.378,-17.5863,611.435,65.6695,159.958,115,-400.092,176.212,281.761
290,0,-123.029,-178.577,1539.09,-53.3473,3.31019,1433.02,73.2612,-63.7062,1465.77,-179.956,70.3266,1400.27,1.09848,-113.63,1701.57,-336.403,37.2405,1310.82,-60.6719,-86.2015,1901.42,-487.052,-49.4235,1413.25,92.4813,7.94481,904.793,-91.2931,-4.94252,907.577,82.6915,-47.9769,511.666,-160.431,-17.7669,610.468,52.7304,161.179,115.57,-399.619,190.65,282.6
291,0,-121.727,-182.499,1536.98,-52.8557,-2.02622,1432.19,73.8631,-64.4787,1465.63,-179.575,60.4263,1398.74,0.674135,-114.323,1701.91,-336.873,12.1296,1310.79,-61.7422,-88.0656,1903.73,-488.559,-79.2908,1412.49,92.3725,8.75908,904.829,-91.2035,-5.73736,907.547,84.1291,-47.4467,511.159,-158.412,-19.4522,609.621,54.958,160.481,112.305,-399.103,186.166,278.176
292,0,-130.077,-182.989,1536.15,-54.9419,-2.64337,1432.2,70.992,-65.223,1465.59,-180.876,59.9363,1398.82,-1.78075,-118.578,1701.6,-337.055,13.1893,1310.76,-63.3825,-100.172,1901.89,-490.152,-82.8946,1412.78,92.2082,8.64844,904.982,-91.031,-5.6312,907.376,80.064,-47.5911,511.773,-158.408,-20.0478,609.29,48.6684,163.565,114.231,-398.867,191.473,280.566
293,0,-127.582,-183.863,1536.61,-55.8506,-5.31976,1431.84,70.1874,-65.8093,1465.58,-181.889,55.1698,1398.09,-6.39431,-118.212,1702.08,-341.273,-1.91974,1311.93,-69.8711,-100.148,1902.51,-492.632,-101.05,1412.77,92.1534,9.61598,905.115,-90.9925,-6.61324,907.271,81.4483,-45.7369,511.627,-156.804,-26.7779,608.823,49.6332,162.977,111.519,-398.679,174.465,277.827
294,0,-125.213,-181.764,1536.8,-56.095,-1.21087,1432.06,70.5327,-62.2522,1465.97,-182.723,59.8305,1398.15,-7.07825,-112.662,1702.41,-340.946,0.688517,1310.03,-73.3413,-93.6682,1902.33,-491.967,-107.55,1410.88,92.1509,9.62973,905.209,-90.992,-6.62164,907.16,79.1749,-45.9172,511.61,-156.8,-29.7456,608.763,37.801,170.271,111.531,-397.488,182.341,278.872
295,0,-124.235,-196.103,1535.78,-55.7724,-9.06692,1431.61,70.904,-68.2841,1465.89,-182.449,50.1502,1397.32,-5.80766,-119.126,1702.37,-340.928,-6.97473,1310.04,-73.7244,-103.882,1902.18,-491.893,-111.248,1411.24,92.1132,10.1212,905.42,-90.9616,-7.12383,906.963,80.1506,-45.229,511.804,-155.488,-36.9286,608.657,41.3959,172.568,111.456,-393.779,181.004,279.184
296,0,-123.654,-192.015,1535.23,-56.0386,-5.72134,1431.62,70.6427,-65.3518,1465.98,-182.72,53.9091,1397.27,-6.91547,-117.27,1702.34,-341.008,5.48755,1310.26,-75.4169,-102.646,1901.33,-492.377,-91.5327,1411.97,92.0822,10.2036,905.563,-90.928,-7.21594,906.832,77.0646,-45.3782,511.786,-155.104,-37.8992,608.351,37.7781,171.824,111.494,-392.088,182.221,281.231
297,0,-132.58,-183.271,1533.27,-56.1687,-0.308986,1431.76,70.2033,-64.5103,1466.28,-182.541,63.8924,1397.24,-9.52057,-117.493,1702.75,-341.351,24.89,1310.64,-80.3523,-102.912,1901.23,-493.429,-68.2843,1411.96,92.0083,9.95192,905.647,-90.8551,-6.97499,906.761,75.9952,-48.2642,510.638,-155.095,-39.233,607.875,37.4428,171.314,110.634,-391.895,182.284,281.155
298,0,-135.18,-182.468,1529.89,-56.851,-0.030842,1431.08,68.925,-64.8352,1466.17,-182.627,64.7735,1395.98,-12.8521,-118.041,1702.85,-342.405,23.6261,1310.66,-83.3338,-103.565,1901.48,-494.682,-72.9171,1412.3,91.9586,9.90916,905.754,-90.8053,-6.93052,906.657,72.5217,-49.2867,510.578,-154.823,-38.788,607.305,30.3175,171.937,110.606,-388.749,186.637,281.584
299,0,-135.464,-182.879,1527.88,-57.6754,-0.435766,1430.49,67.7273,-65.101,1466.15,-183.078,64.2295,1394.83,-14.6455,-119.26,1702.82,-343.196,20.8715,1310.99,-85.1172,-104.615,1901.37,-495.42,-77.7909,1412.6,91.9112,9.67774,905.819,-90.7643,-6.69037,906.596,71.0863,-52.4933,510.533,-154.873,-38.5957,607.2,17.5659,171.753,110.165,-387.267,191.696,281.602
300,0,-135.235,-186.754,1524.65,-57.6039,-3.45703,1429.56,67.7858,-69.8101,1465.69,-182.994,62.896,1393.43,-14.3194,-129.041,1702.68,-343.094,18.4791,1310.88,-86.2843,-114.068,1900.45,-496.367,-80.1414,1412.49,91.8857,9.37984,905.88,-90.742,-6.43002,906.544,70.1654,-55.155,510.628,-154.769,-38.0253,606.925,11.6767,171.716,110.177,-379.467,200.316,281.707
301,0,-137.041,-186.875,1523.47,-58.7018,-3.66408,1428.45,66.2751,-69.8716,1465.28,-183.679,62.5435,1391.63,-18.7707,-128.967,1702.66,-343.486,16.4894,1310.68,-88.7566,-113.976,1900.45,-496.317,-85.1464,1412.13,91.8451,9.37629,906.013,-90.7025,-6.42531,906.406,68.2641,-55.1418,510.896,-154.359,-37.9029,606.341,6.4211,175.984,110.407,-373.992,203.22,282.157
302,0,-136.284,-186.956,1523.83,-59.6064,-4.13724,1428.51,66.0283,-70.3623,1465.3,-185.241,62.0878,1391.72,-20.2976,-129.698,1702.64,-343.7,2.56294,1309.65,-90.988,-113.849,1899.69,-496.069,-124.056,1410.35,91.8483,9.35417,906.049,-90.7116,-6.4031,906.361,69.1329,-53.0324,511.053,-153.973,-37.4654,606.416,10.2849,184.657,111.793,-361.273,209.451,282.479
303,0,-135.728,-202.496,1522.69,-60.0088,-11.9985,1427.85,65.8941,-78.0746,1464.66,-185.912,54.0776,1391.03,-19.532,-137.412,1703.01,-343.812,1.46172,1310.22,-90.5498,-120.284,1901.15,-496.08,-117.256,1413.53,91.8438,9.32246,906.218,-90.7112,-6.3829,906.203,69.1451,-51.7526,512.195,-153.978,-36.2403,606.465,12.0855,189.086,112.528,-354.026,213.936,282.514
304,0,-136.312,-204.955,1521.79,-60.5067,-13.7461,1427.8,65.6346,-79.5526,1464.54,-186.648,52.0604,1391.06,-20.2851,-137.806,1702.96,-343.736,-2.38477,1309.98,-92.5637,-120.694,1900.63,-495.977,-122.552,1412.62,91.8365,9.33432,906.34,-90.7062,-6.39246,906.058,69.7031,-51.571,512.634,-153.67,-38.0425,606.428,14.0817,194.218,115.198,-346.865,213.389,282.494
305,0,-135.904,-204.763,1519.2,-61.0724,-13.6657,1425.62,64.8361,-79.4021,1463.51,-186.981,52.0707,1387.74,-22.8384,-137.689,1702.93,-344.851,-1.45625,1308.54,-95.2904,-119.661,1900.6,-498.163,-115.532,1412.37,91.8265,9.33189,906.428,-90.6977,-6.38888,905.972,69.2985,-51.9129,512.15,-152.575,-38.1138,605.994,11.6523,192.052,113.534,-346.957,212.642,281.492
306,0,-144.128,-203.106,1518.58,-64.7683,-12.455,1425.57,61.2084,-78.4981,1463.48,-190.745,53.5881,1387.65,-28.8541,-136.063,1702.96,-346.75,-3.39194,1305.68,-99.9799,-114.083,1900.6,-500.515,-126.455,1409.73,91.8175,9.33985,906.621,-90.6905,-6.39061,905.755,67.5687,-51.6459,512.138,-151.511,-38.7087,605.922,9.78497,190.621,113.408,-334.368,212.477,279.114
307,0,-143.465,-203.255,1516.07,-67.6347,-13.1661,1424.59,58.9588,-78.3795,1463.27,-194.228,52.0472,1385.92,-32.2926,-135.206,1701.24,-347.048,-15.7113,1295.8,-107.181,-111.886,1897.02,-501.397,-148.882,1397.07,91.8099,9.50052,906.767,-90.6877,-6.52367,905.601,65.9098,-51.8306,511.972,-150.181,-39.3168,605.55,-1.53069,189.069,108.634,-334.634,210.137,277.209
308,0,-155.342,-192.772,1515.53,-69.3649,-7.78456,1424.96,56.8895,-75.3003,1463.82,-195.619,59.7312,1386.1,-33.5764,-131.536,1701.39,-347.887,-4.92061,1296.08,-108.973,-106.681,1896.64,-503.092,-132.599,1396.88,91.7641,9.30679,906.93,-90.648,-6.32226,905.431,64.2375,-53.0808,511.575,-148.299,-37.9547,605.27,-1.36239,180.106,105.623,-327.456,210.695,275.109
309,0,-156.53,-189.761,1515.7,-70.1945,-6.96152,1425.31,55.9894,-74.881,1464.4,-196.378,60.958,1386.21,-34.0865,-131.234,1703.23,-349.615,-4.7253,1297.33,-109.649,-105.585,1898.28,-507.477,-131.619,1397.02,91.7208,9.16655,907.006,-90.6092,-6.19191,905.355,61.425,-54.0316,511.499,-148.346,-37.3366,604.698,-3.03929,174.781,105.127,-323.422,210.065,271.643
310,0,-160.894,-176.788,1515.99,-70.3664,1.21335,1425.82,55.4569,-72.2604,1465.11,-196.19,74.6871,1386.52,-34.8327,-131.143,1704.14,-349.493,18.438,1298.1,-109.149,-105.587,1898.81,-507.22,-100.072,1397.34,91.6591,8.0907,907.042,-90.5447,-5.145,905.322,57.8926,-58.2658,510.509,-148.036,-37.1967,604.294,-6.56372,174.554,104.953,-318.875,210.036,266.313
311,0,-164.73,-176.923,1513.43,-71.4345,2.80351,1425.49,54.2872,-70.1658,1464.83,-197.156,75.7728,1386.15,-35.4281,-129.665,1704.12,-350.816,21.5723,1297.59,-109.373,-104.376,1899.33,-508.638,-94.8548,1395.97,91.6491,8.00857,907.104,-90.5362,-5.05046,905.25,55.3663,-58.6972,510.299,-146.505,-37.4503,601.449,-13.3201,178.908,105.049,-309.155,211.253,259.436
312,0,-162.864,-177.732,1513.2,-71.6202,3.43286,1425.52,54.3885,-67.8753,1464.82,-197.629,74.7411,1386.23,-36.4429,-125.999,1704.02,-351.016,19.8651,1297.15,-110.026,-99.1031,1899.13,-508.247,-95.457,1395.67,91.6474,8.008,907.194,-90.537,-5.05009,905.153,55.1562,-58.6567,510.383,-144.757,-37.3766,600.63,-12.7495,178.811,105.042,-300.331,211.836,256.487
313,0,-163.501,-174.63,1511.93,-72.0122,7.50637,1425.71,54.231,-65.0549,1464.95,-198.255,80.0677,1386.47,-37.5438,-122.822,1704.18,-352.951,33.7089,1297.6,-111.407,-95.2419,1899.53,-510.314,-72.929,1395.99,91.6393,7.58816,907.269,-90.5299,-4.62886,905.064,50.5927,-59.3833,510.468,-144.002,-34.1811,597.588,-20.4653,180.797,105.142,-294.47,218.354,246.458
314,0,-164.998,-173.172,1511.88,-72.1004,9.23714,1425.9,54.2268,-64.1946,1465.23,-198.428,82.6689,1386.57,-37.2651,-122.01,1704.15,-353.117,34.6934,1296.61,-110.737,-93.9909,1898.12,-510.165,-76.8024,1394.08,91.6468,7.27031,907.303,-90.5388,-4.29854,905.023,49.6821,-59.749,510.465,-144.067,-33.9178,596.217,-23.486,186.181,106.985,-295.415,217.688,244.337
315,0,-166.597,-166.87,1511.25,-72.9491,18.2959,1425.94,53.6798,-54.221,1465.23,-199.578,90.8127,1386.65,-36.7338,-113.943,1704.49,-354.934,58.6756,1297.26,-109.961,-88.4797,1899.47,-511.49,-29.9341,1394.16,91.6778,7.24615,907.477,-90.5634,-4.27895,904.865,48.1151,-59.975,510.744,-143.526,-34.5598,592.909,-23.7324,186.602,107.013,-287.331,217.268,240.321
316,0,-165.157,-167.192,1509.75,-73.0262,17.6991,1425.62,53.4347,-53.9077,1465.1,-199.487,89.3058,1386.13,-38.314,-110.447,1704.62,-354.806,52.3264,1297.02,-110.204,-83.598,1900.48,-511.324,-44.8424,1393.89,91.7152,7.2471,907.587,-90.602,-4.2786,904.761,48.7866,-61.3097,510.07,-142.75,-36.435,591.708,-22.1411,189.508,106.783,-282.751,216.975,237.686
317,0,-164.019,-167.872,1511.77,-74.1407,17.7124,1425.91,52.7136,-52.2644,1465.37,-200.995,87.6891,1386.46,-38.2721,-105.35,1704.54,-354.255,38.9793,1294.57,-109.64,-80.6899,1899.39,-510.118,-88.1092,1392.66,91.7247,7.62397,907.726,-90.609,-4.59385,904.579,49.3881,-59.2826,510.135,-139.619,-40.5093,590.998,-20.2757,193.908,107.973,-270.369,215.767,238.281
318,0,-164.562,-164.89,1511.22,-74.9573,22.0444,1425.68,51.353,-46.7628,1465.18,-201.268,90.8516,1386.18,-38.8355,-104.053,1704.65,-360.343,66.7381,1306.26,-111.377,-80.8589,1899.39,-519.128,-0.011893,1404.3,91.7461,7.70381,908.141,-90.6277,-4.7223,904.292,49.9031,-61.1453,510.384,-139.764,-48.081,587.858,-18.9732,188.179,107.716,-269.096,200.98,233.006
319,0,-168.829,-160.047,1510.96,-75.9253,24.1179,1425.76,50.5005,-45.4224,1465.27,-202.351,93.6581,1386.25,-38.7544,-104.211,1705.08,-360.357,62.0123,1305.42,-112.016,-81.2517,1900.47,-519.096,-21.8265,1402.48,91.7441,7.67653,908.302,-90.6259,-4.70349,904.157,47.893,-62.5176,510.349,-135.537,-49.3918,586.697,-19.9805,177.379,104.469,-258.775,187.729,224.183
320,0,-169.552,-156.482,1511,-76.711,25.5505,1425.81,50.1011,-43.9788,1465.38,-203.523,95.0797,1386.25,-39.5146,-98.7134,1705.72,-360.11,56.7814,1302.17,-112.102,-71.7346,1902.34,-518.441,-26.3557,1398.4,91.803,7.65442,908.4,-90.6867,-4.66764,904.042,48.0783,-62.4625,510.283,-134.724,-49.1279,585.312,-22.3675,187.057,104.531,-252.089,193.507,222.369
321,0,-170.768,-153.718,1511.1,-79.1416,27.3952,1425.98,48.2878,-40.2278,1465.66,-206.571,95.0182,1386.3,-40.106,-94.0875,1705.7,-359.834,47.2883,1296.1,-111.803,-68.0697,1902.19,-517.935,-73.8972,1393.93,91.8078,7.86135,908.571,-90.691,-4.83779,903.851,48.2943,-62.26,510.173,-132.744,-52.1248,585.184,-21.6887,181.261,103.684,-248.005,186.484,220.918
322,0,-169.95,-154.549,1511.74,-79.9875,27.7795,1426.67,48.1892,-38.4377,1466.38,-208.164,93.9968,1386.96,-39.8831,-90.246,1707.86,-363.476,49.9899,1302.15,-111.503,-66.8164,1904.98,-521.248,-49.7153,1402.11,91.8316,8.39752,909.039,-90.7092,-5.41638,903.415,48.3386,-61.3113,510.129,-128.592,-52.7924,582.031,-21.4494,185.154,103.675,-233.367,187.362,215.127
323,0,-177.703,-154.261,1511.53,-81.1828,27.7599,1427.18,46.8687,-39.3828,1466.65,-209.234,94.9025,1387.71,-39.7388,-91.3043,1707.26,-363.926,48.7667,1302.11,-109.929,-69.0248,1904.08,-521.253,-53.5658,1401.99,91.8145,8.36571,909.309,-90.6892,-5.38249,903.147,47.1178,-61.7754,509.857,-126.168,-53.5459,580.723,-22.0439,182.422,103.249,-229.323,180.125,207.67
324,0,-177.205,-149.533,1511.62,-82.2643,32.9428,1427.32,45.6719,-31.0304,1466.77,-210.201,96.916,1387.87,-39.5053,-84.5987,1708.17,-366.565,57.6441,1306.47,-109.859,-64.9751,1905.89,-524.484,-27.941,1408.07,91.8123,9.46072,909.863,-90.6876,-6.52274,902.7,46.996,-61.1346,510.437,-122.4,-57.8774,578.939,-21.6862,182.567,104.697,-218.351,163.175,202.077
325,0,-179.91,-148.875,1511.65,-83.5298,33.6253,1427.91,44.7104,-30.5248,1467.24,-211.77,97.7755,1388.58,-38.8872,-86.3314,1708.53,-368.765,63.1591,1313.01,-107.613,-66.2811,1905.9,-526.637,-12.7706,1416.24,91.7868,9.55805,910.428,-90.6612,-6.63759,902.203,46.4031,-61.1447,510.667,-117.567,-58.8041,576.972,-24.1664,182.061,105.965,-210.271,159.244,192.66
326,0,-182.531,-145.896,1510.46,-84.2209,38.822,1427.8,43.8442,-24.647,1466.9,-212.286,102.291,1388.69,-38.7081,-85.5703,1708.76,-371.726,90.3444,1320.34,-107.235,-67.0764,1906.68,-527.793,49.8842,1424.11,91.7829,9.8551,910.801,-90.6564,-7.00446,901.918,46.1048,-61.0878,511.113,-114.91,-58.7127,575.391,-23.4543,185.181,106.484,-209.295,163.235,192.156
327,0,-181.56,-142.635,1512.55,-84.9667,41.4174,1428.15,43.1746,-22.7403,1467.35,-213.108,105.575,1388.94,-38.2013,-83.6921,1711.35,-372.499,90.458,1323.12,-105.475,-64.6657,1909.22,-527.307,37.684,1426.67,91.7563,9.85138,911.195,-90.6277,-7.00065,901.568,46.1694,-61.7876,511.308,-113.442,-58.1204,574.975,-26.8833,185.591,108.116,-206.148,164.249,189.803
328,0,-182.719,-140.124,1512.68,-85.0957,40.2973,1429.32,43.0386,-24.3822,1468.52,-213.23,104.977,1390.13,-38.0681,-84.7228,1712.9,-372.064,85.1862,1323.82,-104.934,-65.1217,1911.03,-526.817,30.4553,1425.06,91.7491,9.85157,911.452,-90.624,-7.00032,901.324,46.3098,-61.136,511.686,-109.136,-57.6228,574.721,-26.1081,190.418,110.05,-200.847,164.556,186.661
329,0,-182.694,-141.19,1512.71,-84.9556,39.8144,1429.3,43.1463,-24.8299,1468.45,-213.057,104.459,1390.15,-35.3529,-86.2658,1712.82,-371.775,83.1789,1323.35,-101.673,-68.4705,1911.08,-527.681,17.9146,1425.68,91.6629,9.48256,911.596,-90.5354,-6.64395,901.193,43.6152,-61.1918,511.794,-108.358,-55.2887,574.233,-32.4622,198.787,113.852,-202.053,169.591,189.524
330,0,-182.94,-142.592,1512.72,-84.8587,38.6493,1429.28,43.1886,-25.7932,1468.39,-212.906,103.092,1390.17,-32.4418,-92.5562,1712.82,-371.884,79.1194,1325.66,-100.077,-80.9669,1911.3,-527.935,10.9166,1426.86,91.5929,9.52782,911.832,-90.4713,-6.70887,901.006,43.8127,-59.8229,512.428,-106.664,-57.0552,574.21,-31.4181,198.346,116.124,-199.706,152.755,187.749
331,0,-186.102,-141.568,1513.01,-85.111,38.6136,1429.44,42.6951,-26.8738,1468.39,-212.917,104.101,1390.49,-31.6688,-92.8211,1712.78,-371.653,76.407,1325.4,-97.0033,-81.5754,1911.47,-527.665,6.73826,1426.43,91.386,9.37435,911.892,-90.2561,-6.53966,900.942,43.7799,-61.6033,512.133,-106.131,-57.0767,574.392,-33.7307,195.359,116.929,-196.786,154.131,188.774
332,0,-185.369,-142.374,1513.77,-84.9377,37.9494,1429.74,42.9338,-27.6459,1468.58,-212.809,103.545,1390.89,-28.5653,-92.8129,1714.2,-371.445,76.3738,1327.58,-93.3869,-80.8246,1914.28,-527.365,8.36294,1426.34,91.3551,9.40905,912.002,-90.2286,-6.58833,900.868,44.065,-61.2182,512.218,-104.613,-57.6471,574.401,-33.4275,201.272,121.071,-192.34,152.971,188.408
333,0,-188.711,-146.41,1513.81,-85.2286,31.4235,1430.27,42.2805,-40.1808,1468.89,-212.738,103.028,1391.65,-27.6888,-111.036,1714.53,-371.68,74.8298,1332.05,-90.5061,-101.535,1914.13,-529.647,3.43918,1430.29,90.9823,7.72899,912.108,-89.8691,-4.95575,900.791,42.7376,-60.5371,512.562,-103.435,-55.0695,574.685,-37.5035,202.067,121.016,-189.832,151.196,184.265
334,0,-192.388,-146.533,1514.04,-86.5183,30.2364,1430.72,40.9322,-42.3445,1468.96,-213.969,102.817,1392.47,-27.47,-115.327,1712.69,-371.501,69.3747,1330.99,-87.8075,-106.788,1910.36,-529.377,-15.8634,1427.59,90.7495,7.393,912.202,-89.6456,-4.61793,900.703,42.2322,-60.5419,512.574,-99.7865,-55.0262,575.233,-39.3914,194.825,120.043,-194.973,144.085,183.84
335,0,-198.647,-146.673,1513.83,-86.5445,29.802,1431.18,40.7968,-42.8549,1468.89,-213.886,102.459,1393.46,-24.0446,-116.668,1713.66,-371.392,86.3117,1332.11,-81.3406,-106.333,1911.83,-530.638,41.1977,1426.93,90.4631,7.15322,912.222,-89.3792,-4.45626,900.686,42.3583,-61.3891,513.254,-94.253,-56.1162,574.921,-38.6396,196.426,120.733,-186.56,141.123,173.069
336,0,-199.813,-154.932,1514.56,-87.9517,15.2009,1431.24,39.5366,-54.5077,1468.89,-215.44,84.9094,1393.59,-22.5922,-125.199,1713.38,-366.675,-6.51734,1322.49,-76.5027,-115.58,1911.74,-527.523,-160.497,1418.3,90.444,7.24785,912.237,-89.3658,-4.53015,900.67,42.9523,-55.7086,512.453,-94.6258,-63.7154,577.89,-38.954,197.482,121.108,-183.17,122.315,175.997
337,0,-202.069,-158.02,1514.49,-89.3013,13.6428,1431.4,38.3389,-57.9281,1469.21,-216.941,85.2137,1393.59,-19.7874,-131.518,1713.35,-366.422,11.2696,1321.79,-71.5532,-123.87,1911.66,-527.443,-102.001,1417.22,90.0911,5.59928,912.451,-89.0196,-2.86576,900.478,42.9771,-60.0432,514.67,-93.8121,-60.8679,577.928,-46.5407,195.032,121.938,-187.586,125.532,174.044
338,0,-201.704,-159.003,1518.5,-93.0866,11.2702,1432.34,34.2515,-59.9764,1470.23,-220.425,82.5169,1394.45,-19.5368,-131.144,1714.35,-367.279,18.1021,1323.18,-66.3338,-122.84,1912.66,-528.068,-86.0711,1417.26,89.853,5.61776,912.875,-88.7796,-2.8828,900.106,43.1556,-59.8107,515.33,-94.2854,-62.7636,577.952,-47.0492,194.856,121.863,-188.832,106.849,169.602
339,0,-208.139,-156.592,1518.47,-95.4541,11.869,1432.28,31.6898,-59.4237,1470.05,-222.598,83.1617,1394.51,-18.7333,-129.534,1714.32,-369.266,39.7385,1323.85,-63.904,-120.103,1912.6,-529.468,-22.8686,1417.05,89.7045,5.6183,913.139,-88.6557,-2.89217,899.918,43.2275,-59.7421,515.882,-89.4961,-62.4445,577.57,-46.2541,194.777,121.718,-187.202,104.418,161.229
340,0,-206.528,-156.872,1518.98,-97.0326,11.0786,1432.27,29.9659,-58.73,1470.06,-224.031,80.8871,1394.47,-17.4964,-126.632,1714.29,-369.004,35.592,1322.17,-51.0802,-114.171,1913.93,-528.602,-39.6087,1413.95,89.5043,6.13143,913.566,-88.4578,-3.34638,899.511,44.3846,-59.1764,516.847,-87.4753,-68.1253,577.61,-45.664,194.537,121.585,-182.53,91.9833,161.791
341,0,-207.934,-153.202,1518.97,-98.5803,13.4939,1432.17,27.4764,-58.5475,1469.87,-224.637,85.5354,1394.48,-17.3664,-125.775,1714.01,-369.239,76.1242,1325.01,-49.1035,-113.001,1913.89,-528.93,44.1789,1413.94,89.2274,5.35593,913.853,-88.1999,-2.66088,899.333,44.4402,-59.8213,519.089,-86.9759,-66.7448,577.442,-47.1794,194.461,120.948,-185.03,95.6546,155.185
342,0,-209.518,-154.323,1521.39,-101.278,8.58057,1432.3,24.9731,-60.8221,1470.12,-227.53,77.9832,1394.48,-16.43,-127.063,1712.3,-369.412,25.4385,1324.95,-46.3759,-120.23,1910.02,-527.9,-83.3251,1413.94,88.7409,5.5595,914.005,-87.7222,-2.85865,899.15,44.4917,-58.2996,519.052,-84.0683,-72.1217,577.694,-46.8648,202.965,123.302,-181.156,96.0848,158.434
343,0,-210.961,-145.229,1522.37,-103.517,14.201,1432.22,22.727,-54.0667,1469.96,-229.761,82.4688,1394.48,-15.9121,-120.642,1711.98,-373.578,49.9306,1325.92,-44.0519,-112.446,1909.51,-528.703,-13.5258,1413.36,88.564,5.55988,914.308,-87.5636,-2.86747,898.908,43.9898,-58.7671,519.25,-83.8596,-71.0767,574.878,-46.5948,199.442,122.559,-182.768,101.159,155.595
344,0,-209.97,-156.342,1521.66,-103.933,13.6143,1430.85,23.2933,-53.9454,1467.98,-231.16,81.1741,1393.72,-10.9919,-120.543,1707.18,-375.291,50.2362,1325.91,-33.7728,-113.45,1907.11,-529.007,-9.00229,1413.7,88.5263,5.67803,914.78,-87.5258,-2.99,898.517,45.3567,-59.0316,519.471,-83.9495,-74.2093,574.626,-46.4746,197.385,121.776,-181.847,92.52,156.578
345,0,-208.247,-165.087,1521.61,-104.422,10.624,1430.09,23.6479,-54.3525,1467.24,-232.493,75.6004,1392.93,-10.1729,-120.464,1706.58,-378.62,49.0829,1326.15,-31.0634,-112.932,1906.45,-530.271,-9.46073,1414.22,88.4929,6.05279,915.195,-87.4894,-3.38322,898.145,45.8755,-58.7256,521.103,-84.2187,-78.7534,574.647,-45.9978,200.167,122.341,-182.15,84.7851,157.208
346,0,-207.587,-167.111,1521.57,-105.074,9.16359,1429.89,23.8262,-55.0873,1467.09,-233.973,73.4145,1392.69,-5.884,-120.782,1705.54,-378.68,21.9518,1325.68,-26.5229,-115.706,1904.51,-530.15,-80.944,1413.88,88.2063,6.09795,915.33,-87.1925,-3.4277,897.971,45.8094,-58.6757,520.53,-83.1442,-79.7416,574.69,-45.5831,195.129,121.525,-183.261,84.5412,158.545
347,0,-202.321,-170.366,1521.44,-105.046,7.34605,1428.64,23.9088,-54.924,1466.44,-234.001,69.6161,1390.85,-1.39189,-117.83,1703.49,-380.547,19.2189,1325.5,-20.7323,-115.181,1902.29,-529.932,-76.7996,1413.86,88.1891,7.21043,915.609,-87.1772,-4.50733,897.716,46.4908,-59.1469,520.483,-82.9308,-88.6532,575.052,-45.3111,194.934,124.758,-178.905,65.3223,159.489
348,0,-201.08,-174.861,1521.7,-105.516,4.5439,1428.64,24.1868,-56.3442,1466.42,-235.219,65.432,1390.87,7.77628,-120.818,1699.51,-380.268,-12.4988,1323.91,-7.36373,-122.679,1897.07,-527.25,-145.791,1413.02,88.0659,7.25828,915.732,-87.0453,-4.54915,897.57,47.2452,-58.4955,520.451,-81.8694,-88.6695,576.339,-45.013,184.343,118.704,-180.026,69.2402,160.403
349,0,-201.091,-174.448,1521.66,-105.381,5.01826,1427.66,24.4233,-56.2575,1464.81,-235.185,66.2941,1390.52,9.95655,-119.9,1695.46,-382.19,27.4966,1326.13,0.714302,-120.511,1893.54,-527.758,-17.0041,1412.82,88.0068,7.26533,915.908,-86.989,-4.56836,897.458,47.7186,-59.2769,520.445,-80.9029,-87.6666,576.266,-41.2054,186.198,118.549,-180.564,79.0386,160.891
350,0,-200.602,-184.591,1520.89,-105.456,4.18007,1426.55,24.6237,-56.2161,1463.04,-235.535,64.5762,1390.06,16.732,-119.965,1694.91,-383.312,39.2123,1328.85,12.1941,-119.91,1893.84,-527.744,15.8544,1417.14,87.9675,7.45789,916.244,-86.9379,-4.83217,897.205,49.3141,-59.2828,525.276,-81.3149,-86.2338,576.821,-37.6149,183.248,117.778,-180.776,82.3259,161.342
351,0,-201.197,-183.145,1521.04,-106.247,4.3454,1425.98,24.5559,-56.0035,1461.88,-237.049,64.6943,1390.07,20.6854,-119.903,1695.12,-386.956,45.7095,1330.56,16.9526,-119.522,1894.03,-527.952,24.8572,1417.08,87.9399,7.68576,916.411,-86.9115,-5.17777,897.087,49.6508,-59.1804,525.666,-79.8359,-87.6606,576.52,-33.9165,182.954,113.956,-180.363,82.2314,158.94
352,0,-199.971,-183.767,1521.62,-106.84,2.47776,1425.49,24.6184,-55.9285,1461.11,-238.298,60.8841,1389.87,27.1404,-119.787,1694.06,-388.741,46.717,1333.13,28.8831,-118.969,1892.91,-527.951,27.1193,1418.96,87.906,7.97881,916.66,-86.8734,-5.57703,896.899,51.6529,-58.9386,527.084,-79.6362,-87.3174,576.386,-32.2346,182.422,113.419,-180.55,84.253,159.27
353,0,-199.918,-183.215,1523.77,-109.995,1.25858,1425.96,23.1272,-55.8846,1462.16,-243.117,58.4018,1389.75,26.4097,-113.412,1697.98,-391.788,31.1093,1332.87,28.973,-107.27,1899.76,-529.944,-14.793,1418.87,87.8813,8.3262,917.26,-86.8514,-5.88677,896.326,51.7921,-57.2771,526.978,-79.8732,-86.6552,576.026,-29.9913,181.432,110.292,-182.969,80.279,158.542
354,0,-198.379,-183.815,1523.72,-111.916,2.23469,1425.29,22.2856,-51.5727,1462.19,-246.118,56.0421,1388.39,34.5949,-97.67,1697.99,-391.761,30.0242,1324.95,47.6729,-90.3603,1899.62,-529.92,-15.2253,1409.63,87.8401,9.65396,917.662,-86.8058,-7.15131,895.964,52.2657,-57.4855,526.896,-79.8296,-88.8483,575.413,-28.5787,170.048,104.2,-183.155,72.2274,155.398
355,0,-197.887,-184.347,1523.66,-113.321,1.39079,1424.75,21.3292,-50.3934,1462.27,-247.972,53.175,1387.23,36.2429,-91.4593,1698.07,-392.713,23.1118,1320.95,50.5119,-83.5669,1899.63,-530.085,-30.8855,1406.76,87.8147,10.9124,918.07,-86.7815,-8.3094,895.583,52.3531,-57.4495,526.814,-80.0439,-89.762,575.077,-28.6054,168.379,103.811,-183.545,65.7118,154.774
356,0,-198.247,-189.453,1523.66,-115.485,-0.407044,1424.58,18.841,-50.3424,1462.03,-249.811,49.5283,1387.12,47.7868,-93.0319,1694.84,-392.348,27.67,1321.11,71.1721,-91.0137,1892.84,-528.608,4.76267,1407.18,87.6858,11.4602,918.432,-86.6417,-8.97966,895.323,54.495,-55.9523,530.371,-80.0607,-91.6766,575.995,-25.6941,161.514,102.762,-186.083,59.318,155.183
357,0,-194.108,-204.21,1523.49,-116.226,-8.3203,1423.18,18.2318,-50.8783,1461.82,-250.684,34.2377,1384.54,51.5532,-94.275,1693.04,-392.438,13.8584,1320.83,75.1903,-95.1824,1890.87,-528.666,-13.1731,1407.36,87.5789,12.8193,918.78,-86.5449,-10.3971,895.066,56.0638,-49.4178,530.148,-79.1121,-92.8097,575.927,-19.5348,160.008,96.7632,-188.591,50.2204,155.131
358,0,-193.608,-207.683,1524.12,-120.44,-12.0073,1421.55,16.2093,-50.4279,1462.13,-257.089,26.4133,1380.97,57.7127,-87.8285,1693.99,-392.262,-30.0773,1308.09,91.7337,-91.4834,1891.25,-528.518,-121.642,1399.13,87.7254,17.3643,919.874,-86.7064,-14.5834,893.991,62.7842,-30.8331,530.057,-79.2446,-110.943,575.696,-15.8019,193.814,102.85,-191.973,-6.87696,155.084
359,0,-193.241,-206.594,1524.08,-120.944,-10.3484,1420.89,15.6289,-48.7812,1462,-257.517,28.0844,1379.77,63.3202,-83.9842,1694.11,-392.093,-17.6817,1308.89,100.45,-89.7377,1891.49,-526.951,-99.1819,1399.68,87.7046,18.2491,920.252,-86.6828,-15.4787,893.656,64.7564,-32.9831,529.966,-79.3338,-114.765,575.886,-12.4751,190.629,103.073,-193.707,6.57043,155.388
360,0,-201.792,-204.449,1523.74,-124.445,-8.17435,1420.94,11.6718,-47.353,1462.02,-260.563,31.0043,1379.87,68.8434,-82.0486,1694.22,-392.396,-10.3953,1309.55,111.588,-87.5986,1889.49,-522.792,-86.1371,1402.71,87.694,18.8097,920.616,-86.672,-16.0625,893.294,68.5708,-34.203,531.535,-79.7465,-117.172,576.716,-11.4381,189.496,103.311,-196.09,9.06279,155.468
361,0,-201.965,-199.821,1523.72,-125.498,2.97759,1420.51,12.0562,-29.3496,1461.99,-263.053,35.3048,1379.03,91.4057,-57.8035,1694.68,-392.786,-6.06799,1305.04,141.709,-60.8187,1889.5,-518.24,-90.2948,1402.16,87.7445,19.7249,920.889,-86.7108,-16.8754,892.962,70.0918,-35.4297,530.821,-79.1427,-120.396,576.509,-9.31844,185.368,103.448,-205.538,15.2711,155.714
362,0,-199.296,-198.803,1524.93,-125.426,4.45174,1420.2,12.8273,-27.4926,1461.98,-263.679,36.3961,1378.42,102.16,-56.3771,1695.34,-392.625,-22.2406,1301.7,152.477,-56.5203,1889.67,-515.718,-127.847,1401.36,87.8333,20.8286,921.104,-86.7939,-17.8513,892.696,70.6365,-36.2552,528.229,-78.5934,-121.784,575.588,-10.0464,187.092,103.742,-209.285,12.6346,154.297
363,0,-197.631,-198.053,1524.86,-124.744,9.82941,1420.04,15.4023,-17.9923,1461.99,-264.891,37.6511,1378.08,124.16,-46.9521,1692.4,-391.453,-57.3202,1283.66,179.932,-54.2902,1878.71,-504.176,-219.532,1388.22,87.908,22.0821,921.114,-86.8588,-18.8144,892.648,71.2239,-36.9639,522.265,-78.8929,-122.539,575.577,-10.2888,186.829,103.849,-212.901,18.9678,155.958
364,0,-198.015,-197.259,1523.69,-125.769,10.7428,1419.9,15.6929,-16.8664,1462.07,-267.232,38.3519,1377.73,128.61,-43.6987,1689.94,-390.619,-63.7703,1275.15,182.016,-53.0376,1870.46,-502.405,-224.807,1380.87,87.9505,22.8872,921.166,-86.8911,-19.4397,892.521,70.8136,-37.1623,516.285,-78.1847,-123.153,573.7,-10.4396,188.603,102.506,-215.997,22.0119,156.049
365,0,-192.675,-196.59,1523.66,-124.755,19.4455,1418.94,17.5556,-2.76017,1461.7,-267.066,41.6512,1376.19,145.625,-18.8628,1685.46,-390.714,-49.3407,1279.19,211.052,-31.6293,1864.4,-498.598,-191.262,1382.85,88.3521,24.1323,921.369,-87.2803,-20.5647,892.269,70.5557,-38.603,512.305,-79.4801,-121.272,573.466,-19.3967,225.035,115.485,-215.332,29.3325,163.852
366,0,-192.558,-196.406,1523.65,-125.373,20.9809,1418.27,17.7957,-0.130602,1461.61,-268.541,42.0924,1374.94,145.788,-16.3086,1680.38,-390.722,-45.49,1275.14,212.212,-29.4179,1855.45,-496.62,-176.438,1380.59,88.4035,24.5347,921.415,-87.3284,-20.8696,892.169,68.7771,-39.2118,509.994,-80.2852,-119.918,572.837,-37.5698,219.047,115.353,-223.431,30.0403,165.023
367,0,-192.531,-195.973,1524.89,-126.226,23.1173,1418.67,18.025,3.23528,1462.3,-270.477,42.9993,1375.03,160.376,-6.10187,1676.1,-391.293,-32.3057,1277.42,241.642,-21.2265,1850.03,-490.826,-148.351,1382.47,88.5978,25.0047,921.682,-87.5068,-21.2928,891.859,68.2871,-39.3157,509.211,-80.8659,-118.797,572.37,-44.0889,238.286,119.76,-223.688,30.8135,167.316
368,0,-192.572,-194.479,1528.75,-125.936,23.321,1418.65,19.0096,3.30791,1462.57,-270.881,43.3341,1374.73,163.742,-8.09547,1670,-389.649,-34.2184,1267.95,245.447,-24.1292,1840.17,-485.521,-158.738,1374,88.6572,25.2895,921.706,-87.5637,-21.4926,891.793,67.978,-44.1443,503.501,-81.2663,-118.621,572.395,-56.5153,238.675,124.633,-223.086,33.8647,169.8
369,0,-192.591,-196.854,1531.68,-127.182,22.5824,1419.2,19.6441,4.49582,1463.79,-274.009,40.6689,1374.61,174.628,-1.7017,1656.88,-389.442,-63.0674,1253.3,269.314,-21.7775,1817.98,-475.284,-219.077,1361.73,88.7352,26.9242,921.904,-87.6463,-22.8441,891.467,67.8299,-40.8087,499.596,-81.2889,-119.68,572.121,-56.1728,244.476,124.593,-224.758,33.82,169.498
370,0,-190.35,-202.62,1529.49,-126.536,21.9693,1418.18,20.4502,3.17156,1462.94,-273.522,40.767,1373.42,180.332,-5.31729,1650.71,-389.6,-26.5821,1258.69,273.615,-18.3765,1814.81,-476.363,-90.2115,1365.63,88.9361,26.9224,921.931,-87.8696,-22.9955,891.457,66.8708,-39.9483,500.105,-79.9285,-109.82,572.072,-61.0998,237.866,116.489,-224.159,63.0416,169.419
371,0,-189.866,-205.244,1530.38,-124.362,18.8209,1418.45,24.5474,4.57271,1463.62,-273.272,33.0691,1373.28,203.101,1.00352,1639.59,-389.577,-68.0392,1241.99,313.977,-18.9197,1793.83,-469.311,-201.56,1355.97,88.9081,29.5797,922.051,-87.8407,-25.5446,891.262,62.0202,-29.45,500.098,-71.427,-111.556,570.659,-63.4675,231.006,100.276,-222.559,57.3501,164.57
372,0,-189.624,-205.855,1531.11,-123.448,17.8252,1417.75,26.2029,5.36245,1463.31,-273.099,30.288,1372.18,205.104,1.92219,1633.15,-391.263,-67.9989,1241.29,317.883,-19.7807,1788.2,-470.47,-193.809,1355.87,88.9091,31.3513,922.152,-87.8431,-27.4167,891.146,55.7487,-23.7867,498.836,-67.7214,-111.102,570.091,-70.1621,198.737,79.391,-222.027,41.4968,156.174
373,0,-189.678,-214.496,1529.87,-122.565,17.2306,1417.38,27.9106,5.16079,1462.81,-273.04,29.3004,1371.95,217.829,8.5366,1617.66,-391.426,-66.3958,1236.64,350.335,-6.86399,1765.54,-464.457,-192.418,1352.15,88.9064,32.032,922.199,-87.84,-28.131,891.068,55.4829,-21.0315,497.833,-63.762,-110.951,570.003,-69.7791,198.479,78.9147,-217.146,41.6596,156.129
374,0,-188.679,-215.459,1530.09,-121.219,14.8051,1417.14,30.2427,4.67735,1462.69,-272.681,24.9328,1371.59,224.548,7.98239,1611.04,-392.162,-81.5457,1231.2,359.273,-9.17674,1761.3,-462.733,-221.248,1349.59,88.7987,32.8999,922.239,-87.7475,-29.0006,891.006,54.3576,-19.1387,495.19,-61.8729,-110.532,568.974,-74.5635,194.817,73.799,-214.972,40.293,152.419
375,0,-188.644,-224.43,1529.42,-121.058,12.574,1416.17,30.2554,3.45081,1462.05,-272.37,21.6973,1370.28,226.38,4.15292,1600.05,-392.46,-74.5984,1225.92,377.495,-9.34502,1744.83,-463.49,-202.215,1349.45,88.5891,32.7419,922.257,-87.5449,-28.8806,890.986,53.902,-18.7751,495.742,-62.4714,-98.9726,568.784,-79.0286,194.358,69.7808,-214.829,48.048,150.8
376,0,-188.641,-226.582,1529.38,-120.725,11.9553,1415.68,30.8248,3.07111,1461.19,-272.275,20.8395,1370.18,230.862,4.65061,1595.93,-392.198,-68.9943,1229.28,385.324,-3.5611,1740.52,-461.273,-191.506,1351.17,88.4449,32.8224,922.277,-87.3879,-29.0408,890.966,53.9518,-17.4281,494.935,-60.8414,-99.2403,568.738,-78.8474,198.213,70.6816,-208.863,50.1735,150.915
377,0,-186.694,-213.041,1534.64,-118.244,16.9769,1413.71,35.5866,12.4536,1458.16,-272.074,21.5002,1369.26,242.72,17.108,1575.41,-391.019,-89.2356,1200.64,405.986,6.05752,1701.81,-442.287,-251.798,1328.67,88.2809,34.322,922.343,-87.2318,-30.3968,890.858,53.2757,-12.3939,492.549,-56.0037,-111.404,568.733,-78.0334,222.104,69.4069,-208.188,38.7931,149.198
378,0,-184.172,-221.306,1534.49,-116.966,12.9172,1409.67,38.0437,12.1508,1452.95,-271.975,13.6835,1366.39,246.989,13.2118,1562.49,-390.465,-119.987,1185.13,414.312,1.94562,1687.95,-432.593,-296.042,1316.42,88.0009,35.4191,922.367,-86.956,-31.3624,890.801,53.6073,-2.02257,486.708,-53.6873,-115.614,568.139,-76.5309,246.559,69.8154,-208.175,37.6202,148.463
379,0,-184.011,-207.156,1534.34,-116.599,19.7606,1403.85,38.6165,17.7694,1445.13,-271.815,21.7517,1362.57,252.433,22.3172,1535.26,-390.363,-112.68,1179.77,436.991,12.0192,1644.37,-426.757,-264.641,1309.31,87.9358,35.3094,922.374,-86.898,-31.2747,890.788,53.2224,-3.94108,485.805,-53.9672,-114.659,567.863,-84.4426,241.151,68.6166,-208.957,37.7195,146.335
380,0,-184.105,-200.127,1537.82,-115.267,21.1603,1403.26,41.0666,20.249,1444.66,-271.6,22.0717,1361.86,257.232,25.4257,1531.81,-389.702,-102.742,1178.83,446.152,11.9264,1639.65,-420.945,-255.947,1306.97,87.8743,35.9503,922.473,-86.8442,-31.8875,890.66,52.3879,-5.81372,485.153,-53.0431,-116.76,567.841,-86.5278,238.002,68.5239,-208.874,30.6595,144.585
381,0,-180.127,-230.861,1537.51,-112.415,-1.70798,1395.65,45.9555,2.92402,1434.33,-270.785,-6.33998,1356.97,268.746,22.087,1489.9,-386.051,-150.952,1160.45,474.48,-1.25708,1583.26,-403.683,-340.111,1287.22,87.8517,37.743,922.745,-86.8332,-33.5787,890.47,52.173,8.78439,481.05,-52.5719,-117.52,567.439,-84.4098,245.804,59.3134,-210.622,20.823,138.677
382,0,-179.048,-228.064,1538.38,-109.776,0.717164,1393.77,49.3347,2.85991,1430.98,-268.887,-1.42559,1356.57,272.047,18.5452,1481.85,-385.305,-129.791,1164.21,473.872,-2.29769,1571.23,-408.419,-294.028,1289.01,87.7701,38.2504,922.777,-86.7567,-34.1246,890.434,51.8691,5.70324,478.94,-49.8652,-122.208,567.447,-86.4461,242.133,57.672,-210.57,4.43274,137.92
383,0,-174.872,-230.508,1538.3,-105.143,-3.06968,1389.53,55.0211,-0.305087,1426.06,-265.306,-5.83427,1353.01,282.875,16.3562,1461.61,-381.967,-144.234,1150.96,495.377,-3.11827,1523.08,-395.307,-328.391,1276.05,87.7594,39.5127,922.802,-86.751,-35.3485,890.42,51.865,11.0402,472.306,-47.9878,-126.285,567.755,-86.8417,239.583,51.9832,-210.558,-20.5296,128.009
384,0,-167.96,-233.197,1536.95,-97.6329,-6.19419,1384.16,63.8802,-3.23395,1418.72,-259.146,-9.15442,1349.6,294.845,15.0623,1430.37,-373.618,-151.405,1140.39,519.492,-4.15883,1470.5,-383.168,-340.498,1265.13,87.8765,39.9062,922.79,-86.8941,-35.7694,890.451,52.6149,14.9515,470.35,-48.4386,-130.362,569.209,-86.2186,238.688,44.0295,-211.947,-16.7694,128.178
385,0,-165.011,-234.053,1536.39,-93.635,-6.52047,1382.24,67.8148,-4.51794,1416.23,-255.085,-8.52299,1348.26,296.366,13.7093,1425.62,-366.648,-149.392,1133.89,519.04,-1.69067,1460.49,-375.629,-338.052,1258.25,87.934,40.3348,922.793,-86.9569,-36.1722,890.462,52.2216,14.4413,470.593,-48.8929,-129.482,569.185,-85.8093,237.451,42.8415,-214.715,-14.3645,128.387
386,0,-162.212,-227.611,1534.11,-90.3616,1.54679,1377.56,71.6259,5.00787,1409.87,-252.349,-1.91428,1345.26,301.194,24.1378,1393.53,-360.365,-141.561,1127.51,522.79,13.2456,1391,-379.22,-310.98,1249.37,88.2134,40.7561,922.737,-87.2381,-36.5765,890.513,52.2519,11.9333,470.351,-49.3217,-132.296,568.709,-86.0507,223.93,38.5709,-215.752,-32.2433,125.997
387,0,-161.304,-219.432,1534.01,-89.1658,8.17316,1377.73,72.6373,13.5606,1409.7,-250.969,2.78576,1345.76,302.316,32.9232,1390.47,-359.251,-133.238,1127.88,525.165,22.2479,1386.69,-377.378,-308.846,1244.29,88.5038,41.3771,922.727,-87.5436,-37.1226,890.528,56.3023,14.6722,470.635,-49.4828,-133.58,567.818,-76.9306,228.117,39.1573,-216.641,-30.1806,122.549
388,0,-160.502,-224.946,1529.43,-86.4099,8.50309,1376.93,75.4906,13.124,1407.69,-248.31,3.88213,1346.16,302.411,30.4312,1376.63,-355.282,-128.165,1127.66,523.528,24.398,1346.85,-374.62,-301.622,1235.44,88.7676,41.2819,922.482,-87.8197,-37.0433,890.79,56.6429,13.1031,471.352,-49.8202,-131.654,567.039,-71.2537,214.331,27.7463,-219.176,-23.4105,118.399
389,0,-159.084,-209.818,1527.37,-85.1179,23.5496,1376.44,76.0448,22.8039,1406.22,-246.281,24.2954,1346.65,302.611,37.7986,1367.38,-353.481,-106.184,1127.73,520.105,27.2654,1330.9,-376.335,-298.382,1235.58,88.9092,40.5557,921.803,-87.9486,-36.2411,891.414,56.8872,5.35214,470.615,-52.1491,-126.436,564.23,-81.0433,181.354,23.5459,-228.052,-20.3858,116.74
390,0,-157.471,-218.425,1524.2,-79.8836,18.4114,1374.26,81.8616,19.4237,1401.52,-241.629,17.3992,1346.99,306.689,35.9364,1333.19,-349.797,-111.985,1128.57,524.528,24.5728,1270.42,-368.398,-306.971,1230.22,89.2028,40.5531,921.443,-88.2579,-36.2737,891.829,55.6362,11.9474,471.195,-53.1834,-125.173,564.201,-79.4516,185.808,24.8528,-228.858,-16.9825,115.768
391,0,-157.009,-215.775,1519.26,-75.6382,23.1811,1374.88,85.2014,19.2751,1401.64,-236.478,27.0871,1348.11,308.644,33.7263,1328.54,-343.607,-96.1705,1129.97,519.81,21.8553,1262.55,-368.233,-304.47,1226.52,89.3872,39.9705,920.504,-88.4152,-35.6867,892.756,55.5345,11.2164,470.502,-56.9764,-117.721,563.887,-79.8902,177.323,26.0578,-229.782,-14.2601,113.029
392,0,-150.883,-215.757,1519.14,-67.2555,20.5578,1370.3,93.8156,14.261,1392.26,-228.327,26.8545,1348.34,310.059,26.1243,1296.93,-335.192,-94.8228,1129.88,519.059,13.1535,1204.3,-352.39,-297.74,1217.1,89.7948,39.6111,919.879,-88.822,-35.3842,893.478,54.8591,22.6004,470.812,-59.0293,-101.283,563.637,-71.4452,180.179,28.5566,-230.852,-18.1855,104.313
393,0,-146.531,-187.427,1518.25,-64.4521,36.2571,1368.25,95.8029,23.4248,1388.3,-224.707,49.0894,1348.2,305.779,33.2213,1286.29,-333.548,-56.7285,1124.07,511.322,22.594,1189.65,-351.753,-253.739,1210.49,90.2153,38.986,919.215,-89.1768,-34.7514,894.19,54.9882,14.908,471.194,-63.2717,-102.085,562.496,-73.3733,157.459,27.9975,-230.915,-38.72,95.6773
394,0,-133.399,-181.818,1518.23,-60.5544,40.2808,1366.81,101.595,25.6856,1384.42,-222.704,54.8759,1349.2,303.613,36.1843,1271.83,-333.852,-49.4878,1128.69,505.054,24.5404,1148.97,-337.731,-237.473,1211.61,90.4732,38.1183,918.338,-89.3599,-33.9095,895.109,54.1718,9.05825,471.502,-72.5948,-102.708,559.377,-70.4437,132.371,24.5721,-233.017,-54.656,83.9445
395,0,-129.919,-178.32,1518.09,-56.4134,44.523,1366.48,106.812,28.5883,1383.23,-219.639,60.4576,1349.74,302.18,37.2875,1265.57,-333.76,-44.9167,1130.01,500.321,23.2575,1140.21,-333.023,-233.31,1208.1,90.7456,37.6252,917.733,-89.5663,-33.4057,895.766,52.767,3.95577,471.315,-75.0432,-105.187,558.846,-69.2904,123.746,23.7562,-232.708,-73.357,80.2224
396,0,-124.439,-178.534,1515.65,-52.0037,44.6041,1364.32,109.468,27.3548,1377.39,-213.475,61.8534,1351.25,301.36,36.5304,1248.26,-332.578,-44.6226,1130.79,492.669,22.8405,1099.77,-322.821,-226.221,1213.01,90.8137,36.55,916.734,-89.6006,-32.3076,896.727,52.6457,2.84519,471.49,-83.2238,-103.424,558.907,-57.119,126.251,24.1666,-235.441,-64.7656,76.5168
397,0,-117.817,-178.499,1515.6,-48.6252,44.6644,1365.17,113.103,26.1774,1376.89,-210.353,63.1514,1353.44,300.057,35.3779,1243.56,-332.88,-42.5933,1132.57,486.982,21.7726,1091.25,-324.286,-223.567,1211.46,91.016,35.3976,916.018,-89.741,-31.1528,897.439,52.3861,2.42448,471.659,-85.9033,-103.666,559.091,-56.1449,135.87,25.3469,-237.017,-65.8801,75.9519
398,0,-106.034,-180.409,1513.43,-42.4981,42.7981,1360.51,119.741,25.268,1367.38,-204.738,60.3281,1353.64,295.841,33.7151,1223.3,-332.19,-57.1426,1144.86,461.239,8.37239,1050.34,-312.698,-254.072,1216.45,91.0954,35.3007,915.638,-89.7848,-31.0282,897.848,52.4076,3.66441,470.815,-89.2746,-104.068,559.122,-48.9628,137.329,26.3233,-239.857,-71.1464,69.8686
399,0,-109.817,-158.698,1512.38,-38.4756,52.9376,1359.27,121.616,29.9278,1363.2,-198.567,75.9474,1355.34,288.726,32.9983,1212.63,-327.795,-46.0068,1146.77,441.474,6.51894,1041.25,-306.146,-242.288,1216.45,91.2421,34.3703,914.682,-89.8718,-30.0378,898.794,49.3837,-4.48323,467.987,-93.9855,-102.011,559.14,-50.1335,98.0509,22.8444,-243.313,-67.5741,70.8389
400,0,-93.9863,-132.402,1510.07,-27.2979,74.774,1354.66,132.269,58.4134,1352.39,-186.865,91.1346,1356.93,279.516,52.9862,1174.7,-324.327,-40.7731,1154.75,413.228,21.7829,995.068,-292.109,-241.233,1205.59,91.336,34.3687,914.062,-89.9336,-30.0166,899.372,48.3991,-6.07881,466.204,-98.6507,-100.65,558.946,-50.4444,97.1066,23.5377,-242.53,-64.9368,71.545
401,0,-90.5635,-137.077,1488.26,-23.5732,75.7664,1346.15,133.241,57.8959,1335.48,-180.388,93.637,1356.82,267.29,52.3477,1159.3,-320.854,-37.4408,1161.45,397.864,23.0218,979.081,-268.006,-234.827,1208.74,91.3406,34.1822,913,-89.9234,-29.745,900.433,47.8044,-7.39473,463.29,-96.8527,-100.853,558.919,-51.1067,80.7221,24.2296,-240.892,-85.0441,72.8906
402,0,-78.9364,-143.838,1477.61,-14.094,71.4605,1343.75,139.035,54.4623,1327.14,-167.223,88.4586,1360.35,251.462,51.0602,1136.37,-312.042,-39.4985,1207.57,376.873,28.135,940.686,-227.992,-224.226,1223.13,91.2499,33.9876,911.558,-89.8,-29.5054,901.881,47.4188,-12.6853,463.411,-96.8338,-95.0655,559.013,-51.8495,68.3369,25.087,-240.597,-85.9432,71.2473
403,0,-70.9838,-84.2322,1475.86,-7.40875,114.608,1338.29,141.887,102.305,1315.9,-156.705,126.91,1360.68,243.04,83.4965,1117.41,-298.771,-1.22174,1209.12,372.831,54.6383,924.117,-205.313,-174.069,1226.81,91.2055,34.0097,910.114,-89.7242,-29.5063,903.256,47.1989,-24.23,463.705,-95.758,-95.5656,559.183,-56.1679,55.192,36.2632,-239.501,-97.6748,72.2248
404,0,-56.6915,-55.7461,1470.27,-1.19902,128.322,1330.2,144.881,114.133,1299.16,-147.279,142.51,1361.24,236.053,93.7046,1091.23,-286.569,10.1007,1222.44,363.636,74.2043,873.569,-193.217,-152.947,1238.58,90.8897,33.8482,908.358,-89.3081,-29.3056,904.996,41.3523,-30.4098,463.785,-95.6849,-95.623,561.382,-62.538,33.8981,43.3157,-235.801,-107.485,78.5578
405,0,-53.834,-64.4831,1470.28,1.99698,122.418,1329.27,146.354,106.785,1295.89,-142.36,138.05,1362.65,233.209,86.919,1085.8,-274.522,9.10834,1232.13,357.339,68.1525,873.927,-188.753,-148.867,1248.36,90.4718,33.2428,907.277,-88.7624,-28.609,905.996,38.1976,-34.8992,463.968,-95.9626,-91.8507,561.511,-62.8982,30.9686,48.4824,-232.402,-97.9211,85.1498
406,0,-23.5041,-46.3818,1473.04,13.8379,129.546,1342.13,153.214,121.569,1300.1,-125.538,137.522,1384.16,226.994,90.4222,1090.76,-276.542,0.060964,1276.88,342.605,65.5573,870.33,-218.882,-164.598,1263.59,89.1252,33.5331,905.613,-87.1979,-28.8831,907.734,38.033,-33.1923,464.039,-95.3613,-92.3906,563.287,-62.9218,12.8101,52.789,-225.983,-125.544,85.4155
407,0,-16.3852,-28.1958,1473.65,21.9317,136.456,1350.63,158.995,135,1298.39,-115.132,137.912,1402.87,226.127,97.2634,1088.02,-280.945,-5.70092,1292.3,344.046,68.0751,862.763,-232.452,-169.382,1269.37,88.0797,35.2594,902.757,-85.9217,-30.6506,910.684,36.2103,-28.6039,464.21,-95.9485,-94.5707,567.529,-62.4668,13.6559,52.9947,-215.242,-139.269,85.7376
408,0,-16.3111,37.8118,1474.58,22.4925,180.301,1350.74,155.768,173.008,1286.36,-110.783,187.594,1415.11,217.099,124.887,1083.55,-275.524,91.2022,1341.46,323.214,104.215,860.394,-260.909,-17.812,1311.7,87.8871,34.8629,898.452,-85.5747,-30.4032,915.399,35.736,-36.5729,466.262,-99.4784,-99.9917,569.664,-57.3545,-31.1887,62.2566,-215.121,-163.848,94.7924
409,0,27.7217,94.7746,1478.25,35.2137,219.333,1362.08,154.165,260.705,1278.83,-83.7381,177.962,1445.32,204.406,221.36,1075.93,-259.4,55.8722,1334.68,310.083,190.536,863.019,-283.567,-37.8129,1306.27,82.4995,49.9115,885.511,-80.0113,-45.1226,929.515,34.2684,-2.99099,471.178,-92.9845,-118.264,589.782,-48.2334,2.77444,62.8335,-176.929,-183.486,106.922
410,0,27.987,92.7298,1478.78,39.481,220.658,1359.28,152.689,252.762,1269.88,-73.7271,188.555,1448.68,199.1,218.074,1070.24,-236.263,42.3854,1366.45,303.973,202.281,856.152,-283.128,-86.2272,1344.42,78.3171,50.4724,880.348,-75.5412,-45.7883,934.835,25.8216,-3.22261,479.07,-92.1123,-123.883,593.311,-43.0087,-39.0084,66.9833,-173.298,-193.975,124.194
411,0,51.0134,77.5739,1492.25,50.1752,214.336,1375.9,151.092,256.505,1275.88,-50.7411,172.166,1475.92,183.43,242.509,1075.79,-218.176,-5.75536,1415.22,289.353,243.937,865.694,-280.254,-199.996,1382.59,70.371,58.4779,876.328,-67.6773,-53.9189,938.931,21.7115,7.50366,488.982,-90.5379,-124.231,601.277,-28.3368,-34.9057,67.49,-152.905,-185.087,141.396
412,0,54.8125,97.3621,1494.04,50.6986,226.044,1380.55,149.737,285.429,1277.07,-48.3399,166.659,1484.04,179.61,269.53,1074.25,-233.341,-5.05731,1380.54,291.133,259.464,864.346,-313.818,-199.753,1332.15,65.2553,64.3177,870.519,-62.4937,-59.9793,944.903,13.8135,9.30417,490.804,-87.0473,-126.066,610.602,-26.3367,-29.4262,66.3532,-147.48,-188.483,153.801
413,0,73.5634,73.775,1504.48,60.9135,212.572,1385.7,149.799,264.316,1276.84,-27.9721,160.827,1494.56,183.486,256.244,1073.18,-155.402,-6.52659,1459.69,292.924,254.12,858.669,-275.751,-189.608,1462.16,60.8508,67.0181,870.573,-57.8768,-62.9404,944.919,14.2488,8.61992,494.332,-81.0727,-127.141,607.336,-14.4977,-59.1146,65.8146,-135.036,-202.393,150.441
414,0,83.0259,45.402,1524.69,67.4013,186.545,1394.77,151.729,240.174,1282.06,-16.9259,132.916,1507.48,187.113,236.121,1081.7,-131.326,-27.492,1496.76,292.386,233.764,865.441,-260.678,-188.534,1497.02,58.5656,70.7522,872.242,-55.4834,-66.8842,942.972,15.5406,11.9322,496.024,-77.7834,-126.771,604.534,12.2127,-41.2522,65.6451,-131.843,-188.961,145.023
415,0,111.393,69.2616,1520.56,75.203,201.26,1384.54,150.762,269.96,1269.5,-0.356399,132.56,1499.59,187.156,266.265,1061.77,-91.6268,-30.4682,1507.28,289.119,266.7,831.981,-236.604,-187.651,1536.89,53.2964,72.5901,871.82,-49.8454,-68.8555,943.643,16.7741,12.234,502.485,-74.8207,-126.145,603.79,30.442,-58.5073,67.9184,-125.122,-196.466,147.717
416,0,121.874,53.6453,1523,83.0753,185.727,1391.67,151.324,259.466,1274.05,14.8268,111.987,1509.29,187.378,264.197,1069.44,-86.5819,-44.8171,1520.86,286.404,267.471,846.012,-229.977,-187.728,1543.87,50.0089,77.5106,871.87,-46.5993,-73.8845,943.417,17.4994,27.3887,503.578,-70.1769,-125.81,602.181,29.9966,-44.9147,67.0821,-117.959,-189.643,147.36
417,0,143.986,104.438,1502.03,90.2513,210.527,1377.94,144.987,297.933,1256.67,35.5159,123.12,1499.21,177.357,289.776,1055.49,-62.2192,-32.07,1533.72,280.702,292.314,824.745,-223.165,-144.847,1565.3,40.8211,78.9295,870.707,-36.8058,-75.4316,944.716,18.9413,27.3979,510.698,-66.3579,-126.073,603.681,36.1109,-39.8247,78.6936,-104.66,-190.533,160.894
418,0,146.033,97.6607,1497.05,92.0645,207.462,1376.16,141.912,292.282,1255.88,42.2173,122.641,1496.45,173.287,280.997,1056.01,-60.8823,-40.0406,1524.93,272.886,284.272,834.416,-223.295,-149.826,1548.55,37.3641,80.2988,870.833,-33.4126,-76.6097,944.497,21.5915,26.5829,512.619,-56.7654,-130.722,603.2,26.1059,-33.5783,79.7091,-109.284,-207.982,156.257
419,0,172.812,111.475,1485.05,104.944,216.394,1369.09,141.137,309.435,1246.47,68.7503,123.352,1491.71,175.578,301.536,1048.41,-17.563,-39.0411,1540.01,277.947,313.628,829.164,-182.938,-155.574,1613.35,32.2344,82.664,870.161,-28.1497,-78.9972,945.191,41.6243,25.8117,515.627,-57.1582,-137.405,605.326,41.7861,-34.6057,83.0493,-92.7564,-211.691,163.526
420,0,179.694,99.7813,1481.32,109.646,208.875,1369.24,136.343,303.599,1247.57,82.9495,114.15,1490.91,174.419,303.109,1047.91,-1.63413,-63.9568,1540.84,277.88,324.037,829.804,-157.694,-197.549,1609.12,26.6083,86.7858,870.239,-22.4079,-83.1144,944.966,52.2911,30.5849,514.694,-54.9945,-139.154,604.416,68.577,-29.7533,82.1486,-82.4955,-224.578,162.853
421,0,190.064,120.023,1472.94,117.548,220.864,1366.13,136.478,323.457,1241.88,98.6171,118.271,1490.38,177.848,331.187,1050.06,56.2106,15.1658,1589.83,283.889,356.721,831.467,-90.7176,-13.1528,1733.84,27.877,88.5008,869.217,-23.4121,-85.3572,946.318,66.8651,32.0746,513.117,-53.9896,-152.596,604.041,70.3792,4.56244,85.591,-68.9501,-221.536,164.95
422,0,199.012,134.49,1468.45,123.789,226.504,1362.04,136.415,330.367,1236.35,111.163,122.64,1487.73,178.779,331.506,1045.53,62.047,42.5984,1584.91,287.684,351.581,829.264,-72.714,18.2383,1740.59,26.588,89.8205,868.159,-21.7221,-86.951,947.494,69.2946,33.5306,511.97,-46.1839,-157.067,603.593,86.4211,13.1293,86.3689,-48.512,-224.369,171.128
423,0,211.337,161.078,1440.02,130.082,243.169,1353.72,135.243,352.224,1221.08,124.92,134.114,1486.37,179.199,351.016,1032.04,112.948,71.9722,1586.96,290.468,363.578,809.6,5.41513,63.4628,1773.19,24.5664,91.7285,867.258,-19.2485,-89.0445,948.624,78.4779,34.1543,511.299,-45.8893,-164.86,603,96.3696,18.1622,90.6555,-36.4932,-236.796,173.816
424,0,211.743,161.884,1433.31,129.982,255.831,1349.98,135.009,365.052,1214.86,124.955,146.61,1485.11,180.748,373.17,1028.13,110.554,65.5747,1579.5,290.63,383.514,809.052,7.16463,15.0889,1769.72,24.3527,93.2484,866.088,-18.8708,-90.4691,949.734,80.0099,38.2838,510.687,-39.8083,-182.083,602.282,108.631,24.7283,95.0478,-32.8542,-271.603,176.39
425,0,229.179,179.89,1403.14,133.302,267.619,1330.6,134.632,379.251,1192.6,131.973,155.987,1468.59,182.152,389.41,1011.19,142.925,61.3354,1567.89,291.982,400.074,795.028,91.1212,3.41543,1770.76,22.8208,95.4787,865.585,-17.0899,-92.6318,950.11,88.5113,52.2592,511.79,-29.4553,-179.207,597.135,123.337,53.3308,110.03,-20.4801,-253.509,178.011
426,0,237.246,164.608,1402.89,132.211,262.932,1330.01,139.684,372.388,1194.15,124.739,153.476,1465.88,183.146,397.52,1013.03,146.528,35.577,1552.88,292.546,414.585,805.331,106.796,-55.8341,1761.73,24.3184,96.4739,864.047,-18.7587,-93.3309,951.337,86.6127,53.1412,511.379,-18.7921,-185.657,596.113,125.389,47.8587,116.219,-13.3939,-271.532,177.68
427,0,261.301,146.649,1402.58,146.752,244.86,1325.96,147.031,355.152,1201.65,146.472,134.568,1450.28,189.449,382.31,1020.03,180.019,-10.5433,1544.7,293.868,401.683,808.837,171.196,-92.0911,1763.75,23.3691,99.8035,865.14,-17.8756,-96.7017,949.878,90.1738,63.689,509.379,-3.87416,-186.059,590.203,141.735,64.8496,113.998,-5.92193,-269.446,176.817
428,0,266.062,139.035,1401.99,150.735,230.328,1325.36,148.717,342.549,1208.86,152.753,118.108,1441.85,190.972,372.223,1026.02,185.045,-39.6781,1537.57,294.383,393.574,815.785,188.448,-127.132,1756.07,21.8831,101.846,867.494,-16.4382,-98.6088,946.984,91.7251,70.764,507.2,2.89854,-193.774,580.789,153.872,84.9728,111.254,-11.1782,-288.863,174.391
429,0,273.982,136.398,1394.57,155.979,232.865,1318.47,150.301,347.099,1207.02,161.657,118.631,1429.91,195.758,384.922,1028.37,215.076,-40.321,1531.52,296.806,411.381,816.491,243.924,-133.114,1745.75,19.6977,102.493,867.952,-14.216,-99.2249,946.336,94.2426,76.5357,505.085,8.04898,-191.863,578.902,167.39,93.3669,115.348,-3.79258,-288.991,173.093
430,0,279.507,132.311,1388.33,160.534,232.148,1317.32,151.153,346.422,1210.21,169.915,117.875,1424.44,195.811,394.912,1029.44,224.935,-36.5188,1528.05,297.282,426.645,819.778,257.519,-129.416,1734.81,18.0818,103.873,868.997,-12.6549,-100.497,945.049,95.7814,78.2603,505.048,15.7941,-198.242,579.32,161.584,108.138,120.216,-5.92121,-301.093,172.446
431,0,284.01,121.841,1396.66,169.261,217.015,1317.56,152.349,343.747,1211.38,186.173,90.2828,1423.74,197.931,377.211,1039.15,275.343,-35.9827,1525,301.245,400.581,822.615,315.07,-89.8778,1731.1,15.3344,105.989,872.989,-9.94366,-102.779,940.784,95.5722,85.591,504.297,16.2248,-194.452,579.666,162.93,132.379,117.899,-8.62051,-288.55,173.31
432,0,285.817,120.236,1393.3,173.053,212.501,1317.76,155.286,338.771,1214.3,190.82,86.2314,1421.22,200.647,369.591,1040.28,276.862,-35.414,1522.91,301.789,389.855,824.67,319.735,-81.5135,1737.43,15.4714,106.504,874.334,-10.0873,-103.325,939.342,101.628,80.0707,501.398,14.7368,-202.48,579.939,173.897,114.539,117.182,-10.4935,-300.07,172.8
433,0,291.27,116.64,1385.01,177.62,205.11,1315.91,155.038,335.26,1216.13,200.202,74.9603,1415.69,200.671,365.571,1041.32,309.995,-35.6737,1517.21,301.35,383.945,825.472,354.981,-62.4838,1722.9,13.9558,107.51,876.077,-8.43303,-104.579,937.534,105.1,87.4917,501.426,20.5115,-198.299,580.466,176.074,138.131,115.435,-0.536013,-290.223,170.277
434,0,292.114,116.252,1383.24,179.505,204.046,1314.54,154.662,332.903,1217.65,204.347,75.1884,1411.42,200.686,360.283,1043.21,314.907,-34.5024,1510.16,301.339,377.479,825.774,362.046,-54.1391,1714.24,11.4419,108.138,876.789,-5.8452,-105.298,936.769,105.436,86.3906,501.252,30.1341,-198.27,587.264,175.18,135.446,114.146,6.72401,-292.564,171.447
435,0,291.832,142.481,1358.94,180.371,217.053,1299.47,152.493,347.76,1203.85,208.249,86.3454,1395.1,202.896,378.33,1038.21,335.001,-24.8469,1486.21,301.56,395.284,818.249,404.263,-47.1714,1709.37,7.58695,108.33,876.533,-1.67569,-105.523,937.029,108.276,83.0631,500.912,40.5854,-209.675,593.576,180.999,122.842,115.295,24.1742,-338.942,177.548
436,0,292.332,145.836,1352.07,182.484,218.154,1287.06,148.999,347.873,1191.39,215.97,88.4357,1382.74,202.246,374.636,1030.84,365.977,-14.2024,1468.63,300.585,387.605,810.255,461.199,-29.6166,1685.61,3.99446,108.179,876.455,2.04546,-105.408,937.081,108.742,91.2995,500.939,40.2035,-205.386,593.628,188.796,132.621,118.652,27.2105,-319.745,178.464
437,0,295.914,144.51,1354.86,185.985,217.216,1290.66,146.346,344.191,1196.02,225.625,90.2418,1385.3,197,370.214,1037.87,373.213,-10.0254,1468.09,297.666,382.58,818.54,470.007,-18.0302,1674.02,-0.689927,108.268,876.835,6.77164,-105.495,936.598,109.157,95.9489,504.646,59.9068,-202.626,592.987,184.335,144.154,126.15,23.9321,-313.102,177.677
438,0,296.749,149.7,1345.91,183.385,222.014,1285.47,138.225,346.417,1193.83,228.546,97.6112,1377.1,194.811,374.054,1037.96,382.04,0.929092,1445.43,298.242,390.518,819.812,493.45,-3.97251,1624.67,-4.50599,108.001,876.836,10.6159,-105.223,936.596,108.103,100.674,511.807,56.5631,-205.859,592.999,190.931,152.77,130.279,17.7288,-327.249,178.811
439,0,304.406,148.067,1341.64,187.078,221.648,1283.88,138.454,344.234,1192.99,235.702,99.0621,1374.78,198.85,372.027,1035.8,389.463,6.21443,1440.07,302.798,389.497,818.873,503.861,-0.965954,1612.3,-5.776,107.696,876.989,11.8423,-104.945,936.397,110.963,104.624,512.305,61.1911,-188.777,589.72,198.89,164.526,130.725,23.2086,-289.315,178.393
440,0,299.781,169.314,1333.09,184.402,231.666,1277.76,126.696,347.565,1186.7,242.109,115.766,1368.81,186.75,369.57,1032.62,418.961,24.0625,1429.21,300.079,386.029,819.855,549.494,28.7578,1576.16,-12.5439,107.524,876.997,18.7022,-104.667,936.345,111.079,110.594,517.526,63.5216,-154.804,582.523,201.141,155.998,137.235,25.3126,-242.401,172.103
441,0,299.617,169.993,1337.43,183.133,232.367,1278.87,124.499,347.885,1188.93,241.767,116.849,1368.8,185.987,367.813,1033.41,417.477,21.3082,1424.7,299.947,384.388,820.606,552.543,14.726,1568.16,-13.5946,107.288,877.17,19.6351,-104.465,936.086,112.955,111.509,519.221,58.1439,-144.929,579.408,198.73,158.704,137.588,23.8326,-226.415,164.505
442,0,300.199,179.353,1340.95,184.926,236.553,1279.91,121.84,354.148,1190.01,248.011,118.957,1369.81,186.542,383.054,1032.9,419.277,19.6283,1410.52,305.109,411.26,819.444,573.42,4.32739,1521.56,-15.4636,107.22,877.173,21.3683,-104.427,936.079,120.428,107.724,521.192,53.3978,-147.154,578.694,215.315,151.631,141.389,20.8214,-230.083,163.916
443,0,304.282,192.557,1327.43,182.111,244.505,1272.09,116.777,363.742,1181.98,247.445,125.268,1362.21,186.695,387.426,1022.51,420.442,23.8627,1401.12,306.75,409.86,803.986,577.064,7.93844,1512.64,-16.3071,107.105,876.716,22.254,-104.361,936.486,126.054,105.163,521.507,50.4311,-149.366,579.343,220.382,147.603,143.019,19.7516,-234.355,165.207
444,0,307.847,202.054,1319.05,185.938,245.842,1267.6,115.687,364.334,1180.99,256.19,127.349,1354.22,185.983,383.742,1017.39,442.982,25.5914,1372.83,306.734,404.412,795.866,610.04,11.6957,1457.28,-18.3715,106.947,876.684,24.331,-104.222,936.5,129.037,104.512,520.907,48.5327,-144.651,574.509,229.92,116.877,141.296,17.5405,-231.823,163.355
445,0,304.967,227.117,1301.41,183.804,250.684,1262.29,103.033,364.58,1177.39,264.575,136.788,1347.19,173.125,381.958,1007.16,445.243,36.9563,1359.86,302.682,401.244,781.918,619.354,19.8843,1443.36,-24.5488,106.859,876.663,30.7123,-104.143,936.519,127.999,100.126,520.027,46.4905,-144.126,573.349,228.044,80.9376,140.43,18.0749,-234.201,160.857
446,0,306.947,245.705,1299.92,187.056,260.514,1258.57,99.8368,374.2,1171.99,274.275,146.829,1345.16,166.017,382.296,998.861,451.648,37.2824,1326.81,300.383,398.299,781.556,624.767,11.6343,1378.36,-29.9835,106.778,875.82,36.1619,-104.078,937.385,128.553,98.9036,519.158,44.9046,-140.21,566.166,233.162,73.6362,139.238,17.0771,-235.696,151.398
447,0,305.632,257.196,1290.62,183.605,271.838,1253.44,95.5341,384.437,1163.13,271.675,159.238,1343.75,153.593,381.341,983.924,446.893,47.0811,1323.15,288.956,396.609,769.686,622.412,20.7597,1371.92,-30.4773,106.688,874.816,36.7302,-103.965,938.435,140.38,79.1437,519.388,43.7606,-142.354,564.597,237.307,13.8647,141.51,18.4501,-248.927,151.05
448,0,303.268,256.315,1283.95,175.85,275.389,1250.15,80.6997,389.935,1162.18,271,160.843,1338.12,131.154,393.558,987.586,453.441,43.9693,1290.51,269.87,414.711,775.688,633.989,14.5859,1308.74,-33.3563,106.62,874.247,39.5679,-103.902,938.969,138.253,75.6807,519.162,38.39,-144.116,564.048,241.057,24.7166,140.441,14.6485,-257.366,150.276
449,0,302.612,247.881,1294.12,174.381,273.323,1250.9,79.5742,389.1,1165.47,269.188,157.546,1336.34,133.184,396.963,992.19,456.724,41.1348,1286.51,266.69,417.015,778.566,639.773,10.6614,1302.7,-33.9212,106.508,874.255,40.0021,-103.8,938.956,136.094,75.8107,518.997,37.2836,-142.828,562.022,245.391,38.4337,139.737,14.2639,-255.815,147.776
450,0,301.373,259.949,1283.29,170.466,275.927,1247.65,69.0659,393.948,1164.84,271.867,157.906,1330.47,108.679,397.24,992.57,458.753,36.2649,1249.09,245.975,414.159,780.806,648.29,-15.5205,1242.83,-36.8238,106.403,873.977,42.8589,-103.706,939.293,137.259,68.5482,519.073,35.2675,-152.26,562.312,245.565,22.0487,141.257,11.9602,-284.778,148.121
451,0,302.675,254.627,1282.41,172.168,275.715,1247.69,72.2019,395.379,1166.46,272.135,156.051,1328.93,111.772,403.609,995.062,463.205,32.805,1245.08,246.633,421.236,782.904,653.842,-21.5529,1236.35,-36.5436,106.341,873.829,42.5047,-103.637,939.437,136.147,69.8283,518.9,32.4085,-150.184,561.865,244.723,27.4598,141.035,4.13905,-279.067,148.505
452,0,307.412,245.635,1274.82,166.199,272.034,1243.75,61.8725,394.091,1168.08,270.525,149.977,1319.41,94.8188,418.392,1003.21,466.528,17.404,1217.99,226.568,461.308,785.809,651.702,-27.9816,1173.28,-40.0072,106.695,874.08,45.7541,-104.025,939.102,135.095,76.1206,518.708,21.9514,-144.942,554.302,262.797,51.9072,139.485,-21.5406,-266.955,148.951
453,0,307.713,246.529,1266.07,161.962,270.503,1241.99,53.9333,392.831,1169.38,269.99,148.174,1314.6,80.6947,433.613,1003.36,466.884,2.57438,1210.81,211.257,501.245,787.23,656.62,-53.3561,1165.11,-42.7633,106.649,874.255,48.4449,-103.977,938.95,133.531,77.1322,520.215,12.115,-145.513,546.677,257.839,53.8762,136.52,-49.7897,-266.664,149.304
454,0,306.703,257.021,1248.18,155.636,269.185,1236.01,42.806,391.983,1170.44,268.465,146.388,1301.59,70.3511,426.156,1003.74,459.626,-1.78515,1166.56,200.101,478.294,788.31,639.201,-55.5264,1100.56,-46.7977,106.594,874.425,52.419,-103.935,938.813,128.2,87.6344,521.072,-3.15462,-144.952,545.163,257.065,89.0079,135.467,-79.4561,-262.356,149.469
455,0,305.969,265.765,1236.9,150.231,268.511,1232.6,33.4119,391.01,1169.11,267.051,146.012,1296.09,58.1586,422.3,1002.27,452.637,-7.13207,1161.52,188.739,462.692,787.845,629.985,-65.1097,1097.96,-49.6074,106.543,874.488,55.2283,-103.886,938.787,124.898,91.3949,524.449,-6.20048,-146.328,546.403,256.567,96.9764,135.225,-91.6171,-275.146,150.415
456,0,305.375,260.036,1233.34,152.402,264.093,1230.33,39.5026,390.317,1169.59,265.302,137.869,1291.07,69.3539,419.145,1003.65,448.062,-20.6138,1135.92,190.971,459.977,788.026,617.746,-75.9837,1042.03,-48.5846,106.576,874.57,54.1487,-103.915,938.731,124.74,91.1146,524.274,-12.5616,-146.232,546.691,257.816,96.8126,131.971,-107.951,-274.059,153.62
457,0,304.887,256.18,1226.16,152.021,261.12,1229.56,39.1568,390.29,1170.14,264.884,131.951,1288.97,66.4723,423.505,1008.11,443.918,-23.7718,1114.11,189.357,474.807,792.757,615.629,-76.1351,989.826,-48.0177,106.57,874.619,53.5522,-103.925,938.69,122.589,94.2778,524.056,-19.2356,-143.608,542.654,256.611,106.095,125.323,-139.039,-255.159,153.682
458,0,300.201,270.336,1220.83,146.39,260.754,1229.8,29.083,389.523,1169.1,263.697,131.986,1290.49,48.616,413.356,1004.07,442.726,-23.271,1110.52,180.777,459.327,793.111,605.702,-80.3768,985.476,-50.4499,106.168,874.53,55.8971,-103.539,938.831,122.48,94.161,523.454,-21.9692,-140.835,541.211,256.193,103.31,114.988,-145.939,-245.871,152.715
459,0,294.805,264.824,1218.03,144.641,259.397,1229.1,29.2392,389.854,1169.21,260.042,128.939,1288.99,50.6427,416.253,1005.69,435.42,-26.9561,1090.93,178.732,468.861,797.438,562.632,-81.1653,950.693,-49.6626,106.151,874.538,55.1199,-103.526,938.822,121.003,89.6664,523.365,-28.2512,-141.346,540.239,254.414,79.7777,113.703,-159.765,-246.112,153.78
460,0,290.228,266.294,1220.62,141.139,259.148,1229.6,22.4307,389.384,1172.87,259.847,128.913,1286.32,30.3962,415.585,1009.48,419.314,-26.8683,1064.27,157.409,461.87,816.233,517.727,-78.7321,918.798,-50.9631,106.015,874.718,56.3516,-103.397,938.637,118.652,82.0134,523.22,-29.6292,-141.543,541.212,236.865,52.8268,112.842,-172.005,-246.707,156.727
461,0,282.447,263.418,1218.02,137.561,257.687,1230.2,19.7042,388.389,1175.47,255.418,126.985,1284.93,23.4114,414.383,1015.7,400.258,-29.5451,1062.74,153.293,460.495,827.291,494.214,-81.5074,916.712,-50.8699,105.995,875.347,56.2269,-103.375,938.062,112.803,74.6246,525.628,-31.561,-144.72,542.001,217.54,41.2414,114.532,-178.699,-257.631,160.225
462,0,278.012,266.141,1217.13,129.815,250.977,1232.56,4.45964,375.56,1183.15,255.17,126.393,1281.96,-34.5442,409.305,1032.28,376.392,-36.4888,1055.69,74.1031,466.378,860.673,452.19,-96.0913,913.084,-54.242,105.158,877.556,59.3844,-102.488,935.897,97.3172,72.6439,531.588,-33.0595,-144.848,542.604,207.106,37.5762,120.285,-193.6,-256.285,161.575
463,0,277.289,271.18,1221.07,129.908,247.939,1238.58,1.8089,369.713,1193.08,258.007,126.165,1284.08,-51.0109,402.14,1044.94,375.623,-40.299,1059.76,50.389,463.055,873.224,457.494,-102.571,907.693,-57.8049,104.325,879.174,62.7263,-101.597,934.384,87.2236,72.6087,531.605,-32.4255,-142.899,543.07,195.611,41.7197,121.983,-195.472,-239.884,162.269
464,0,274.617,271.543,1220.79,127.132,245.716,1240.26,-3.81024,365.868,1201.43,258.075,125.564,1279.09,-62.1461,385.867,1048.94,364.827,-37.6865,1024.37,30.2284,452.628,872.493,426.635,-95.241,859.511,-60.1322,104.144,880.551,65.0513,-101.468,932.94,80.5332,71.0906,532.309,-38.6931,-142.197,546.877,189.929,32.3273,127.065,-211.844,-240.329,181.663
465,0,273.869,271.89,1224.61,125.302,241.562,1244.92,-9.1585,359.579,1211.22,259.762,123.545,1278.63,-71.8812,380.274,1064.37,366.653,-40.1583,1025.58,23.6476,451.519,890.38,436.008,-92.4705,860.807,-64.1,103.581,882.234,68.943,-100.936,931.23,73.461,71.274,532.878,-38.4677,-137.428,547.031,188.065,36.9373,127.983,-215.755,-227.037,181.697
466,0,270.252,273.876,1227.22,122.15,241.091,1248.25,-15.7145,357.942,1217.99,260.014,124.239,1278.51,-92.0032,376.657,1071.32,352.069,-33.7659,1014.84,1.10451,451.169,897.278,396.055,-65.3048,839.355,-66.5846,103.271,883.369,71.4883,-100.675,930.061,64.9534,62.2042,532.635,-46.171,-137.843,553.839,187.339,2.06916,127.673,-237.022,-227.584,202.523
467,0,268.441,273.917,1227.97,125.267,244.571,1247.37,-9.84374,358.417,1215.12,260.378,130.725,1279.62,-68.2932,379.104,1070.35,350.284,-10.1989,1012.03,30.3454,473.003,885.038,388.143,-23.4364,830.038,-66.0279,103.103,883.183,71.0543,-100.561,930.26,66.8036,44.6079,529.79,-56.0094,-154.317,557.906,189.911,-51.8594,124.577,-242.355,-297.467,218.437
468,0,264.687,275.231,1229.22,123.388,248.68,1245.08,-13.3323,357.786,1214.62,260.108,139.574,1275.54,-84.5793,388.893,1079.07,331.803,11.5772,1007.83,11.8644,532.552,911.999,351.282,1.94725,821.806,-65.5904,101.346,883.224,70.648,-98.7358,930.181,61.8375,22.5754,526.067,-59.4394,-164.35,562.938,173.909,-88.6404,119.776,-278.886,-308.375,225.446
469,0,257.466,294.029,1230.01,120.213,260.716,1243.84,-21.269,354.311,1217.16,261.694,167.122,1270.51,-97.0323,342.649,1072.68,320.625,71.0357,975.243,-13.0359,432.717,905.796,308.488,97.8183,797.107,-68.021,97.7319,883.49,73.3458,-95.5253,929.912,56.8855,26.8645,512.315,-61.1361,-168.704,572.96,164.548,-58.4442,103.435,-307.826,-335.243,250.055
470,0,256.005,305.443,1230.34,120.289,273.97,1241.3,-21.8333,355.138,1216.15,262.411,192.802,1266.45,-92.2249,341.768,1053.17,302.801,112.675,958.39,-12.7904,433.347,902.205,249.509,148.696,770.911,-68.9383,94.3039,883.282,74.4325,-92.5535,930.194,49.6869,25.78,499.526,-60.166,-179.562,585.476,160.773,-65.4172,85.0622,-321.099,-374.169,274.233
471,0,253.785,301.866,1229.72,120.642,274.338,1236.25,-20.8478,356.868,1214.7,262.132,191.808,1257.81,-93.2869,346.256,1052.49,288.418,117.521,942.914,-20.5117,430.063,893.462,230.104,161.265,767.521,-68.7091,94.4258,882.774,74.2888,-92.6545,930.684,54.0047,23.7115,497.317,-60.4459,-191.485,594.924,161.621,-69.109,86.5908,-315.59,-380.374,281.473
472,0,254.717,307.664,1230.73,123.019,282.729,1236.14,-17.1061,357.246,1213.71,263.143,208.212,1258.57,-80.5064,347.453,1033.98,282.719,144.25,949.313,0.226459,430.398,888.343,210.747,190.386,774.402,-68.5525,92.1459,882.079,74.2257,-90.7126,931.533,50.2426,21.3946,483.81,-58.7481,-195.59,605.006,154.919,-79.5609,76.259,-328.702,-398.295,300.32
473,0,254.4,306.723,1231.13,123.624,284.489,1234.39,-15.868,357.459,1213.34,263.116,211.519,1255.43,-82.2324,347.055,1025.73,277.73,150.382,944.496,-5.17388,431.436,875.329,201.919,198.581,771.366,-68.2615,91.2037,881.809,74.0083,-89.956,931.869,51.6173,17.7553,477.799,-59.109,-202.429,607.135,149.448,-89.7957,70.1118,-339.29,-416.021,308.776
474,0,254.421,310.571,1231.3,123.918,291.867,1231.34,-15.3325,363.962,1211.76,263.168,219.772,1250.92,-77.6586,349.653,1021.39,262.421,163.327,942.852,-3.68983,431.462,874.58,185.595,212.545,792.187,-67.8521,90.9811,881.334,73.5968,-89.7654,932.377,53.8745,15.923,475.847,-57.6867,-201.939,611.793,152.441,-95.5706,74.4734,-340.67,-409.348,315.731
475,0,255.09,310.078,1231.79,124.754,292.003,1231.05,-14.0543,365.91,1210.98,263.562,218.095,1251.13,-74.6432,348.738,1017.54,260.728,154.706,941.609,-8.11721,425.126,862.629,179.273,198.449,786.285,-67.5554,90.9291,881.228,73.3544,-89.7216,932.482,54.2859,16.5795,471.428,-56.4669,-206.221,612.274,146.74,-94.0017,69.5814,-347.537,-423.645,317.182
476,0,256.256,308.638,1241.06,127.374,288.884,1231.65,-12.5506,363.488,1212.8,267.298,214.279,1250.5,-72.7862,336.936,1018.58,266.082,160.009,934.576,-13.7476,413.651,862.259,151.898,231.848,803.72,-67.4814,90.7898,881.519,73.1787,-89.625,932.166,55.3959,20.0081,475.157,-55.5689,-203.757,608.724,147.72,-77.4315,72.8498,-364.774,-412.871,328.749
477,0,256.677,312.476,1249.05,129.743,289.659,1230.51,-11.6537,361.843,1212.52,271.141,217.474,1248.5,-71.9782,330.272,1018.15,268.612,167.376,933.056,-13.5896,405.138,859.017,150.034,235.186,807.403,-67.2007,89.5328,881.558,72.917,-88.4174,932.126,56.2657,22.1426,477.743,-54.8381,-202.878,611.97,148.055,-68.5096,73.9502,-361.112,-395.56,329.506
478,0,257.098,320.943,1261.36,131.958,289.056,1232.14,-10.7799,356.928,1216.33,274.696,221.185,1247.95,-73.9134,328.537,1026.55,269.704,194.815,939.908,-13.4857,408.348,879.539,154.775,287.556,813.249,-67.1354,88.0935,882.674,72.7772,-87.0735,931.135,57.2222,25.5339,479.624,-54.6445,-199.856,610.181,148.091,-48.1177,75.8981,-374.986,-372.219,343.632
479,0,256.845,332.483,1262.68,133.645,291.831,1230.2,-9.73701,356.174,1216.22,277.027,227.488,1244.17,-83.307,313.55,1018.56,273.303,197.709,944.498,-57.4231,377.514,815.927,159.559,283.444,822.55,-66.9228,86.6619,883.695,72.664,-85.6905,930.205,57.7118,26.5542,480.923,-54.0529,-198.356,610.614,139.945,-47.0773,77.1172,-365.983,-366.922,343.881
480,0,257.402,328.086,1267.91,135.168,278.074,1232.82,-8.48803,332.917,1222.96,278.823,223.231,1242.68,-80.2977,293.45,1044.08,261.821,196.413,942.984,-37.3575,371.804,870.123,121.188,288.562,830.171,-66.5322,84.8802,884.842,72.3796,-84.0079,929.068,60.1483,31.9743,486.425,-51.7478,-193.513,617.331,141.954,-32.4774,77.8717,-379.77,-344.908,355.238
481,0,259.898,320.928,1266.6,135.57,273.727,1235.09,-7.19403,324.959,1226.91,278.333,222.495,1243.27,-78.4247,286.469,1052.11,258.305,186.203,941.239,-27.0782,362.561,886.483,115.633,296.026,840.518,-65.2406,85.0597,885.144,71.2847,-84.1534,928.689,60.3761,38.8756,494.196,-51.5162,-193.225,622.85,144.694,-12.0567,80.4438,-393.811,-324.194,368.418
482,0,260.964,314.758,1279.01,135.762,265.8,1237.22,-6.95705,315.196,1233.03,278.481,216.403,1241.41,-80.2232,282.309,1055.74,257.061,186.429,933.282,-29.8974,360.682,888.861,106.444,313.337,853.312,-64.3714,85.1919,885.836,70.5547,-84.2741,927.957,60.511,43.9333,501.614,-49.6466,-191.912,628.392,146.61,1.83402,84.6003,-401.904,-306.066,386.085
483,0,262.712,312.443,1277.94,136.565,263.466,1237.11,-5.11136,312.94,1234.18,278.241,213.992,1240.04,-78.7418,281.683,1057.26,254.112,187.933,928.592,-25.9355,363.995,890.324,104.465,308.771,859.612,-63.5551,85.0237,885.916,69.8749,-84.1584,927.871,60.6036,43.8545,502.211,-43.9539,-190.602,645.426,148.106,-0.417566,89.6294,-401.951,-308.79,405.573
484,0,263.805,300.88,1294.21,136.675,248.837,1244.87,-4.81563,301.002,1248.51,278.165,196.672,1241.24,-80.8356,277.597,1071.27,247.86,181.883,933.976,-23.3415,365.499,902.578,102.422,311.05,874.951,-62.8458,85.4802,887.522,69.2428,-84.7272,926.118,62.6698,57.366,504.502,-44.0796,-190.629,639.82,153.099,25.8073,91.0609,-418.919,-298.903,408.934
485,0,263.848,302.486,1292.29,136.768,257.105,1243.4,-4.2636,306.373,1244.89,277.8,207.837,1241.91,-79.9704,277.867,1067.75,247.212,202.343,937.414,-24.7048,367.656,897.95,92.2187,315.983,887.039,-61.3728,83.0375,887.488,67.8429,-82.3141,926.17,59.967,44.8693,503.911,-43.091,-189.858,644.236,151.702,-17.2672,93.1643,-412.983,-301.613,427.802
486,0,265.506,291.817,1310.53,138.027,242.798,1245.98,-4.05686,293.343,1249.9,280.11,192.254,1242.07,-80.5637,272.64,1070.68,247.529,194.895,937.911,-22.5477,369.69,901.828,96.713,332.079,895.509,-60.6182,83.6564,888.562,67.0857,-83.0486,925.065,61.6839,56.8234,503.847,-39.6488,-189.175,641.279,153.69,18.6899,94.3233,-421.788,-277.174,441.176
487,0,266.108,295.161,1308.91,142.066,249.452,1244.17,1.71481,298.123,1246.97,282.416,200.78,1241.36,-79.2262,272.009,1068.61,249.761,201.445,938.779,-20.7212,362.644,899.111,97.8041,314.3,896.243,-59.9646,82.2269,888.56,66.4484,-81.5418,925.097,64.1292,47.5622,503.759,-38.4271,-188.848,644.228,150.34,-5.12316,94.7081,-412.233,-283.713,444.799
488,0,268.743,287.822,1309.94,147.553,231.543,1246.02,4.34402,277.649,1251.46,290.762,185.437,1240.58,-81.6915,247.808,1076.87,244.624,195.209,936.165,-19.4657,334.217,906.597,97.6673,296.558,894.732,-59.9064,82.9742,890.048,66.378,-82.3035,923.336,73.1281,67.7099,503.97,-31.4647,-189.841,638.583,152.119,42.8595,97.2492,-421.097,-260.744,455.815
489,0,274.084,288.121,1315.67,155.895,231.055,1243.66,12.5596,276.457,1251.13,299.23,185.654,1236.18,-77.1871,258.244,1089.1,246.267,205.923,936.676,-14.6698,406.544,944.717,96.6525,346.724,935.939,-59.1896,83.0074,890.953,65.6455,-82.3706,922.477,78.2275,69.4529,506.26,-25.9408,-189.693,636.352,151.817,46.3299,107.474,-411.079,-229.214,485.414
490,0,273.889,294.296,1315.55,155.736,237.061,1241.02,12.4277,277.091,1249.17,299.045,197.03,1232.87,-79.0853,265.195,1092.95,237.825,212.926,939.873,-12.6279,438.767,977.688,93.3822,329.206,958.667,-59.2365,81.9984,891.415,65.7076,-81.361,921.982,80.4955,69.3867,506.328,-21.1338,-192.336,634.83,155.395,43.6206,111.627,-406.305,-245.428,490.463
491,0,278.264,307.033,1313.16,157.509,245.855,1235.3,14.2245,282.129,1246.33,300.793,209.582,1224.28,-78.9375,267.488,1089.87,234.897,223.059,940.535,-12.3629,456.807,975.226,96.6791,341.634,962.382,-59.2185,81.4306,892.595,65.6872,-80.7759,920.855,80.6619,78.6349,506.955,-18.4527,-190.912,634.232,157.091,66.0922,120.597,-402.031,-234.256,502.277
492,0,280.323,308.984,1312.17,158.622,247.009,1232.39,14.1051,284.236,1243.72,303.138,209.781,1221.05,-78.5679,283.445,1088.19,233.432,230.132,942.108,4.47924,515.06,993.355,88.4722,376.233,970.784,-59.2652,81.4701,892.683,65.7443,-80.8023,920.817,81.0613,80.241,508.473,-17.9424,-190.692,634.489,157.177,61.7732,125.876,-398.994,-235.963,510.616
493,0,281.042,321.188,1310.88,161.109,255.692,1232.68,18.1797,287.179,1243.09,304.037,224.205,1222.27,-76.5143,280.164,1084.37,227.481,228.112,942.452,5.04399,450.267,973.805,84.634,356.37,957.206,-59.0451,80.0576,893.128,65.514,-79.157,920.348,83.0869,78.1526,508.399,-18.1083,-188.507,624.425,163.375,65.9576,124.14,-397.659,-209.662,493.629
494,0,284.767,325.359,1309.74,161.738,260.733,1232.06,20.5097,289.394,1240.33,302.966,232.072,1223.8,-66.1067,283.12,1076.84,223.248,236.999,952.24,13.235,463.989,963.531,86.5274,352.2,967.663,-57.9872,78.5206,893.358,64.489,-77.6942,920.229,82.9504,80.4165,510.464,-17.4741,-187.483,625.626,164.138,69.4168,125.831,-397.066,-217.345,507.444
495,0,285.497,302.48,1320.19,170.625,234.405,1243.62,32.1404,262.526,1249.26,309.11,206.285,1237.99,-55.314,247.727,1076.27,222.697,204.372,960.207,13.2245,376.551,947.675,79.2609,283.512,943.707,-57.906,78.5998,894.763,64.3644,-77.7897,918.327,87.6747,80.2853,514.364,-11.3937,-187.297,605.899,164.13,89.282,124.982,-394.163,-172.975,518.114
496,0,290.317,289.398,1323.34,182.359,216.849,1250.36,43.2946,244.466,1259.55,321.423,189.232,1241.18,-44.3769,227.897,1085.55,224.436,181.371,959.764,15.331,338.698,944.963,82.7387,249.655,921.738,-57.8915,78.6515,896.666,64.3287,-77.8683,915.951,93.5427,84.0534,515.557,-6.10293,-185.5,594.512,164.491,101.727,123.966,-392.895,-156.116,514.706
497,0,289.826,281.15,1324.81,184.357,199.5,1256.23,41.6992,226.608,1268.8,327.014,172.391,1243.66,-45.5686,201.284,1096.3,226.453,158.026,960.839,14.8185,304.252,942.452,84.6393,224.701,905.817,-59.0928,78.6998,901.351,65.4151,-77.9407,910.675,95.3171,88.7724,527.308,12.0697,-180.194,572.862,166.768,114.883,131.827,-380.597,-138.221,518.787
498,0,289.611,277.77,1332.73,184.467,200.364,1262.9,43.1769,230.806,1276.07,325.756,169.922,1249.73,-46.6274,206.486,1104.9,227.757,150.666,962.419,13.2133,294.172,940.542,84.9034,208.938,903.021,-59.0779,78.8167,902.418,65.3986,-77.9975,909.355,94.9612,90.4575,526.081,11.0322,-180.199,567.666,166.955,123.118,131.298,-378.501,-139.438,513.357
499,0,289.411,279.099,1329.39,184.86,201.105,1260.81,41.4276,231.38,1271.97,328.291,170.831,1249.65,-48.5794,196.366,1103.97,228.889,144.37,959.068,4.813,286.454,913.597,79.462,193.415,870.766,-60.4062,78.8883,904.582,66.6959,-78.0844,907.091,95.0957,88.9056,531.307,12.4068,-180.11,561.616,164.564,108.979,133.232,-362.281,-145.85,533.094
500,0,289.124,267.333,1328.07,186.038,192.478,1267.72,43.9723,227.338,1279.22,328.104,157.618,1256.22,-49.3994,195.18,1114.25,229.784,122.101,960.845,2.98805,277.944,921.801,80.244,163.891,867.71,-60.4399,79.8662,906.419,66.71,-78.8177,904.813,95.1243,92.0463,529.985,14.6777,-179.149,542.362,164.619,118.829,132.232,-355.516,-111.67,522.311
501,0,289.493,267.373,1327.57,186.043,191.988,1266.23,44.4004,225.571,1275.87,327.686,158.404,1256.6,-49.8394,196.456,1112.45,226.022,126.761,960.919,1.93834,287.536,920.4,71.9578,172.193,866.667,-60.4323,79.9079,908.101,66.6929,-78.8629,903.018,94.4218,91.9985,534.26,17.6512,-180.162,528.681,158.63,124.311,134.927,-343.976,-78.4211,539.815
502,0,289.825,256.386,1326.52,190.276,179.256,1269.29,50.0468,210.626,1280.94,330.505,147.886,1257.63,-46.043,184.375,1112.88,226.666,123.52,962.048,1.97979,279.238,926.15,68.6135,173.194,869.136,-60.4217,79.9799,910.114,66.6743,-78.9251,900.655,94.2893,92.7933,535.079,25.4963,-177.627,517.912,158.896,127.899,133.835,-331.157,-22.2501,526.84
503,0,297.739,225.383,1325.17,192.564,168.886,1269.93,55.4099,203.319,1280.07,329.719,134.453,1259.78,-41.5821,185.486,1110.24,207.021,125.809,966.531,4.70881,290.198,933.318,60.9782,186.425,872.275,-59.181,80.0393,912.129,65.214,-78.9646,898.254,93.9652,92.0635,539.697,22.3335,-177.257,520.912,156.552,121.967,134.833,-321.665,13.8107,521.7
504,0,303.25,231.191,1324.17,191.645,176.765,1268.74,55.0131,213.311,1277.85,328.278,140.219,1259.63,-39.928,195.295,1108.53,201.743,130.057,966.529,6.8534,294.378,944.738,56.4615,190.834,872.535,-58.8468,80.3222,912.456,64.8114,-79.2603,898.01,93.7501,91.2664,547.584,19.8913,-179.15,526.168,155.237,115.362,139.722,-312.554,-26.5425,551.175
505,0,303.151,236.291,1327.07,191.414,176.527,1268.53,53.8374,208.685,1277.11,328.99,144.368,1259.95,-40.8052,199.255,1115.88,200.548,131.709,969.431,37.3481,303.859,1040.37,59.406,197.517,881.444,-59.2723,79.2128,913.271,65.0778,-78.162,897.243,90.5381,91.0356,551.957,19.3061,-159.477,533.043,155.382,118.396,137.583,-303.27,9.20245,539.268
506,0,304.637,223.481,1326.41,191.051,165.995,1275.34,54.0264,199.331,1282.55,328.075,132.659,1268.12,-40.984,184.649,1126.9,195.266,115.178,977.938,44.5827,284.581,1102.19,55.3995,174.89,880.065,-59.2659,79.0382,914.112,65.0233,-78.0138,896.237,83.7142,86.2285,549.461,10.7912,-145.082,537.871,156.972,114.634,131.494,-307.575,35.3509,532.46
507,0,305.531,221.17,1327.11,190.987,162.974,1275.92,54.1135,193.69,1284.57,327.861,132.258,1267.28,-41.129,185.663,1123.64,193.8,111.819,977.35,40.1287,294.461,1050.9,58.3547,164.544,864.101,-59.9562,77.951,914.389,65.5324,-76.9048,896.019,71.726,78.0102,548.474,10.1326,-136.951,539.081,152.469,94.5527,127.615,-302.942,-13.1878,527.514
508,0,306.653,221.871,1320.53,190.989,163.995,1274.45,53.2197,196.723,1282.86,328.758,131.267,1266.05,-41.4206,188.176,1125.04,193.904,110.326,974.856,56.4871,300.276,1080.2,59.7624,172.393,858.295,-62.9669,78.0109,914.126,68.2701,-76.9688,896.402,48.2397,80.0461,546.84,17.1173,-130.318,563.975,149.431,94.5081,120.927,-301.324,-17.4733,531.421
509,0,306.755,212.19,1324.48,193.326,153.494,1275,55.0372,178.785,1284.03,331.614,128.203,1265.98,-39.0391,158.172,1122.72,193.079,107.971,980.364,56.6574,257.127,1061.03,60.1935,162.236,880.014,-63.3088,75.2876,913.955,68.5183,-74.1078,896.646,51.1642,72.5905,537.409,16.0703,-114.47,575.353,138.178,69.3961,113.546,-292.969,-31.4722,528.706
510,0,311.275,199.473,1323.28,196.631,150.397,1274.81,60.64,178.471,1284.33,332.623,122.323,1265.29,-35.497,166.101,1120.4,195.467,102.963,979.104,55.9137,272.028,1057.57,60.7829,162.501,864.771,-63.2886,74.5674,913.945,68.4956,-73.4584,896.707,49.18,71.8154,533.807,15.3139,-114.148,584.233,124.954,48.2192,113.253,-285.529,-42.3489,528.005
511,0,317.718,191.786,1315.57,197.313,146.576,1272.56,62.2014,178.689,1284.56,332.424,114.464,1260.55,-35.8595,163.145,1120.13,191.303,89.4562,978.731,38.2603,274.779,994.958,58.9388,149.731,857.623,-63.289,74.3897,914.683,68.4842,-73.3133,896.072,50.5469,70.6922,531.621,10.815,-107.518,586.514,105.889,19.1587,113.632,-262.984,-141.718,526.393
512,0,322.095,173.696,1315.5,200.778,135.772,1272.73,68.5243,168.481,1285.09,333.032,103.062,1260.38,-34.2062,158.336,1118.98,189.733,80.2103,978.853,36.823,275.083,997.939,57.9294,144.513,859.774,-63.1141,73.9023,914.539,68.2291,-72.8559,896.25,52.1332,68.5191,526.743,10.7817,-95.9285,610.032,88.4815,22.0395,113.876,-251.172,-137.231,498.48
513,0,323.878,165.555,1315.16,203.326,132.742,1271.38,73.6173,167.323,1284.77,333.035,98.1615,1258,-32.9806,156.399,1116.62,190.625,77.7322,977.916,26.3047,272.893,958.289,57.5029,148.857,855.645,-62.7428,73.7243,914.453,67.7934,-72.7275,896.394,47.9646,67.1074,517.807,12.1463,-91.28,629.858,53.8717,16.9902,124.149,-212.354,-171.108,468.828
514,0,336.405,170.704,1311.57,205.822,136.138,1270.09,74.8762,172.406,1284.55,336.767,99.8692,1255.64,-27.7156,159.909,1117.24,191.304,82.2127,975.945,57.2869,303.027,1014.61,63.995,201.415,878.507,-62.8484,73.5625,914.202,67.8962,-72.6615,896.742,42.2277,64.133,517.452,28.1816,-89.3098,626.379,52.0645,5.59265,130.89,-214.669,-163.681,472.689
515,0,334.641,176.618,1311.53,206.608,139.748,1268.44,75.558,174.993,1284,337.658,104.502,1252.89,-26.5738,164.49,1117.04,192.541,87.7133,975.662,55.4065,303.224,979.134,66.0694,199.933,878.577,-62.8244,72.4248,914,67.8785,-71.646,897.038,42.1035,55.3983,506.664,26.7506,-93.5166,624.947,49.909,-17.3052,130.496,-197.896,-194.263,448.836
516,0,344.783,168.079,1311.01,209.856,133.281,1268.35,78.1938,166.323,1283.79,341.518,100.238,1252.9,-23.9525,167.535,1110.86,201.203,90.0986,974.413,56.425,335.704,978.182,66.836,231.144,907.75,-62.3548,70.2562,913.699,67.4198,-69.9303,897.528,42.1209,52.4633,507.717,38.815,-82.5545,628.472,4.01269,-33.3349,183.037,-124.791,-197.92,366.238
517,0,341.209,170.871,1310.68,210.342,137.058,1266.31,76.6039,169.962,1283.29,344.08,104.153,1249.32,-27.0983,166.25,1105.79,204.307,101.642,974.525,47.7615,321.876,964.378,71.959,226.92,917.469,-63.0814,66.2935,913.51,68.1567,-66.1304,897.778,35.2891,37.2168,503.515,39.6769,-82.8032,629.798,31.1272,-42.222,160.945,-154.644,-184.568,381.047
518,0,340.197,177.162,1313.11,219.29,131.171,1266.76,77.1666,157.088,1284.22,361.413,105.253,1249.29,-27.1815,160.024,1105.36,239.446,102.865,970.77,47.7561,318.879,962.326,80.5193,227.167,931.209,-63.3583,64.4247,912.705,68.4607,-64.4667,898.685,35.2975,39.3978,503.303,44.0531,-76.3765,643.899,32.1287,-24.3725,151.849,-157.055,-180.065,379.717
519,0,341.692,180.741,1312.39,218.676,134.753,1265.5,78.0098,160.903,1281.68,359.342,108.604,1249.31,-24.9428,162.405,1097.64,247.325,116.349,967.626,50.5031,322.526,962.939,88.2639,272.934,973.239,-62.3354,63.3523,912.426,67.6078,-63.6018,899.074,36.9194,26.6035,511.696,46.3524,-82.5854,639.53,-61.4506,-98.7349,287.942,-107.307,-280.755,296.477
520,0,342.048,182.107,1311.78,219.477,140.19,1263.35,78.6446,164.604,1277.58,360.31,115.776,1249.11,-18.3032,162.877,1087.54,251.977,123.38,967.169,53.0363,340.501,953.869,94.3723,275.075,974.135,-62.4494,62.1417,909.756,67.7627,-62.6011,902.125,34.6319,30.8618,507.003,60.1452,-83.2752,650.598,-17.1858,-69.1354,249.547,-106.857,-261.672,340.828
521,0,343.332,184.566,1310,220.144,140.442,1262.44,81.4657,164.631,1275.86,358.821,116.253,1249.02,-13.514,162.49,1082.8,252.354,126.678,964.875,57.7552,338.558,955.375,98.5862,287.918,1000.89,-61.6021,61.2155,909.234,67.019,-61.8105,902.781,35.6816,28.4658,507.378,57.143,-84.9159,643.74,-7.98252,-77.9817,232.388,-106.912,-262.984,322.807
522,0,342.262,184.104,1310.38,219.808,137.717,1262.43,81.1619,163.481,1275.83,358.453,111.953,1249.02,-21.1266,161.081,1081.58,256.946,124.536,963.739,49.0608,319.736,950.031,103.771,273.422,997.949,-61.6405,60.8191,907.578,67.0452,-61.4306,904.364,27.0308,30.0883,499.41,58.0141,-76.4348,648.863,-4.12391,-45.6745,170.096,-112.784,-166.924,342.73
523,0,342.723,185.553,1310.86,220.155,139.057,1259.97,81.931,165.421,1271.12,358.378,112.694,1248.82,-22.9736,161.556,1074.37,257.714,137.38,966.382,48.2531,324.934,951.911,108.564,308.677,1033.9,-61.6615,60.9477,905.154,67.0727,-61.5733,906.974,17.0034,43.6631,500.003,73.0102,-69.6246,659.124,8.27505,6.72369,146.529,-124.014,-113.62,356.434
524,0,342.421,201.328,1312.9,218.814,142.935,1257.95,78.6458,167.62,1270.39,358.981,118.25,1245.52,-31.9042,162.854,1075.27,263.53,153.233,961.708,47.6436,326.372,952.606,124.275,335.758,1029.47,-64.5259,61.1339,904.741,70.1443,-61.7175,907.44,-6.12709,63.8961,500.347,101.333,-63.4904,653.751,77.7625,40.334,133.58,-123.061,-111.591,358.999
525,0,341.527,201.249,1314.16,219.279,141.498,1257.95,79.7352,168.86,1270.27,358.822,114.135,1245.63,-32.3898,164.149,1076.44,261.05,152.449,962.191,49.5297,323.733,968.987,121.196,339.288,1037.97,-64.4977,61.8388,904.233,70.1222,-62.685,907.941,0.574493,69.7783,501.013,98.0985,-65.4176,651.234,96.2428,39.7371,123.93,-132.017,-93.6035,369.853
526,0,337.217,215.638,1314.82,218.799,150.283,1257.74,78.6504,176.621,1269.8,358.948,123.945,1245.69,-35.5958,170.032,1075.83,263.868,159.212,962.096,47.6821,326.163,968.932,125.785,334.043,1047.78,-66.5797,61.9497,903.081,72.2758,-62.7395,909.168,-8.52352,72.6371,499.821,121.975,-62.4808,649.509,100.523,36.9524,115.359,-106.898,-106.078,373.93
527,0,335.622,228.13,1314.73,218.566,158.469,1256.92,78.3486,186.378,1268.55,358.784,130.561,1245.28,-36.2418,179.445,1073.93,264.175,164.336,962.156,44.2068,331.399,965.826,132.872,337.023,1052.85,-67.3075,62.1185,902.363,73.0799,-62.9886,909.959,-11.573,73.1506,497.11,143.4,-64.7265,642.779,106.829,34.1468,105.761,-86.7507,-113.757,377.93
528,0,329.054,231.789,1315.41,218.505,162.816,1254.31,78.1665,192.853,1266.41,358.843,132.779,1242.21,-37.2974,172.663,1071.02,264.615,162.277,957.882,40.8961,267.757,962.775,134.735,326.289,1046.19,-68.7526,62.8711,902.348,74.5819,-63.7454,909.953,-6.54834,60.6809,497.493,172.162,-68.9584,606.644,121.311,14.7867,108.883,-60.5717,-118.558,381.1
529,0,325.175,235.189,1317.32,218.473,165.602,1254.03,78.2242,196.917,1266.39,358.721,134.287,1241.66,-37.2773,171.859,1068.62,265.399,162.328,957.697,34.5481,261.432,958.198,139.404,323.177,1056.01,-70.3748,63.0487,902.354,76.2673,-63.9413,909.934,-4.64705,57.6883,497.568,186.258,-70.1889,584.093,128.868,14.4941,108.675,-48.3908,-113.459,381.413
530,0,321.136,239.687,1317.05,217.779,172.121,1252.46,78.1098,203.129,1263.87,357.449,141.114,1241.05,-37.096,171.878,1068.25,265.825,165.033,952.233,43.6092,259.962,979.226,137.041,324.718,1052.97,-71.4743,63.5697,902.099,77.4098,-64.437,910.154,-4.76549,55.3436,497.118,199.394,-70.3968,577.619,124.143,11.2464,110.625,-35.4213,-114.95,381.889
531,0,316.611,248.863,1316.86,217.159,183.324,1250.85,77.6585,213.648,1260.55,356.659,153,1241.16,-38.8726,173.825,1061.12,264.38,162.991,952.492,34.4141,264.659,966.457,134.823,308.085,1052.38,-72.8419,64.01,901.395,78.8188,-64.762,910.855,-5.00404,48.1559,496.568,208.658,-77.286,576.359,119.073,0.541106,112.173,-30.1414,-142.851,383.103
532,0,313.261,256.416,1311.53,214.047,200.068,1248.61,77.571,233.925,1255.98,350.522,166.21,1241.23,-29.3126,185.937,1060.33,263.337,169.682,950.069,52.5285,268.401,980.78,133.891,316.205,1047.45,-73.2795,65.6105,900.502,79.381,-66.2827,911.84,-6.46123,44.8841,496.43,206.793,-84.0474,569.438,118.604,-30.8982,113.838,-32.0187,-174.737,384.514
533,0,312.368,262.873,1299.19,212.84,210.556,1246.02,77.4988,248.99,1249.78,348.182,172.122,1242.27,-29.3038,187.172,1054.59,262.764,167.483,950.196,51.5896,252.491,980.458,132.361,313.006,1043.45,-73.3358,67.4831,899.234,79.4906,-67.9435,913.271,-8.04195,44.6464,495.627,209.716,-93.5854,572.214,115.466,-38.1547,114.737,-26.7568,-190.733,383.125
534,0,310.281,263.926,1296.84,211.891,211.209,1248.04,77.3018,250.259,1250.56,346.481,172.158,1245.51,-27.302,190.632,1053.86,260.312,164.977,952.595,47.7802,259.033,976.668,131.12,295.719,1041.21,-73.8414,68.8465,899.153,79.9547,-69.1079,913.38,-4.10019,45.0234,496.428,215.813,-99.7378,569.103,112.985,-45.5716,125.533,-20.603,-245.976,373.75
535,0,309.913,264.115,1294.49,207.273,214.723,1246.41,76.0561,255.728,1244.36,338.489,173.717,1248.46,-29.1734,187.34,1042.25,256.973,156.593,952.748,47.4997,216.009,974.036,130.267,256.641,1037.78,-73.7584,70.5008,897.878,79.8747,-70.58,914.761,-3.65509,40.1277,496.648,210.68,-104.557,569.326,111.418,-60.8416,128.269,-31.6014,-246.903,375.309
536,0,306.169,261.345,1295.32,203.209,215.512,1251.67,76.8542,260.272,1244.99,329.563,170.753,1258.36,-12.3994,180.036,1044.47,253.891,139.85,953.108,49.1705,179.781,974.501,122.873,239.924,1035.66,-73.0664,73.921,896.7,79.2845,-73.7474,915.928,3.7883,25.3449,496.289,209.923,-113.857,571.354,97.5093,-132.785,132.752,-25.2632,-330.4,374.458
537,0,304.226,259.028,1295.68,198.952,216.179,1254.82,76.5809,261.628,1245.68,321.324,170.73,1263.95,-12.4513,175.719,1039.51,245.47,133.525,954.675,48.7155,178.19,974.366,112.643,225.805,1038.33,-72.4528,75.0628,895.983,78.7428,-74.7414,916.693,8.92967,17.2341,496.419,209.298,-116.674,572.615,89.0274,-140.545,133.857,-23.2671,-344.319,375.777
538,0,304.363,253.01,1296.01,198.957,210.184,1258.38,76.5495,257.658,1248.36,321.364,162.711,1268.41,-13.7584,174.936,1041.72,246.682,112.704,956.227,39.4608,192.287,971.568,112.352,218.211,1037.34,-72.0767,76.7774,895.47,78.3029,-76.4003,917.126,23.9484,8.43406,497.817,206.561,-123.642,572.972,79.879,-164.889,147.498,-21.5809,-356.106,351.059
