PEAK1=206,left_hand_TZ,Ball Toss
PEAK2=301,right_hand_TZ,Follow Through
SNAPSHOT=start_pose,206
SNAPSHOT=hand_cross,273
SNAPSHOT=flat_racket_arm,0
SNAPSHOT=peak_racket_arm,0
SNAPSHOT=contact,303
SNAPSHOT=hand_cross_2,347
SNAPSHOT=racket_deceleration,303
SNAPSHOT=finish_pose,338
,,head,,,chest,,,left_shoulder,,,right_shoulder,,,left_elbow,,,right_elbow,,,left_hand,,,right_hand,,,left_hip,,,right_hip,,,left_knee,,,right_knee,,,left_foot,,,right_foot,,
,,TX,TY,TZ,TX,TY,TZ,TX,TY,TZ,TX,TY,TZ,TX,TY,TZ,TX,TY,TZ,TX,TY,TZ,TX,TY,TZ,TX,TY,TZ,TX,TY,TZ,TX,TY,TZ,TX,TY,TZ,TX,TY,TZ,TX,TY,TZ
,,mm,mm,mm,mm,mm,mm,mm,mm,mm,mm,mm,mm,mm,mm,mm,mm,mm,mm,mm,mm,mm,mm,mm,mm,mm,mm,mm,mm,mm,mm,mm,mm,mm,mm,mm,mm,mm,mm,mm,mm,mm,mm
1,0,277.067,-304.679,1402.03,152.044,-135.622,1321.57,262.782,-124.522,1257.25,41.3056,-146.723,1385.89,205.789,-91.124,1033.12,-118.744,-177.49,1137.63,160.565,-91.997,798.295,-138.083,-219.81,928.825,92.5231,56.3385,873.773,-88.3697,-55.7761,909.033,144.827,18.6323,472.948,-98.1669,-103.559,592.337,274.428,95.3223,89.5929,-200.304,-27.0379,146.737
2,0,276.859,-307.157,1402.52,150.688,-139.808,1319.6,262.306,-126.467,1256.96,39.0695,-153.148,1382.24,203.68,-94.1481,1032.83,-120.969,-183.458,1133.42,160.565,-94.3426,793.923,-138.412,-222.627,922.137,92.5958,56.3994,873.868,-88.4416,-55.8944,908.995,144.289,38.4562,468.756,-98.1784,-118.441,586.941,274.874,108.544,80.655,-199.52,-57.9792,130.969
3,0,277.172,-307.513,1402.47,148.954,-141.111,1318.43,261.239,-126.763,1257.21,36.6687,-155.459,1379.65,202.76,-95.5804,1033.47,-120.952,-184.528,1129.27,157.875,-95.738,792.071,-138.983,-219.957,914.425,92.6849,56.3438,873.904,-88.5221,-55.8866,908.994,134.719,46.0466,463.065,-101.504,-129.012,586.996,274.835,107.899,72.9353,-197.905,-90.0834,124.974
4,0,277.422,-318.826,1399.16,147.704,-151.046,1315.65,261.173,-138.265,1256.27,34.2352,-163.826,1375.04,202.707,-111.329,1032.48,-119.581,-191.625,1124.34,156.07,-109.479,786.544,-139.128,-220.2,905.481,93.1347,55.3133,874.11,-89.0138,-55.0858,908.874,133.546,44.2428,457.989,-107.099,-125.556,581.49,275.306,99.0129,67.2466,-196.685,-80.8686,115.981
5,0,277.635,-319.396,1398.84,146.436,-150.494,1314.55,261.156,-137.955,1256.03,31.7156,-163.033,1373.07,202.807,-110.126,1032.35,-119.488,-190.5,1120.47,156.138,-109.28,782.989,-139.414,-214.506,901.693,93.2702,53.9156,874.372,-89.1866,-53.8324,908.659,132.787,42.8343,454.78,-110.744,-98.9769,573.444,279.32,92.8569,66.1749,-195.182,-77.85,105.512
6,0,277.169,-323.706,1398.64,144.142,-151.892,1314.18,260.378,-140.578,1255.6,27.9057,-163.205,1372.76,199.923,-111.664,1031.48,-119.953,-190.384,1120.06,152.877,-111.094,780.172,-141.622,-212.333,900.593,93.5061,53.214,874.451,-89.4668,-53.246,908.611,130.408,42.7074,452.012,-112.209,-96.0338,572.77,279.3,91.9491,62.5659,-194.667,-72.8285,104.791
7,0,277.131,-323.887,1399.18,142.455,-152.259,1315.06,259.915,-140.051,1257.14,24.9939,-164.467,1372.99,199.94,-110.787,1032.66,-120.037,-190.702,1120.45,152.928,-110.627,780.428,-144.126,-212.458,901.878,93.5698,52.5592,874.581,-89.5597,-52.6684,908.511,129.885,43.0741,450.04,-114.442,-80.3336,570.877,280.828,91.8758,61.7331,-195.628,-44.7955,106.136
8,0,277.056,-324.641,1399.54,140.42,-152.114,1315.26,259.102,-140.093,1257.29,21.7385,-164.135,1373.23,197.772,-110.855,1032.73,-121.732,-189.89,1120.73,151.295,-111.691,780.739,-148.783,-209.426,902.639,93.735,51.1239,874.712,-89.7721,-51.3369,908.403,129.3,42.1773,449.769,-117.089,-69.9224,569.807,280.791,87.7305,62.6484,-197.147,-32.5461,107.613
9,0,275.09,-324.202,1401.42,136.45,-152.249,1316.38,256.138,-140.676,1259.41,16.7621,-163.822,1373.34,196.009,-112.691,1034.81,-126.701,-187.838,1120.85,149.465,-114.465,781.781,-154.017,-205.921,903.303,93.8052,48.5261,875.082,-89.8611,-48.7607,908.05,128.7,37.5699,450.004,-121.027,-62.173,569.36,279.313,80.0955,63.4502,-206.749,-24.1066,108.18
10,0,274.759,-329.088,1399.38,135.412,-154.217,1316.23,256.019,-142.545,1259.36,14.8041,-165.89,1373.11,196.104,-114.214,1034.17,-126.757,-187.781,1120.15,149.612,-114.741,781.459,-157.709,-205.37,903.698,93.9576,48.1396,875.217,-90.0545,-48.4148,907.933,131.621,24.3985,450.376,-120.34,-61.4445,568.363,280.442,52.231,61.8699,-206.618,-16.8794,108.031
11,0,272.079,-340.717,1397.58,133.533,-160.735,1315.37,254.797,-150.281,1259.01,12.2685,-171.188,1371.73,196.196,-121.037,1033.99,-129.361,-189.255,1118.65,149.195,-122.24,781.771,-161.632,-205.564,902.283,93.9959,47.5617,875.411,-90.1132,-47.8806,907.772,131.664,24.6741,449.554,-121.401,-48.4935,564.54,280.122,56.851,60.851,-206.516,-6.20754,104.775
12,0,267.868,-341.259,1397.65,131.03,-162.654,1315.74,252.569,-153.123,1259.6,9.49125,-172.185,1371.88,196.279,-124.408,1034.18,-133.726,-190.035,1119.04,147.954,-125.006,782.012,-168.818,-205.828,902.7,94.0051,47.3573,875.756,-90.1265,-47.6926,907.462,131.734,21.8556,449.955,-122.124,-48.0825,563.993,282.139,54.945,60.6634,-206.122,3.0948,104.267
13,0,266.417,-344.069,1397.59,130.272,-163.574,1315.95,251.896,-154.235,1259.87,8.64845,-172.912,1372.03,196.018,-125.103,1034.15,-135.776,-189.461,1119.17,147.305,-125.174,782.168,-174.008,-200.749,902.995,94.0235,47.0588,875.902,-90.1543,-47.4365,907.335,131.827,22.9457,449.833,-121.736,-41.8904,563.921,281.374,57.5628,60.8725,-205.231,18.7545,104.687
14,0,264.902,-342.851,1397.41,129.124,-163.195,1316.05,250.46,-154.027,1259.97,7.7888,-172.363,1372.14,194.448,-125.44,1034.09,-136.466,-186.33,1119.41,145.611,-125.68,782.242,-176.93,-193.884,903.209,94.0397,46.5704,875.993,-90.1791,-46.9917,907.251,131.84,22.9205,450.07,-121.558,-45.2062,564.355,276.789,58.8264,61.2425,-203.049,13.5858,105.268
15,0,264.448,-346.813,1397.35,128.194,-165.647,1316.1,250.003,-157.333,1259.98,6.3845,-173.961,1372.22,194.071,-129.831,1033.68,-139.126,-186.567,1119.61,145.085,-130.523,782.399,-181.343,-194.947,903.401,94.1403,46.394,876.067,-90.2918,-46.8238,907.186,133.121,20.4152,450.227,-121.43,-48.7531,564.805,276.806,56.0035,59.549,-201.28,9.32632,105.127
16,0,262.925,-346.686,1397.4,125.73,-165.214,1316.4,248.288,-156.89,1260.5,3.17163,-173.538,1372.3,194.055,-128.828,1034.08,-143.248,-185.92,1119.79,144.934,-129.439,782.556,-186.031,-194.6,903.727,94.2024,46.1131,876.265,-90.3674,-46.5384,906.992,133.334,21.812,449.963,-121.556,-47.0015,563.565,275.985,56.8793,58.781,-201.086,8.24196,102.734
17,0,262.077,-346.513,1397.77,124.693,-164.643,1316.55,247.411,-156.559,1260.76,1.97411,-172.726,1372.34,192.284,-130.211,1034.29,-143.648,-185.226,1119.9,144.099,-128.753,784.901,-187.209,-194.911,905.435,94.4073,46.1344,876.379,-90.5899,-46.5539,906.888,138.718,-13.8505,458.947,-121.065,-99.327,571.346,277.253,28.2631,59.6808,-197.234,-42.9198,107.731
18,0,261.924,-346.971,1397.53,123.917,-165.766,1315.78,247.13,-158.574,1260.03,0.704339,-172.958,1371.54,189.011,-133.801,1033.59,-144.221,-185.719,1120.05,143.136,-129.695,785.018,-189.822,-195.726,905.92,95.0393,46.4177,876.427,-91.2543,-46.8556,906.863,146.338,-9.45437,460.091,-117.951,-131.633,577.467,278.27,33.9802,58.9491,-189.527,-73.8976,109.873
19,0,261.087,-346.67,1397.1,121.842,-165.335,1315.62,244.931,-158.35,1260.03,-1.24569,-172.319,1371.21,186.364,-132.885,1033.62,-146.341,-184.922,1120.18,143.037,-129.339,785.346,-194.906,-195.67,907.669,95.2425,46.7086,876.627,-91.4469,-47.1638,906.728,148.133,-7.93462,461.238,-115.788,-145.113,581.617,279.763,38.1583,58.2649,-185.058,-97.1816,110.137
20,0,258.253,-342.752,1395.95,119.034,-163.718,1315.32,241.605,-156.682,1260.05,-3.53741,-170.754,1370.6,183.113,-132.127,1033.65,-148.25,-184.158,1120.09,142.386,-128.765,787.339,-199.516,-195.709,908.735,95.4473,47.5221,876.736,-91.6393,-47.9921,906.664,150.173,-8.61713,466.422,-114.412,-178.633,590.534,281.178,33.1267,58.4688,-181.62,-129.363,114.652
21,0,253.71,-333.207,1397.08,114.692,-155.911,1316.66,238.106,-151.223,1261.58,-8.72116,-160.598,1371.74,179.569,-130.949,1034.84,-152.654,-174.032,1120.92,140.353,-127.877,790.823,-206.168,-189.965,911.602,95.7414,47.7757,876.808,-91.9184,-48.2447,906.614,150.673,-14.0601,471.032,-113.957,-188.227,595.25,281.371,27.7866,58.6122,-181.552,-133.713,119.09
22,0,253.726,-328.802,1397.11,114.471,-152.043,1317.11,238.018,-147.138,1262.38,-9.07467,-156.949,1371.83,178.747,-130.328,1035.83,-152.46,-172.177,1120.95,140.034,-126.183,793.752,-209.412,-190.165,914.327,95.9258,48.0876,876.9,-92.1158,-48.5555,906.55,154.425,-36.1201,478.139,-113.93,-189.646,595.604,287.718,-2.44975,62.3254,-178.606,-142.1,123.939
23,0,253.156,-328.835,1397.78,113.917,-152.122,1317.4,237.35,-147.331,1262.75,-9.5149,-156.913,1372.04,178.125,-129.909,1036.14,-152.878,-171.965,1121.23,140.134,-126.088,793.939,-211.901,-190.581,915.566,95.9573,48.0941,877.015,-92.1458,-48.5614,906.474,153.886,-34.0323,477.472,-113.773,-171.718,595.066,288.455,7.97981,60.3294,-178.344,-131.499,123.3
24,0,250.084,-328.891,1399.34,112.169,-151.929,1318.13,236.144,-147.329,1263.7,-11.8048,-156.529,1372.56,176.493,-129.548,1037.63,-154.773,-170.476,1121.73,138.678,-125.829,797.477,-214.963,-189.547,917.601,96.0285,48.1061,877.03,-92.223,-48.5722,906.459,152.06,-14.6599,477.265,-112.166,-164.194,594.341,288.185,18.0821,60.4563,-178.529,-123.017,123.348
25,0,247.421,-328.984,1400.27,110.245,-151.647,1319.52,234.555,-146.805,1265.51,-14.0657,-156.489,1373.53,175.201,-129.351,1037.99,-158.865,-169.895,1121.91,138.736,-125.575,797.428,-220.147,-188.597,919.049,96.0398,48.1524,877.162,-92.2331,-48.6211,906.371,151.75,-12.2871,476.354,-111.745,-159.795,591.698,288.155,12.9678,59.6961,-178.88,-119.989,118.933
26,0,246.711,-338.469,1400.34,109.192,-154.687,1319.85,234.094,-147.817,1266.14,-15.7102,-161.557,1373.55,175.497,-129.058,1038.18,-163.25,-175.006,1121.91,141.026,-125.401,797.347,-225.035,-197.518,919.418,96.0568,48.5014,877.191,-92.2582,-48.9863,906.357,151.488,6.14064,469.837,-110.56,-149.797,587.51,288.51,26.1781,56.8411,-175.609,-103.492,113.786
27,0,243.717,-342.243,1401.41,106.692,-157.748,1321.73,232.329,-149.102,1268.44,-18.9444,-166.394,1375.03,175.212,-129.204,1040.48,-166.061,-181.351,1123.64,141.079,-125.604,799.537,-231.737,-204.413,922.548,96.198,48.7687,877.237,-92.4229,-49.2706,906.335,151.015,28.6837,466.4,-110.2,-149.371,586.451,288.389,56.3233,55.8739,-176.058,-99.4185,113.209
28,0,243.71,-341.028,1401.61,105.782,-154.309,1321.79,231.58,-145.384,1268.55,-20.0164,-163.235,1375.03,175.5,-125.28,1040.86,-169.147,-180.365,1123.86,145.489,-121.458,799.535,-234.055,-205.944,924.054,96.3067,48.8811,877.254,-92.5353,-49.3704,906.33,152.168,30.5048,464.357,-106.224,-176.908,588.014,288.344,56.4041,55.7952,-173.956,-143.822,115.505
29,0,240.229,-340.182,1402.16,103.478,-153.212,1322.63,230.073,-145.379,1269.7,-23.1172,-161.044,1375.56,175.005,-125.112,1043.22,-168.957,-179.514,1124.63,145.409,-119.636,800.643,-236.423,-205.815,926.349,96.7326,48.8948,877.275,-92.9643,-49.3823,906.319,152.028,31.9279,462.94,-105.601,-182.599,590.415,288.295,61.4119,54.6262,-174.338,-136.251,116.559
30,0,239.442,-337.944,1404.77,103.156,-145.764,1322.99,230.315,-138.154,1269.7,-24.0037,-153.373,1376.29,175.93,-119.365,1043.17,-171.081,-176.667,1125.92,149.256,-118.683,801.387,-237.359,-210.873,930.219,97.0862,48.8735,877.292,-93.3408,-49.3312,906.309,152.655,31.5903,463.022,-105.216,-185.979,590.964,287.252,59.432,56.0669,-174.455,-135.156,120.513
31,0,239.305,-331.84,1404.86,101.31,-142.826,1325.88,227.625,-133.166,1274.77,-25.0062,-152.487,1376.99,176.099,-110.688,1047.65,-173.959,-175.847,1125.92,151.436,-110.732,802.436,-242.144,-209.422,931.285,97.0808,48.9513,877.66,-93.3384,-49.3931,905.975,153.642,30.6058,463.017,-103.598,-153.583,589.516,288.055,59.5138,59.6759,-174.267,-86.4396,120.618
32,0,238.051,-331.947,1407.5,100.114,-142.959,1326.83,226.838,-133.26,1276.54,-26.6105,-152.658,1377.13,176.173,-110.789,1048.87,-173.73,-175.047,1125.77,153.829,-111.308,803.58,-250.103,-206.197,932.297,97.0831,48.9269,877.866,-93.3475,-49.3522,905.771,156.647,30.5014,461.534,-101.722,-94.048,582.168,288.036,61.3294,58.6763,-172.47,-28.2947,116.085
33,0,234.767,-333.804,1409.28,99.347,-143.204,1327.63,226.732,-133.652,1276.63,-28.0384,-152.755,1378.63,176.466,-110.829,1049.05,-175.605,-174.079,1127.61,156.158,-111.451,804.889,-251.868,-203.626,933.781,97.0831,48.9494,877.919,-93.3521,-49.3671,905.725,156.696,31.1949,460.377,-96.8341,-99.7017,582.182,290.304,61.6826,58.9041,-172.458,-40.9876,116.622
34,0,229.741,-336.428,1413.45,96.4664,-143.361,1329.96,224.993,-133.787,1278.51,-32.0604,-152.935,1381.41,176.598,-110.718,1051.19,-177.19,-172.341,1129.54,157.123,-111.851,808.262,-257.826,-201.169,935.868,97.0835,48.9166,878.103,-93.3595,-49.3113,905.541,157.764,32.6011,460.154,-95.5284,-71.3713,578.88,290.218,61.747,58.6442,-172.341,-18.0459,116.279
35,0,227.924,-342.575,1414.55,95.2101,-145.937,1330.78,224.479,-135.442,1279.41,-34.0586,-156.433,1382.15,177.279,-112.574,1052.36,-180.116,-173.262,1132.73,162.286,-115.276,810.713,-263.764,-201.218,941.223,97.0481,48.3685,878.466,-93.3469,-48.722,905.173,158.524,33.3841,460.156,-94.9495,-42.6382,570.815,290.127,55.3923,58.9577,-172.497,1.9267,116.012
36,0,221.722,-342.488,1414.54,88.2147,-147.149,1332.66,216.736,-135.819,1282.52,-40.3063,-158.48,1382.8,177.232,-112.805,1056.43,-189.746,-175.402,1134.29,165.093,-115.567,813.207,-275.167,-201.544,943.28,96.9052,48.2137,879.093,-93.2296,-48.5322,904.532,158.376,37.1777,460.169,-95.0256,-42.5807,567.06,288.4,63.2406,59.505,-174.75,-3.52822,115.689
37,0,217.613,-341.894,1414.77,83.5448,-146.884,1334.51,212.656,-135.961,1285.13,-45.5663,-157.806,1383.89,177.049,-113.051,1059.8,-193,-173.567,1134.79,165.422,-117.641,818.212,-281.251,-198.496,946.054,96.8111,47.7751,879.392,-93.1553,-48.0724,904.245,158.23,36.3663,459.866,-93.9381,-38.4186,564.977,288.444,62.8428,59.5183,-175.199,4.59867,115.451
38,0,212.359,-343.541,1415.12,78.151,-150.318,1336.14,207.295,-140.733,1287.06,-50.9927,-159.903,1385.22,174.972,-117.352,1061.04,-204.116,-174.497,1138.23,165.2,-118.939,821.142,-292.625,-198.961,950.748,96.609,47.0889,879.892,-92.9839,-47.362,903.737,158.129,37.0767,459.888,-94.1321,-36.3739,562.905,288.491,66.4046,59.5374,-181.275,7.72551,115.429
39,0,207.911,-348.982,1415.02,75.7831,-153.421,1336.81,206.622,-145.969,1287.73,-55.0558,-160.873,1385.89,174.838,-123.077,1062.91,-206.985,-174.696,1140.13,166.294,-122.09,825.555,-298.894,-199.481,953.089,96.5701,45.7115,880.265,-92.9641,-45.9148,903.356,158.035,37.0319,459.673,-93.8319,-30.2553,560.134,288.459,66.2067,59.4378,-185.511,9.03819,115.489
40,0,203.867,-352.586,1414.97,72.7393,-155.047,1337.23,204.463,-147.961,1288.16,-58.9846,-162.134,1386.3,174.895,-123.819,1063.29,-208.481,-175.402,1140.68,169.523,-122.072,826.742,-305.8,-200.455,954.816,96.5374,45.2047,880.569,-92.9475,-45.3525,903.036,158.121,37.3744,459.196,-93.8292,-32.0788,558.292,288.394,67.087,58.917,-188.227,14.2654,115.671
41,0,202.095,-351.945,1415.11,70.4717,-155.528,1337.49,201.856,-148.96,1288.69,-60.9125,-162.096,1386.28,175.083,-125.813,1064.39,-210.735,-175.805,1141.14,172.827,-122.116,827.633,-311.161,-200.776,955.684,96.4795,44.1457,881.063,-92.9048,-44.2227,902.549,157.984,36.4517,459.211,-93.6189,-37.1217,557.334,284.409,58.3413,58.5077,-191.231,5.6004,115.662
42,0,199.896,-353.996,1415.06,69.0414,-156.155,1337.54,200.992,-150.204,1288.76,-62.9093,-162.106,1386.31,175.131,-126.788,1065.07,-210.152,-175.985,1141.26,174.546,-122.097,829.889,-312.633,-202.004,956.408,96.4714,43.5976,881.365,-92.9041,-43.6264,902.274,158.064,36.1386,459.185,-93.2058,-40.4984,557.429,284.088,58.0974,58.1288,-191.423,-0.214716,115.972
43,0,198.47,-349.484,1416.05,67.7996,-153.357,1338.78,199.134,-148.624,1290.21,-63.535,-158.09,1387.34,176.451,-125.214,1070.59,-212.797,-173.735,1145.87,179.423,-118.151,838.94,-318.601,-199.735,962.661,96.347,43.1303,881.661,-92.7944,-43.1407,901.989,158,32.8018,459.849,-93.2015,-41.2242,557.431,284.038,51.3173,58.1826,-191.663,-2.48815,116.352
44,0,194.283,-342.125,1416.77,65.4696,-149.781,1340.19,195.435,-146.511,1292.1,-64.4961,-153.05,1388.29,176.487,-122.85,1073.99,-211.035,-169.434,1146.56,181.309,-112.844,843.233,-319.874,-194.787,964.864,96.2103,42.2758,881.971,-92.6636,-42.2591,901.686,157.958,28.7307,461.527,-93.2386,-39.7295,557.55,283.763,46.3583,59.7446,-193.1,0.918497,117.115
45,0,190.071,-338.393,1417.84,64.0684,-146.435,1341.88,194.067,-144.229,1294.27,-65.9304,-148.642,1389.49,176.478,-120.644,1079.84,-210.121,-164.094,1147.58,182.097,-109.592,850.417,-322.641,-190.056,968.065,96.1949,41.772,882.152,-92.6551,-41.7345,901.54,157.902,25.9086,462.727,-93.0703,-38.1213,557.888,283.673,43.235,59.8557,-192.58,0.143544,117.715
46,0,187.498,-335.293,1418.71,61.1991,-143.536,1343.79,191.632,-140.198,1296.45,-69.2344,-146.874,1391.14,176.856,-116.599,1087.68,-211.881,-163.174,1148.59,186.527,-107.732,859.861,-330.355,-189.576,971.242,96.1804,41.7848,882.362,-92.6451,-41.7446,901.371,158.101,25.1019,463.548,-92.7858,-38.9562,557.936,284.286,44.1916,60.2018,-190.239,-1.60792,117.723
47,0,186.456,-331.686,1420.9,59.1423,-134.296,1345.98,191.576,-128.256,1299.02,-73.2917,-140.336,1392.94,179.196,-102.416,1093.61,-213.975,-156.975,1148.5,192.215,-98.4092,870.717,-335.896,-187.095,972.986,96.1877,41.8006,882.556,-92.6593,-41.7619,901.209,158.065,23.1509,464.623,-92.7934,-40.9195,558.1,284.593,34.3245,59.2319,-190.01,-14.622,118.204
48,0,186.409,-331.465,1421.89,60.0282,-132.898,1346.24,192.42,-126.623,1299.29,-72.3635,-139.172,1393.19,182.224,-97.7943,1093.18,-213.387,-155.731,1148.64,196.153,-85.5715,867.789,-335.694,-186.341,973.08,96.1679,41.7687,882.658,-92.6499,-41.7067,901.14,158.363,21.1979,465.491,-91.9867,-42.4825,558.221,285.09,26.293,59.264,-189.379,-22.5482,120.869
49,0,183.979,-328.093,1422.61,57.5707,-131.149,1347.71,189.28,-124.721,1301.6,-74.1391,-137.578,1393.82,182.205,-98.9062,1098.84,-214.527,-155.772,1149.06,196.11,-86.5186,876.388,-340.274,-186.674,975.552,96.1522,41.6459,882.861,-92.6372,-41.5392,900.958,158.345,19.9789,465.753,-92.1862,-42.2276,558.139,284.84,26.6503,59.2577,-189.517,-20.2761,120.873
50,0,181.318,-318.412,1424.64,56.3429,-121.786,1350,189.029,-116.446,1303.84,-76.3434,-127.127,1396.16,183.463,-93.5476,1102.1,-214.645,-146.181,1149.98,199.317,-87.6536,881.745,-344.646,-180.262,979.291,96.1685,41.5397,882.928,-92.6533,-41.3969,900.891,158.731,17.8,465.756,-92.2142,-42.2803,557.531,286.016,28.2102,57.7085,-189.965,-18.3571,120.88
51,0,179.062,-316.355,1424.73,55.4356,-117.733,1350.88,188.101,-112.433,1304.93,-77.2295,-123.032,1396.82,185.761,-86.7086,1106.07,-214.942,-143.771,1150.04,205.245,-79.6598,888.841,-347.931,-179.699,980.587,96.0921,41.2859,883.053,-92.5793,-41.0829,900.758,158.71,11.406,465.699,-92.936,-42.8088,556.333,287.887,22.869,56.1354,-191.076,-21.0495,120.44
52,0,177.773,-305.87,1428.65,53.6666,-110.587,1352.29,186.274,-107.213,1307.28,-78.941,-113.961,1397.31,186.924,-81.9009,1113.14,-219.212,-133.498,1152.33,208.705,-77.6153,898.108,-354.111,-168.699,987.727,96.071,40.889,883.247,-92.5527,-40.6305,900.535,158.716,5.72775,466.274,-93.735,-43.425,556.451,287.873,22.1032,55.9633,-194.224,-21.4101,121.033
53,0,173.445,-305.656,1429.52,52.3545,-106.264,1353.48,185.894,-103.051,1308.02,-81.1851,-109.476,1398.95,188.62,-77.8849,1115.25,-220.29,-128.901,1153.15,211.326,-78.1782,905.665,-356.457,-167.351,988.49,96.1063,40.8746,883.271,-92.5924,-40.6032,900.5,159.1,5.23759,466.191,-94.7845,-45.4718,557.049,287.964,23.6769,54.5912,-194.759,-21.4353,121.727
54,0,169.877,-306.736,1430.65,51.009,-108.933,1353.94,185.379,-105.128,1308.06,-83.3614,-112.738,1399.82,190.648,-78.8409,1114.82,-224.334,-131.591,1155.66,220.992,-83.823,910.605,-363.861,-174.653,993.334,96.1157,40.6737,883.385,-92.6088,-40.3599,900.384,162.36,4.98659,466.17,-97.9049,-45.7132,557.013,291.193,24.1315,53.4729,-194.935,-19.8603,121.82
55,0,167.663,-308.393,1433.32,49.6101,-108.022,1355.78,185.285,-105.902,1310.27,-86.0649,-110.143,1401.3,193.256,-79.3744,1122.01,-231.586,-129.789,1159.91,225.135,-102.996,928.174,-368.38,-175.263,999.912,96.2164,40.1761,883.583,-92.7082,-39.7866,900.162,164.671,2.7803,466.202,-99.4177,-45.9504,557.079,291.942,22.2412,52.6196,-194.964,-19.091,121.838
56,0,164.457,-309.568,1434.65,47.9071,-103.782,1357.24,184.776,-102.712,1311.53,-88.9617,-104.851,1402.95,196.281,-79.766,1126.82,-234.515,-128.204,1163.48,231.793,-102.179,936.167,-373.623,-175.754,1004.75,96.2786,39.9663,883.776,-92.7618,-39.5121,899.932,165.96,-5.26553,467.153,-103.17,-49.5261,557.154,294.756,9.95459,50.7755,-195.026,-22.0218,121.711
57,0,163.646,-309.961,1436.42,46.8998,-103.672,1358.1,184.484,-103.263,1312.4,-90.6841,-104.08,1403.8,198.501,-81.4687,1129.09,-237.051,-127.481,1167.21,234.223,-102.598,937.546,-377.392,-175.082,1008.35,96.4434,39.4784,883.951,-92.9149,-38.9648,899.734,166.37,-8.549,467.588,-104.503,-50.8998,557.244,294.838,4.04386,49.27,-195.863,-24.2807,121.638
58,0,161.395,-306.549,1439.14,46.0638,-98.4302,1359.81,184.501,-99.9646,1314.65,-92.3737,-96.8957,1404.98,200.65,-82.1668,1135.05,-240.879,-119.68,1169.66,236.812,-102.568,948.772,-384.803,-168.934,1011.93,96.5799,38.588,884.074,-93.0318,-38.022,899.584,166.804,-15.987,468.655,-105.424,-51.0907,557.323,295.187,-6.24718,47.5634,-197.817,-24.1515,121.537
59,0,157.261,-303.599,1440.65,43.4215,-95.9255,1361.09,183.048,-98.3314,1316.85,-96.2046,-93.5195,1405.33,202.463,-82.9916,1142.65,-246.528,-118.844,1170.78,238.674,-114.681,957.969,-394.811,-168.395,1015.06,96.6534,38.2163,884.319,-93.089,-37.6108,899.305,166.981,-29.1276,471.381,-105.405,-51.6056,557.456,295.525,-18.5831,47.5532,-198.226,-24.5003,122.312
60,0,153.768,-302.31,1442.64,41.7517,-91.9793,1362.72,182.757,-96.3413,1318.92,-99.253,-87.6173,1406.52,204.177,-89.2123,1147.36,-251.091,-112.78,1171.69,238.537,-141.187,970.822,-403.171,-166.889,1017.27,96.904,37.348,884.444,-93.3209,-36.6884,899.172,167.162,-29.4942,471.832,-105.897,-51.6581,557.523,294.681,-20.3928,47.1313,-198.395,-22.2761,122.542
61,0,150.621,-288.18,1446.04,39.6033,-78.8687,1366.18,182.446,-82.0878,1324.67,-103.239,-75.6496,1407.69,206.514,-89.3419,1167.16,-252.924,-113.282,1172.66,237.382,-158.784,1005.14,-404.959,-176.783,1024.04,97.4156,37.0481,884.713,-93.8055,-36.2768,898.895,167.484,-36.8219,473.649,-107.614,-55.9269,557.548,294.154,-24.2239,47.1861,-198.69,-22.3382,122.549
62,0,147.369,-275.694,1450.27,37.9854,-73.7216,1368.85,180.832,-77.9179,1329.08,-104.861,-69.5253,1408.61,206.509,-99.3475,1170.95,-254.932,-112.707,1173.99,235.571,-193.195,1017.19,-404.674,-180.562,1029.08,97.4677,35.9753,885.174,-93.8474,-35.0758,898.448,166.583,-36.412,474.042,-110.357,-56.4341,557.574,289.795,-29.5611,49.0344,-201.792,-23.9499,122.46
63,0,143.94,-275.16,1452.37,36.5387,-72.8011,1369.54,179.083,-77.6964,1330.29,-106.006,-67.9057,1408.8,206.713,-102.865,1172.84,-255.579,-112.409,1175.82,235.743,-192.307,1021.12,-405.13,-180.975,1034.19,97.5019,35.542,885.562,-93.87,-34.5959,898.068,165.797,-38.4904,474.708,-110.759,-64.4591,557.671,286.758,-35.5287,50.4275,-201.733,-42.9574,122.417
64,0,139.884,-268.043,1456.21,35.8017,-68.1131,1370.31,178.567,-74.6816,1331.31,-106.963,-61.5445,1409.31,211.163,-107.632,1172.29,-257.079,-110.229,1178.64,236.712,-203.744,1023.53,-410.341,-180.968,1041.41,97.5095,35.0263,885.999,-93.8733,-34.0461,897.617,165.064,-37.4693,474.889,-111.112,-64.6825,557.313,285.679,-32.3939,51.0172,-201.609,-41.567,121.189
65,0,134.993,-271.842,1457.24,34.8859,-69.6053,1370.42,178.423,-76.3807,1330.72,-108.651,-62.8299,1410.13,214.145,-118.987,1168.96,-259.464,-111.505,1183.23,238.942,-222.951,1024.56,-415.118,-184.788,1053.81,97.5269,34.642,886.228,-93.8806,-33.628,897.388,164.454,-37.7364,474.833,-111.554,-67.5309,557.478,283.499,-35.0142,52.08,-201.543,-47.2977,120.881
66,0,133.357,-273.359,1458.12,34.2736,-69.435,1370.52,178.108,-76.4404,1330.45,-109.561,-62.4297,1410.59,215.374,-121.969,1167.95,-259.809,-111.966,1185.85,239.823,-224.571,1025.79,-416.385,-185.393,1059.07,97.5435,34.3536,886.446,-93.8862,-33.3098,897.165,164.111,-38.3937,474.786,-111.68,-68.8295,557.567,282.269,-37.2108,52.4006,-201.427,-48.5588,120.465
67,0,132.039,-267.507,1459.71,33.9435,-63.2975,1371.44,178.123,-69.9725,1330.72,-110.236,-56.6224,1412.17,223.091,-120.732,1166.01,-259.512,-111.123,1187.37,246.341,-219.907,1030.1,-414.894,-186.649,1064.63,97.5525,34.1799,886.588,-93.8892,-33.1155,897.023,164.217,-42.6398,475.097,-111.934,-73.8823,557.565,282.286,-38.133,52.4035,-201.15,-54.472,118.309
68,0,130.18,-264.658,1460.39,33.8202,-58.2299,1372.67,178.225,-64.967,1331.78,-110.584,-51.4928,1413.55,230.112,-119.991,1171.88,-262.569,-107.467,1191.15,256.606,-215.258,1044.53,-421.66,-187.47,1076.02,97.5483,34.0517,886.673,-93.877,-32.9717,896.958,164.29,-41.4165,475.315,-111.852,-73.2995,557.207,282.361,-35.2746,52.4005,-200.586,-53.3531,116.608
69,0,126.214,-266.913,1461.19,33.7086,-60.648,1373.34,178.304,-67.3935,1332.58,-110.887,-53.9025,1414.1,236.688,-126.817,1178.78,-267.601,-104.423,1193.61,268.57,-230.683,1058.35,-432.764,-184.677,1077.35,97.5516,33.9033,886.722,-93.8764,-32.8482,896.93,164.958,-40.9009,475.372,-111.778,-73.1103,557.183,282.432,-33.1675,53.238,-197.618,-52.6635,115.411
70,0,123.943,-261.235,1465.85,33.5276,-57.1926,1375.69,177.942,-67.2889,1335.49,-110.887,-47.0962,1415.89,237.826,-130.317,1188.25,-273.196,-86.344,1197.7,277.634,-241.857,1072.77,-446.671,-160.185,1080.63,97.533,33.3735,886.808,-93.8499,-32.3481,896.873,167.179,-48.0778,476.498,-111.716,-73.1728,557.078,282.493,-39.1243,54.2996,-193.575,-51.0883,113.49
71,0,121.396,-263.275,1465.96,32.7228,-56.7903,1378.45,177.999,-66.3731,1336.35,-112.554,-47.2076,1420.56,247.602,-140.798,1187.75,-284.297,-84.9665,1202.98,297.823,-270.063,1109.23,-457.485,-159.96,1084.78,97.4292,33.0151,886.827,-93.7584,-32.0097,896.856,167.368,-46.4445,476.99,-111.576,-71.4811,557.227,279.479,-37.1661,56.8221,-190.63,-50.3917,113.141
72,0,118.709,-269.629,1465.3,31.0946,-58.3841,1380.13,177.303,-66.9427,1337.48,-115.114,-49.8254,1422.79,251.818,-141.314,1192.39,-292.757,-87.6702,1206.29,310.324,-265.646,1131.42,-465.36,-165.813,1090.21,97.382,33.0763,886.924,-93.7276,-32.0697,896.8,167.869,-44.8217,477.185,-112.459,-71.6668,557.642,276.467,-31.8013,58.0038,-189.256,-49.7049,113.122
73,0,116.889,-270.465,1465.09,29.6753,-56.547,1383.17,177.185,-63.2103,1339.75,-117.835,-49.8838,1426.59,255.802,-144.693,1198.74,-302.288,-88.1923,1214.79,318.7,-281.045,1149.73,-473.811,-165.813,1098.22,97.322,33.0348,887.006,-93.6779,-32.0205,896.745,168.464,-44.1533,477.732,-112.977,-69.9961,557.806,270.496,-29.0333,59.1079,-188.062,-48.9631,112.324
74,0,114.04,-273.263,1464.85,28.9247,-56.1223,1384.7,177.224,-61.439,1340.27,-119.375,-50.8056,1429.12,261.255,-144.939,1201.54,-306.401,-89.9213,1220.83,327.382,-280.761,1150.91,-474.601,-166.39,1099.97,97.2461,33.0886,887.084,-93.6141,-32.0656,896.697,168.766,-43.9116,478.978,-113.872,-68.5922,557.978,269.255,-28.2941,60.1056,-186.178,-48.6498,111.851
75,0,114.368,-267.193,1465.18,26.5214,-48.0573,1387.28,175.333,-50.2614,1343.86,-122.29,-45.8532,1430.69,260.744,-142.528,1214.19,-309.949,-86.3519,1224.74,325.607,-268.282,1161.82,-480.891,-162.018,1104.62,97.2069,33.1546,887.365,-93.5755,-32.1161,896.465,169.562,-43.0481,480.103,-114.39,-68.5304,557.98,268.806,-27.8539,60.1369,-185.669,-48.3572,109.401
76,0,112.394,-257.772,1468.91,25.7407,-43.239,1388.86,174.646,-48.6636,1347.13,-123.164,-37.8143,1430.6,264.938,-147.321,1229.22,-309.782,-76.6157,1228.53,327.455,-291.842,1171.84,-491.077,-139.57,1109.05,97.1205,32.8369,887.679,-93.4552,-31.8052,896.195,169.842,-52.0253,483.149,-115.911,-68.1383,558.303,269.362,-52.7297,60.8667,-185.168,-47.7995,107.415
77,0,111.682,-255.052,1473.35,25.0977,-37.0138,1392.92,173.562,-43.9731,1353.21,-123.366,-30.0544,1432.64,268.743,-137.83,1253.21,-310.684,-61.6995,1237.19,343.25,-283.775,1181.65,-500.441,-116.481,1116.22,97.1058,32.8238,888.125,-93.4106,-31.7975,895.82,173.315,-51.2262,486.007,-115.927,-68.0699,558.317,276.279,-54.2983,60.8409,-184.381,-47.5448,103.862
78,0,111.392,-256.011,1475.24,23.4117,-35.383,1397.36,172.486,-41.0424,1359.93,-125.663,-29.7236,1434.79,273.227,-113.299,1274.84,-313.792,-56.1592,1246.08,357.025,-219.021,1193.69,-511.773,-102.622,1120.88,97.1897,32.8499,888.529,-93.454,-31.8268,895.463,175.635,-50.8059,487.492,-116.244,-67.9352,558.31,281.732,-57.3903,60.1656,-184.305,-47.2711,101.376
79,0,110.874,-255.051,1476.58,20.3283,-32.2837,1401.34,170.602,-37.7135,1366.62,-129.946,-26.8539,1436.06,276.888,-85.3793,1297.24,-318.646,-48.3041,1254.74,363.739,-153.946,1214.25,-521.111,-88.1371,1132.44,97.5158,32.8652,888.905,-93.6715,-31.8502,895.167,178.216,-50.2768,488.268,-117.62,-67.89,558.195,285.407,-55.1152,60.0532,-185.916,-46.9762,99.3405
80,0,110.53,-252.129,1479,19.6316,-28.6281,1403.94,170.499,-32.941,1370.61,-131.236,-24.3153,1437.26,280.885,-87.4056,1301.13,-317.762,-48.4234,1256.07,360.354,-168.567,1219.7,-515.247,-93.3959,1134.19,97.6051,32.8545,889.203,-93.718,-31.8465,894.958,178.85,-48.8032,488.448,-119.506,-65.3115,558.063,289.311,-53.1988,60.1853,-187.712,-44.2432,98.4135
81,0,107.991,-251.278,1481.64,17.0432,-28.7078,1407.1,168.665,-31.424,1375.45,-134.579,-25.9916,1438.75,280.695,-91.0846,1319.76,-320.752,-53.3572,1258.85,351.254,-173.241,1247.98,-519.268,-102.345,1137.09,97.6666,32.9443,889.578,-93.7512,-31.9522,894.699,178.973,-48.7687,490.077,-120.583,-64.9516,558.072,289.762,-55.7021,61.8952,-188.208,-44.721,98.7521
82,0,105.39,-247.495,1483.09,15.9265,-27.4379,1408.38,168.114,-28.941,1377.49,-136.261,-25.9348,1439.27,278.662,-93.4746,1325.94,-322.042,-56.4881,1258.3,346.138,-176.349,1256.22,-524.457,-108.164,1137.78,97.8068,33.0429,889.788,-93.8786,-32.0567,894.567,179.432,-48.7983,491.068,-121.808,-63.5595,557.746,290.639,-54.0625,62.2001,-188.39,-44.5643,98.8024
83,0,103.097,-229.308,1486.03,14.1895,-23.9585,1409.18,165.112,-27.3108,1378.98,-136.733,-20.6063,1439.38,258.571,-123.328,1336.08,-322.939,-57.7871,1261.67,316.259,-247.56,1293.19,-527.019,-107.162,1150.91,97.82,32.9478,889.929,-93.8862,-31.992,894.511,178.007,-48.4712,490.941,-122.42,-56.3035,556.827,290.501,-49.4596,62.8094,-188.396,-35.4474,95.9434
84,0,102.28,-224.417,1488.09,13.3046,-17.1144,1410.96,163.676,-24.0125,1382.08,-137.066,-10.2163,1439.85,256.162,-77.1516,1367.6,-321.332,-20.2319,1287.39,298.999,-117.485,1328.81,-520.578,-12.6591,1195.77,98.1228,32.8112,890.137,-94.167,-31.9177,894.357,175.952,-48.1882,490.863,-125.556,-54.7375,556.78,287.509,-48.6589,63.7977,-188.837,-35.4981,93.7479
85,0,101.66,-225.029,1489.26,12.3946,-17.1337,1411.61,162.454,-24.3107,1383.43,-137.665,-9.95677,1439.8,253.975,-59.3788,1377.09,-322.042,-21.5116,1289.4,291.698,-81.8245,1339.11,-523.724,-20.1995,1188.81,98.2958,32.7506,890.295,-94.3361,-31.8761,894.223,173.772,-47.4996,490.752,-128.442,-54.4739,556.975,285.001,-46.5545,64.3019,-189.483,-35.291,93.3927
86,0,100.526,-225.611,1490.8,11.8555,-17.7049,1412.12,161.525,-25.0774,1384.18,-137.814,-10.3325,1440.06,253.369,-50.6059,1386.71,-325.282,-23.9105,1293.62,292.644,-64.2557,1364.67,-529.253,-24.7294,1197.09,98.362,32.7109,890.439,-94.4086,-31.8528,894.117,171.818,-44.5466,490.708,-129.687,-52.9475,557.064,283.362,-41.8688,64.3592,-189.456,-34.5665,92.9598
87,0,99.4976,-228.073,1491.56,9.52462,-15.9954,1412.91,159.124,-23.3501,1384.07,-140.075,-8.64066,1441.75,251.177,-7.23577,1404.03,-334.444,-23.6467,1300.35,305.617,38.8477,1414.05,-543.642,-24.8512,1200.66,98.4254,32.7156,890.653,-94.5049,-31.857,893.972,170.945,-38.5304,491.165,-129.473,-53.0358,557.852,283.309,-32.1572,64.6069,-187.709,-34.5008,93.1979
88,0,94.7704,-212.668,1496.27,8.18526,-15.552,1414.13,156.312,-23.2881,1385.02,-139.941,-7.81578,1443.24,235.941,-118.487,1402.83,-336.718,-34.1061,1298.83,305.723,-221.391,1413.99,-549.824,-28.6152,1209.71,98.279,32.6608,890.723,-94.3614,-31.8273,893.941,171.487,-38.5593,490.819,-127.754,-46.9079,556.789,283.365,-31.4736,64.4253,-188.318,-34.1031,92.7026
89,0,93.6818,-206.429,1498.14,7.02129,-13.1064,1414.71,154.073,-19.8324,1384.94,-140.03,-6.38044,1444.48,224.082,-119.606,1398.83,-338.194,-35.3377,1296.74,305.894,-215.628,1419.73,-551.489,-41.7313,1215,98.2376,32.6511,890.778,-94.3178,-31.824,893.904,171.613,-38.601,491.359,-127.461,-46.2904,556.606,283.388,-31.8856,66.6063,-188.329,-30.4614,92.4639
90,0,92.4468,-199.439,1498.98,6.44048,-10.2307,1415.02,153.139,-17.7444,1384.57,-140.258,-2.71692,1445.48,222.633,-148.988,1394.29,-338.563,-41.1184,1296.08,305.988,-279.341,1423.3,-553.647,-52.8852,1218.17,98.0234,32.6143,890.855,-94.1207,-31.7995,893.849,172.01,-39.2585,491.311,-125.341,-44.6634,556.1,283.391,-32.2957,66.5332,-183.073,-29.7466,92.1904
91,0,91.687,-198.989,1502.1,6.06161,-11.1092,1415.7,152.923,-18.6583,1385.34,-140.8,-3.56011,1446.06,224.885,-162.124,1395.48,-341.2,-58.4694,1293.39,306.377,-296.876,1440.68,-557.696,-94.13,1220.21,97.8316,32.5938,890.939,-93.9601,-31.7806,893.775,172.729,-39.2366,490.794,-123.253,-42.224,554.99,284.291,-25.9441,65.3785,-181.942,-24.4866,90.574
92,0,91.8096,-201.482,1504.21,5.89262,-11.4107,1416.71,153.153,-19.472,1385.55,-141.368,-3.34936,1447.87,227.197,-172.917,1395.94,-342.778,-68.2664,1292.92,311.09,-316.585,1463.69,-560.708,-122.154,1224.63,97.6107,32.4194,891.066,-93.7812,-31.5787,893.651,173.315,-43.1742,491.132,-122.229,-42.5992,554.854,284.493,-26.0918,65.3692,-179.4,-24.4717,90.2287
93,0,92.149,-202.945,1505.39,6.02954,-11.9961,1416.75,153.335,-20.1057,1385.3,-141.276,-3.88638,1448.21,228.223,-175.558,1397.06,-342.28,-77.0211,1291.57,316.492,-316.609,1471.5,-559.328,-136.886,1223.99,97.3857,32.3471,891.205,-93.5899,-31.4957,893.508,174.539,-43.1587,491.166,-121.12,-42.87,554.712,285.595,-23.2979,65.8469,-176.951,-23.3015,90.3521
94,0,92.4452,-203.117,1504.82,5.98732,-12.4823,1416.54,153.457,-20.3596,1384.85,-141.483,-4.60501,1448.23,233.845,-175.354,1395.54,-341.482,-90.5569,1290.84,318.38,-319.496,1481.69,-557.29,-161.342,1228.57,97.1147,32.4135,891.346,-93.3726,-31.5437,893.356,174.667,-41.9942,491.152,-119.785,-43.2808,554.671,285.605,-15.6134,65.9648,-172.189,-23.1666,90.4163
95,0,93.1422,-201.242,1506.78,6.09516,-12.5926,1416.83,153.539,-20.8006,1385.04,-141.348,-4.38466,1448.61,242.318,-176.129,1403.78,-340.656,-90.6695,1292.11,323.901,-316.228,1504.03,-555.616,-158.315,1235.53,96.9115,32.3577,891.433,-93.2202,-31.475,893.251,176.031,-41.9896,491.164,-118.451,-43.4999,554.677,285.46,-11.81,65.9001,-171.088,-21.087,90.4648
96,0,95.1051,-202.875,1506.4,7.30216,-12.4292,1416.25,153.797,-21.1016,1384.04,-139.193,-3.7568,1448.46,244.612,-171.485,1404.66,-325.147,-105.121,1291.9,328.811,-302.647,1521.52,-540.642,-199.806,1237.33,96.2549,32.2842,891.455,-92.6432,-31.361,893.23,175.865,-40.051,491.03,-116.449,-43.7238,554.679,285.451,-8.09855,66.8673,-168.274,-21.2412,92.3275
97,0,96.111,-205.944,1506.12,8.1169,-13.396,1416.08,154.443,-22.9164,1383.82,-138.209,-3.87553,1448.35,249.93,-168.643,1407.33,-320.946,-104.81,1291.84,331.868,-293.279,1529.21,-535.163,-187.048,1247.35,96.1085,32.2752,891.491,-92.5185,-31.3482,893.179,176.03,-40.1742,490.913,-115.399,-46.9363,555.076,287.532,-8.42608,67.0015,-166.844,-22.6799,93.0826
98,0,96.3544,-206.857,1505.92,8.30537,-13.7216,1415.97,154.744,-23.1386,1383.59,-138.133,-4.30463,1448.36,251.306,-167.901,1412.52,-323.193,-105.94,1295.95,332.716,-292.088,1537.37,-541.506,-182.821,1256.8,95.9463,32.2311,891.57,-92.3831,-31.2878,893.077,175.965,-40.0844,490.888,-113.876,-49.9637,555.581,287.517,-9.0786,68.6636,-167.247,-29.6424,93.6651
99,0,96.6986,-207.243,1505.71,8.68903,-13.9645,1415.79,154.909,-23.4395,1383.33,-137.531,-4.48948,1448.26,252.343,-166.463,1412.75,-322.85,-110.38,1296.28,332.959,-287.108,1541.26,-541.416,-189.387,1257.75,95.7902,32.2654,891.591,-92.2554,-31.3195,893.054,175.988,-38.7501,490.751,-112.302,-52.9393,556.423,289.157,-7.11458,68.7476,-164.708,-31.8989,94.372
100,0,97.6057,-208.833,1506.17,9.05295,-17.4526,1415.24,154.981,-28.698,1383.16,-136.875,-6.20715,1447.32,253.304,-172.526,1423.26,-322.484,-116.182,1295.46,333.135,-291.882,1554.67,-541.596,-198.789,1259.06,95.6139,32.1667,891.638,-92.1032,-31.2155,893.001,175.974,-38.0751,490.339,-110.938,-53.0792,556.633,289.516,-4.62173,69.6342,-164.792,-32.1202,94.8821
101,0,98.3363,-209.298,1508.66,9.28497,-16.8156,1415.93,155.059,-27.9622,1384.27,-136.489,-5.66898,1447.58,253.366,-167.269,1446.84,-315.653,-119.343,1297.32,333.104,-273.416,1588.66,-534.268,-218.801,1275.69,95.5263,32.1775,891.654,-92.0439,-31.2132,892.981,176.55,-38.0595,490.591,-110.783,-57.4248,558.47,289.668,-4.15909,70.2825,-165.116,-33.3709,97.4213
102,0,102.268,-209.68,1507.89,12.5815,-24.857,1413.46,154.118,-17.1704,1380.87,-128.955,-32.5436,1446.05,236.688,-155.603,1437.31,-105.425,-257.028,1300.74,332.89,-263.325,1576.49,86.639,-390.834,1362.02,95.4774,34.32,892.098,-92.0448,-33.2516,892.636,175.874,-29.7044,490.572,-109.594,-71.5222,557.787,293.025,6.16023,75.2288,-167.351,-45.4871,104.064
103,0,104.373,-217.698,1507.65,15.4393,-40.2281,1411.69,154.053,-18.1326,1379.6,-123.174,-62.3237,1443.78,228.873,-158.097,1430.56,-52.8817,-304.836,1303.61,332.759,-265.656,1581.66,111.608,-447.554,1379.14,95.4919,35.904,892.554,-92.1765,-34.7446,892.22,175.111,-36.1237,495.852,-108.411,-79.0951,557.316,293.794,5.41766,82.8809,-167.57,-48.5622,112.416
104,0,104.372,-216.535,1511.16,15.5299,-30.7669,1414.48,154.47,-18.2728,1384.83,-123.41,-43.261,1444.13,237.624,-154.85,1471,-212.904,-191.816,1306.87,335.438,-254.375,1620.02,-423.274,-268.975,1339,95.4922,35.6141,892.554,-92.1768,-34.4401,892.202,179.375,-71.5146,502.419,-109.226,-77.8059,559.281,294.791,-29.1083,82.4232,-168.11,-47.7555,111.858
105,0,109.181,-217.889,1510.96,16.6979,-39.8599,1413.6,153.134,-18.4233,1384.48,-119.739,-61.2966,1442.72,231.913,-151.788,1455.91,-87.3443,-273.734,1309.76,334.972,-250.122,1604.17,91.0406,-387.4,1388.1,95.4785,37.9891,893.027,-92.2006,-36.7363,891.841,179.031,-70.4291,502.639,-108.29,-86.2349,559.002,295.706,-16.4975,85.7449,-168.263,-48.3071,115.622
106,0,109.875,-222.89,1509.75,16.1193,-46.4757,1412.35,151.868,-20.7976,1384.38,-119.63,-72.1537,1440.32,228.843,-154.55,1454.96,-66.9387,-299.354,1309.67,332.467,-252.646,1613.61,102.061,-429.651,1388.18,95.5571,38.7333,893.311,-92.4178,-37.453,891.597,177.759,-67.9163,504.065,-108.269,-91.7836,558.995,295.605,-18.333,89.4044,-168.808,-52.9487,120.629
107,0,112.493,-222.055,1509.82,16.3957,-43.3026,1413.07,151.027,-15.6822,1385.79,-118.235,-70.923,1440.34,229.358,-122.209,1463.73,-61.0779,-292.254,1316.27,332.208,-209.11,1632.69,108.408,-418.25,1405.28,95.5807,40.3684,893.683,-92.5332,-38.8821,891.3,177.713,-67.0721,504.765,-108.489,-92.1636,557.37,294.972,-8.42961,89.8203,-172.118,-51.2674,120.116
108,0,112.882,-220.728,1510.13,16.4118,-41.04,1413.64,151.129,-15.9577,1386.88,-118.306,-66.1223,1440.4,230.098,-124.795,1469.07,-69.7394,-282.099,1320.83,332.081,-216.691,1640.72,94.6194,-405.358,1407.76,96.0012,40.6673,893.897,-93.1374,-39.1393,891.117,177.674,-66.1549,505.653,-109.635,-101.952,557.513,290.983,-7.92105,89.3226,-175.653,-53.7326,119.233
109,0,113.046,-218.533,1510.69,16.6513,-38.2606,1413.64,151.211,-14.0743,1386.87,-117.908,-62.4469,1440.4,228.912,-124.783,1468.34,-65.4817,-273.79,1320.67,330.721,-215.817,1644.25,109.099,-394.738,1408.2,96.1673,40.946,894.028,-93.4354,-39.3885,890.984,178.095,-67.9681,506.648,-109.637,-100.767,557.447,290.967,-6.10656,89.6316,-175.504,-48.6329,120.009
110,0,113.088,-218.427,1511.71,17.7632,-38.4416,1414.42,151.612,-14.4812,1388.36,-116.086,-62.4021,1440.48,229.421,-126.419,1479.46,-46.553,-277.222,1323.12,330.589,-218.295,1662.48,100.32,-404.424,1414.94,96.4022,41.1276,894.156,-93.7934,-39.527,890.884,178.085,-66.8785,509.328,-109.665,-98.6437,557.432,289.723,-3.66388,89.9124,-175.538,-46.5219,119.937
111,0,113.019,-218.709,1512.06,18.0064,-39.5065,1414.52,151.717,-16.7979,1388.55,-115.704,-62.2151,1440.49,229.757,-132.893,1482.49,-55.7076,-286.329,1321.9,329.026,-221.591,1664.7,81.1138,-429.689,1403.83,96.4648,41.09,894.271,-93.92,-39.4797,890.745,177.354,-68.3198,511.401,-109.247,-99.0852,557.538,288.186,-1.55098,90.5918,-175.535,-46.4325,119.484
112,0,108.733,-218.745,1521.71,17.6238,-28.6824,1418.16,153.834,-27.833,1392.48,-118.586,-29.5317,1443.84,236.725,-150.282,1508.22,-270.057,-118.862,1332.55,330.955,-237.917,1680.61,-481.248,-174.5,1391.44,96.4832,38.3325,894.21,-93.9194,-36.9127,890.752,181.579,-73.1448,511.777,-109.535,-84.1021,557.835,289.91,-1.61244,90.2228,-176.47,-25.293,116.978
113,0,106.954,-217.939,1529.37,17.2884,-20.5618,1422.01,156.481,-30.0318,1396.35,-121.904,-11.0918,1447.67,246.483,-150.102,1522.1,-306.136,-84.6891,1338.64,332.869,-235.744,1691.86,-523.743,-142.079,1378.7,96.6562,36.5607,894.12,-94.0207,-35.2124,890.778,184.519,-76.8458,511.825,-110.7,-82.1432,558.269,290.52,-1.71665,89.9943,-178.189,-23.8803,114.501
114,0,105.658,-217.009,1532.15,16.6259,-18.9499,1424.2,156.576,-30.9377,1400.16,-123.324,-6.96208,1448.23,247.475,-145.227,1538.49,-314.487,-89.537,1338.39,334.403,-215.862,1713.44,-542.237,-153.417,1375.22,96.7177,35.7751,893.98,-94.0472,-34.4442,890.853,186.929,-75.2365,511.558,-111.152,-81.7904,559.711,291.251,-1.07463,89.7326,-179.415,-24.5085,114.377
115,0,102.43,-216.983,1534.56,16.4794,-17.7242,1428.25,157.441,-33.0438,1405.18,-124.482,-2.40461,1451.32,249.533,-142.236,1562.41,-320.874,-84.9997,1352.52,334.94,-202.591,1739.83,-541.412,-149.661,1370.81,96.7869,34.6737,893.86,-94.0874,-33.3557,890.916,188.317,-74.2921,511.421,-111.204,-80.1249,560.859,292.239,1.1707,89.5002,-179.892,-24.0531,114.273
116,0,100.339,-214.586,1538.2,16.4887,-12.711,1432.09,158.043,-32.8824,1410,-125.065,7.4603,1454.18,252.712,-130.892,1569.62,-314.475,-71.6831,1355.92,335.114,-182.897,1743.6,-529.715,-136.91,1367.42,96.794,33.4576,893.764,-94.086,-32.1399,890.957,188.614,-72.3664,511.471,-111.619,-76.7678,562.448,292.244,3.36,90.6471,-181.95,-23.3937,114.505
117,0,97.8674,-210.814,1543.96,16.5503,-6.85173,1436.49,158.222,-32.5941,1415.04,-125.121,18.8907,1457.93,253.509,-109.219,1588.23,-315.736,-37.9696,1365.84,335.032,-137.918,1763.21,-529.043,-79.481,1366.36,96.7805,31.6821,893.666,-94.0473,-30.4781,891.01,188.448,-68.3173,511.505,-111.952,-69.3871,563.578,292.221,3.15161,90.4309,-184.347,-21.9218,114.534
118,0,95.2107,-210.432,1543.27,16.4768,-5.98215,1437.06,158.172,-32.0715,1415.4,-125.219,20.1071,1458.73,253.156,-103.786,1583.04,-303.768,-32.8079,1363.46,334.739,-134.93,1761.76,-495.424,-64.738,1365.07,96.7997,30.7472,893.458,-94.0515,-29.6671,891.191,188.279,-58.6576,511.415,-113.25,-66.3797,565.048,291.387,4.52979,90.0614,-185.469,-20.3421,114.696
119,0,89.8122,-210.514,1547.51,15.8026,-8.49072,1439.66,158.149,-33.971,1418.16,-126.543,16.9896,1461.16,253.439,-106.885,1588.08,-319.908,-52.7329,1377.14,332.336,-145.99,1765,-537.739,-106.336,1376.42,96.6924,29.8819,893.46,-93.9202,-28.7586,891.172,188.113,-50.2658,511.307,-113.592,-62.8844,565.816,290.728,6.4984,89.908,-185.671,-19.6441,115.632
120,0,87.0455,-210.74,1547.24,15.8827,-8.98386,1439.14,158.378,-35.324,1417.38,-126.613,17.3563,1460.9,253.236,-108.022,1585.27,-318.464,-49.4683,1374.8,329.631,-156.354,1766.95,-534.268,-101.118,1376.73,96.6777,28.3604,893.391,-93.8926,-27.329,891.229,187.972,-45.7921,510.861,-114.292,-60.8299,566.658,292.059,8.95328,90.0992,-186.885,-16.1975,115.867
121,0,83.3557,-211.296,1548.31,14.568,-12.0733,1441.63,157.939,-38.1595,1420.43,-128.803,14.0129,1462.83,253.094,-109.432,1591.97,-330.795,-65.0952,1383.5,325.251,-153.166,1772.83,-554.932,-126.587,1385.89,96.4321,27.9729,893.423,-93.6404,-26.8516,891.174,185.532,-37.2589,510.175,-114.288,-59.0267,567.02,290.671,14.3523,90.2312,-187.564,-16.7726,116.817
122,0,80.2704,-212.664,1547.66,14.4047,-12.9139,1441.07,157.85,-39.7976,1419.6,-129.041,13.9697,1462.54,252.825,-111.075,1588.86,-325.806,-64.4108,1378.75,323.233,-152.761,1773.63,-544.578,-129.476,1382.89,96.353,27.3717,893.406,-93.553,-26.1938,891.176,185.737,-32.9763,508.679,-115.465,-57.1958,567.39,290.664,25.2486,90.1417,-187.513,-7.06312,118.605
123,0,79.9058,-212.644,1549,14.3377,-14.8354,1442.56,157.78,-42.0239,1422.1,-129.105,12.3531,1463.02,251.993,-110.499,1600.49,-327.595,-70.3237,1383.35,318.072,-142.668,1786.31,-551.246,-139.191,1387.93,96.0968,26.9327,893.41,-93.3041,-25.6983,891.162,185.091,-30.8784,508.037,-115.468,-54.7758,567.437,290.637,27.5036,90.0548,-187.76,-5.98145,119.798
124,0,75.8744,-213.914,1548.94,12.9346,-16.5252,1443.26,156.223,-44.283,1423.19,-130.353,11.2326,1463.33,248.005,-111.051,1604.98,-332.325,-72.3871,1386.69,312.752,-142.56,1794.24,-556.988,-143.068,1392,95.9419,26.7438,893.421,-93.1511,-25.4652,891.145,184.476,-29.2914,506.915,-115.747,-53.9708,567.489,289.37,30.8497,88.7222,-188.661,-5.55916,120.228
125,0,71.2021,-215.949,1548.21,11.6479,-18.5112,1443.19,154.956,-47.3715,1423.21,-131.66,10.3492,1463.16,243.61,-111.442,1610.57,-334.219,-73.2761,1385.55,303.633,-140.623,1803.43,-556.163,-145.713,1393.27,95.8263,26.536,893.465,-93.0446,-25.1935,891.08,184.342,-27.9532,506.893,-116.236,-53.8622,567.479,286.88,38.1399,88.733,-189.225,0.585675,123.878
126,0,68.681,-215.236,1549.13,11.4876,-18.0594,1443.16,154.724,-47.385,1423.7,-131.749,11.2662,1462.62,236.974,-109.91,1612.18,-329.541,-73.4822,1382.8,294.731,-134.302,1806.67,-547.447,-148.561,1392.05,95.7253,25.9987,893.466,-92.9574,-24.5598,891.074,183.901,-28.2599,506.916,-118.826,-54.0748,567.571,278.216,45.2078,91.0826,-193.351,0.892125,128.513
127,0,69.7235,-214.649,1549.84,11.4413,-18.5923,1444.29,154.627,-48.6938,1426.13,-131.744,11.5092,1462.45,228.771,-110.219,1618.59,-326.8,-73.7735,1383.65,287.222,-132.541,1815.01,-546.737,-150.348,1396.23,95.6743,25.1716,893.471,-92.9145,-23.6481,891.059,183.076,-28.4275,506.399,-120.043,-52.551,567.408,271.028,51.6426,90.9483,-198.359,6.06052,131.445
128,0,67.25,-208.052,1551.93,11.8886,-14.6303,1444.53,154.631,-48.5587,1426.82,-130.854,19.2981,1462.25,224.597,-107.341,1620.71,-322.843,-62.6215,1382.29,285.386,-123.198,1814.84,-540.567,-143.957,1400.66,95.4786,23.5317,893.475,-92.7153,-21.8738,891.045,182.326,-28.9966,506.431,-121.019,-50.1374,567.91,264.252,55.1302,95.1401,-202.521,9.06241,135.579
129,0,64.4476,-205.806,1553.64,12.5223,-15.2665,1444.35,154.592,-50.9013,1427.21,-129.548,20.3683,1461.49,222.708,-107.349,1622.73,-320.146,-55.7596,1382.92,284.646,-121.531,1816.75,-536.989,-132.068,1407.41,95.2623,22.5857,893.556,-92.5008,-20.8332,890.916,182.449,-39.0056,512.792,-121.836,-49.7705,568.763,264.866,52.605,109.358,-205.969,7.43137,138.896
130,0,60.1462,-206,1554.7,12.7552,-15.3333,1443.32,154.624,-52.4156,1426.81,-129.114,21.749,1459.83,220.825,-108.664,1621.05,-318.167,-50.0922,1381.87,279.552,-126.746,1814.47,-532.01,-121.634,1409.98,95.2517,21.6639,893.577,-92.4916,-19.8586,890.852,183.252,-64.4255,517.182,-123.609,-50.1496,569.741,264.832,50.0277,114.3,-207.905,7.7693,149.825
131,0,58.6664,-207.078,1555.4,13.1176,-17.9044,1442.78,154.708,-56.6012,1426.81,-128.473,20.7924,1458.75,217.847,-114.542,1620.34,-316.753,-54.2114,1381.45,273.623,-128.677,1813.53,-529.925,-124.37,1407.55,95.2441,21.253,893.578,-92.4837,-19.4245,890.842,183.908,-65.9273,517.04,-123.706,-50.2131,569.875,265.695,47.906,113.561,-208.783,7.23157,151.3
132,0,58.4947,-203.372,1555.93,13.0112,-16.0537,1442.85,154.497,-56.0428,1427.4,-128.475,23.9353,1458.3,215.131,-109.883,1627.83,-316.459,-49.6684,1380.69,272.249,-117.352,1823.43,-533.251,-122.625,1408.96,95.231,20.7064,893.581,-92.4718,-18.8229,890.824,183.838,-64.0436,516.732,-124.408,-49.3586,569.874,265.049,46.63,112.157,-210.27,8.61843,149.484
133,0,54.7173,-203.747,1556.2,13.3515,-18.6973,1441.46,154.473,-60.5192,1427.31,-127.77,23.1245,1455.61,210.176,-115.725,1627.95,-315.98,-52.6609,1375.96,266.362,-120.035,1825.47,-529.871,-132.253,1407.18,95.2075,20.0859,893.575,-92.4574,-18.1627,890.818,184.12,-65.2868,516.549,-124.378,-48.026,569.858,265.246,45.641,111.581,-209.658,9.07567,149.456
134,0,54.3868,-203.901,1555.96,13.2113,-18.4573,1440.99,154.042,-60.4464,1427.14,-127.619,23.5319,1454.83,208.503,-117.061,1627.04,-315.357,-54.4731,1375.45,263.923,-123.331,1826.45,-527.129,-133.159,1406.33,95.1606,19.5456,893.564,-92.4169,-17.6306,890.817,184.127,-59.7913,515.594,-124.764,-46.6702,569.85,265.562,48.2101,111.642,-209.263,10.3973,149.087
135,0,51.711,-204.104,1555.71,12.8521,-18.4847,1440.44,153.356,-60.1453,1427.11,-127.652,23.1759,1453.78,203.926,-116.541,1628.73,-314.921,-53.6976,1375.52,257.648,-123.653,1829.29,-528.477,-131.129,1410.68,95.1211,19.3972,893.591,-92.3858,-17.4509,890.756,184.215,-71.9384,518.292,-125.108,-46.7772,570.111,265.938,39.6517,111.71,-212.277,10.1887,152.367
136,0,48.0566,-204.251,1555.69,11.8849,-19.2559,1439.72,151.587,-61.7794,1426.97,-127.818,23.2675,1452.47,199.646,-118.368,1630.79,-310.79,-57.9352,1373.44,255.105,-125.62,1834.75,-528.062,-160.567,1409.84,95.0826,18.8033,893.59,-92.3634,-16.7534,890.749,185.309,-79.0134,520.145,-125.551,-46.8807,571.318,266.11,34.8517,114.657,-214.936,9.83347,158.535
137,0,46.8321,-204.388,1555.99,10.8519,-19.9116,1438.69,149.744,-62.8934,1426.84,-128.04,23.0703,1450.55,196.127,-118.974,1630.49,-307.942,-59.2146,1368.43,250.614,-126.796,1835.04,-527.366,-167.467,1409.04,95.0594,18.5801,893.589,-92.3496,-16.4805,890.737,185.625,-82.4721,521.947,-126.053,-48.1674,572.091,265.686,34.5626,115.456,-215.602,10.3268,160.827
138,0,45.7774,-200.363,1555.85,10.2786,-19.3767,1437.12,148.562,-62.7479,1426.56,-128.005,23.9945,1447.68,192.788,-117.546,1630.22,-301.571,-71.8489,1359.16,245.786,-122.797,1835.36,-523.226,-205.526,1407.13,94.9675,18.5818,893.561,-92.2867,-16.4455,890.743,186.811,-84.5766,523.591,-126.453,-54.3256,572.957,264.668,33.1036,117.341,-215.189,10.7628,166.423
139,0,43.5484,-200.532,1556.22,9.86187,-19.2041,1436.72,147.848,-62.7989,1426.45,-128.124,24.3908,1446.99,191.954,-117.552,1631.23,-299.928,-71.8567,1358.24,243.536,-122.224,1836.06,-522.308,-197.471,1406.74,94.9484,18.3815,893.533,-92.2767,-16.2097,890.75,186.774,-82.4453,523.257,-126.903,-54.4596,573.521,263.152,33.7516,116.754,-214.886,15.3974,167.807
140,0,40.9442,-201.078,1556.67,8.3244,-22.0244,1436.21,145.708,-67.1837,1426.34,-129.059,23.1349,1446.07,187.891,-119.591,1635.02,-299.632,-91.7487,1357.5,241.179,-121.873,1841.99,-521.976,-238.385,1406.61,94.8987,18.2117,893.524,-92.2544,-15.9702,890.752,186.754,-80.8408,523.031,-126.73,-54.4148,573.89,263.159,36.646,117.425,-215.73,15.0938,168.081
141,0,39.2313,-201.209,1556.62,6.86105,-22.6543,1435.64,143.58,-68.0234,1426.25,-129.858,22.7147,1445.03,184.607,-119.825,1637.1,-298.237,-98.3487,1356.45,237.906,-120.844,1844.62,-518.122,-243.482,1406.3,94.818,18.1868,893.523,-92.2025,-15.9215,890.75,186.382,-72.5982,522.958,-126.734,-54.3686,573.999,262.8,43.9178,117.621,-215.341,15.3862,167.606
142,0,35.8791,-203.118,1556.16,5.4369,-25.3731,1435.47,142.311,-68.9105,1426.19,-131.437,18.1643,1444.75,183.277,-123.67,1635.69,-297.681,-123.102,1356.02,231.244,-123.509,1841.42,-516.005,-281.171,1405.94,94.7855,18.2266,893.541,-92.1897,-15.9345,890.732,186.408,-71.5449,522.952,-126.874,-58.349,573.999,262.656,50.6419,118.7,-216.899,14.9912,167.44
143,0,35.7718,-203.233,1556.49,4.24857,-27.7969,1435.19,140.321,-69.3299,1426.25,-131.824,13.7361,1444.12,180.811,-123.267,1637.26,-296.283,-135.213,1355.57,230.277,-117.296,1844.13,-513.845,-297.138,1405.75,94.5753,18.3714,893.549,-92.0318,-16.0245,890.727,186.418,-65.5012,523.049,-126.885,-59.3112,573.879,262.767,60.4725,119.99,-217.994,15.1387,166.734
144,0,35.5333,-203.277,1556.78,3.62869,-29.7949,1434.9,139.399,-70.4092,1426.25,-132.142,10.8193,1443.54,179.988,-123.383,1637.9,-294.56,-144.17,1353.6,230.444,-116.415,1845.05,-510.266,-314.755,1403.63,94.47,18.4087,893.547,-91.9631,-16.0365,890.728,186.631,-61.6801,522.909,-126.963,-60.0323,573.819,263.393,66.406,120.534,-219.664,14.9125,166.26
145,0,31.0944,-203.859,1556.86,3.36711,-30.6627,1434.4,139.217,-72.1009,1426.11,-132.483,10.7755,1442.7,177.933,-128.067,1637.03,-293.938,-137.38,1351.83,223.16,-120.028,1843.4,-508.852,-298.641,1403.42,94.4593,18.3492,893.547,-91.9626,-15.9587,890.725,187.023,-63.0624,522.792,-127.25,-60.3561,573.752,263.545,64.1166,120.457,-220.182,15.8879,166.445
146,0,29.9859,-205.337,1556.62,3.06319,-32.0365,1433.6,139.051,-74.3064,1425.71,-132.924,10.2334,1441.49,176.954,-133.077,1636.28,-293.532,-135.737,1348.81,220.361,-125.26,1842.72,-507.946,-295.449,1403.16,94.476,18.3098,893.548,-91.9984,-15.9056,890.721,187.133,-64.8818,522.715,-127.395,-60.5722,573.728,263.345,62.4577,120.268,-219.939,17.3798,166.903
147,0,26.182,-206.882,1556.37,2.14086,-32.5305,1433.6,138.071,-75.0987,1425.78,-133.789,10.0378,1441.42,175.052,-134.223,1636.63,-293.427,-131.759,1348.96,216.869,-126.725,1844.51,-507.016,-284.047,1406.12,94.4659,18.2491,893.585,-91.9932,-15.8382,890.68,187.16,-64.8455,523.592,-127.767,-60.4522,573.751,263.428,61.645,122.241,-219.945,18.2084,167.693
148,0,23.094,-207.371,1556.25,1.51733,-32.8886,1433.01,136.983,-75.7281,1425.47,-133.948,9.95087,1440.55,171.878,-133.878,1636.15,-295.866,-115.843,1354.52,211.309,-126.769,1845.2,-509.139,-234.148,1415.49,94.4159,18.2231,893.685,-91.9546,-15.8181,890.565,187.154,-73.2551,526.202,-128.23,-59.9718,573.672,263.442,49.212,122.104,-220.397,21.9987,169.372
149,0,20.3965,-211.142,1553.94,1.20576,-37.0604,1430.3,136.696,-80.3621,1424.32,-134.284,6.24123,1436.29,170.588,-137.653,1635.46,-295.397,-123.135,1348.13,206.465,-130.52,1844.31,-506.687,-261.906,1414.61,94.4336,18.2265,893.686,-91.9937,-15.8188,890.56,187.415,-89.5831,528.195,-128.536,-61.6896,573.714,263.569,44.0288,123.026,-220.374,23.5257,173.648
150,0,17.9271,-224.084,1552.04,0.53224,-49.4814,1428.74,136.196,-93.3987,1423.07,-135.132,-5.56402,1434.42,169.053,-154.13,1634.58,-294.719,-146.28,1347.59,202.913,-147.384,1843.58,-499.94,-303.687,1413.82,94.5625,18.2192,893.691,-92.1744,-15.8039,890.546,187.671,-102.205,530.934,-129.12,-63.1774,574.035,263.627,38.2009,125.794,-220.45,26.6416,179.787
151,0,16.8824,-225.677,1551.11,0.024632,-52.888,1427.13,135.538,-97.211,1422.09,-135.489,-8.56492,1432.17,167.402,-153.755,1634.25,-294.204,-143.233,1347.24,200.538,-146.779,1843.43,-497.078,-293.406,1414.07,94.6139,18.2553,893.715,-92.2538,-15.8301,890.512,187.945,-111.718,535.373,-129.879,-63.5464,574.303,264.056,25.5201,128.172,-220.641,28.3034,183.403
152,0,16.2075,-225.164,1551.17,-0.132672,-53.463,1426.33,135.227,-97.9862,1421.75,-135.493,-8.93973,1430.92,166.601,-152.391,1634.5,-292.941,-142.602,1346.61,200.152,-146.394,1845.05,-494.725,-294.099,1414.67,94.6335,18.2882,893.72,-92.2952,-15.8485,890.503,189.617,-109.711,535.963,-130.086,-63.7939,574.367,266.788,26.0342,129.014,-221.511,28.8508,183.128
153,0,15.2109,-225.977,1552,-0.660531,-54.5712,1426.22,134.805,-99.5738,1421.54,-136.126,-9.56853,1430.9,165.179,-153.039,1635.77,-290.048,-149.336,1345.07,199.154,-145.433,1848.1,-486.768,-312.802,1410.99,94.8125,18.3607,893.71,-92.5327,-15.9018,890.505,190.345,-106.193,535.792,-130.056,-65.2674,574.925,266.936,27.9183,128.929,-221.103,28.424,182.859
154,0,13.9088,-229.495,1551.59,-0.780262,-55.8273,1425.4,134.669,-100.605,1420.71,-136.23,-11.0496,1430.08,164.085,-156.178,1635.66,-285.136,-156.746,1341.86,195.407,-145.94,1847.63,-475.895,-326.542,1406.97,94.9615,18.5876,893.694,-92.7339,-16.0947,890.516,191.943,-103.696,535.864,-130.937,-69.6165,575.545,267.168,34.5131,129.213,-221.047,28.0811,183.399
155,0,12.2121,-229.164,1551.59,-1.08829,-55.3195,1424.72,134.201,-99.8937,1419.97,-136.378,-10.7452,1429.47,161.308,-155.233,1635.85,-282.293,-154.814,1341.78,191.092,-144.687,1848.33,-469.732,-319.169,1404.94,95.0847,18.893,893.684,-92.8879,-16.3739,890.518,192.393,-103.282,537.017,-131.683,-74.3069,576.034,267.176,34.6499,129.601,-219.656,28.8923,185.471
156,0,10.3647,-239.056,1550.67,-1.82477,-59.8422,1423.83,133.99,-104.266,1418.85,-137.639,-15.4185,1428.81,161.1,-162.386,1634.3,-282.281,-162.821,1340.31,188.417,-148.58,1847.24,-471.416,-330.546,1404.92,95.4837,19.0079,893.674,-93.3668,-16.4774,890.52,192.831,-105.028,537.592,-131.779,-75.3101,576.656,267.215,35.3431,131.211,-219.719,29.572,189.241
157,0,9.17831,-237.615,1550.68,-2.00854,-59.7289,1423.39,133.531,-104.09,1418.75,-137.548,-15.3675,1428.03,158.065,-160.804,1635.95,-281.023,-163.328,1338.25,185.384,-146.656,1849.68,-469.638,-333.86,1400.87,95.5069,19.3941,893.648,-93.4089,-16.8231,890.548,194.109,-103.768,537.392,-131.844,-76.1104,576.649,268.005,36.6135,131.014,-219.683,24.8854,189.003
158,0,7.29356,-237.674,1550.39,-2.30299,-59.3656,1423.28,133.074,-103.761,1418.57,-137.68,-14.9704,1428,156.974,-161.229,1635.84,-278.959,-161.226,1338.58,182.128,-146.344,1849.3,-467.345,-327.788,1401.58,95.632,19.5014,893.637,-93.5613,-16.9301,890.554,194.323,-102.82,537.602,-134.54,-78.4129,577.568,267.973,39.2201,131.16,-220.14,27.5357,189.921
159,0,4.16995,-239.105,1550.36,-2.42078,-60.5049,1423.07,132.84,-105.56,1418.46,-137.682,-15.4499,1427.68,153.655,-162.778,1635.73,-279.065,-162.418,1338.03,177.321,-147.128,1848.97,-466.632,-332.432,1401.05,95.8032,19.755,893.624,-93.7752,-17.1643,890.562,194.711,-99.8083,537.129,-134.64,-78.507,577.585,268.073,52.0457,131.04,-217.47,28.565,189.418
160,0,4.0755,-238.798,1551.32,-2.49756,-61.1765,1422.46,132.536,-106.996,1418.34,-137.531,-15.3569,1426.59,151.761,-163.368,1638.75,-277.829,-162.755,1338.21,172.822,-146.819,1854.24,-465.302,-332.707,1404.49,95.864,19.777,893.595,-93.8573,-17.1792,890.588,194.776,-99.3995,536.964,-134.727,-78.1669,577.685,268.409,51.7308,131.359,-218.448,28.4477,188.823
161,0,3.93273,-238.145,1551.44,-2.49904,-63.1117,1422.16,132.198,-107.75,1418.31,-137.196,-18.473,1426,149.918,-164.151,1640.38,-277.859,-171.033,1338.33,169.057,-147.987,1857.27,-466.01,-346.923,1407.26,95.8781,20.2686,893.545,-93.8817,-17.6459,890.641,195.496,-96.5004,536.91,-134.709,-79.4275,577.603,269.543,65.768,131.308,-217.908,33.2758,188.337
162,0,3.60709,-238.681,1551.31,-3.17243,-65.0738,1422,130.763,-108.196,1418.5,-137.107,-21.9518,1425.5,148.114,-164.326,1641.29,-277.71,-174.211,1338.46,165.986,-148.675,1857.87,-464.953,-348.073,1407.92,95.8697,20.9711,893.531,-93.8833,-18.3317,890.662,195.638,-91.7992,536.806,-134.462,-79.3207,577.598,269.281,71.9429,131.264,-217.904,35.0435,187.951
163,0,2.04662,-240.038,1551.28,-2.46858,-67.2153,1421.95,130.753,-110.55,1418.66,-135.69,-23.8807,1425.25,148.059,-166.168,1644.07,-277.646,-172.319,1339.33,164.142,-150.263,1859.73,-465.168,-342.194,1411.88,95.8294,21.2095,893.509,-93.8606,-18.5872,890.69,195.624,-85.9048,536.378,-133.971,-79.2496,577.629,269.181,74.9699,131.026,-216.666,38.5164,188.001
164,0,0.426803,-239.565,1551.32,-1.60782,-67.0832,1422.18,130.771,-110.911,1418.79,-133.987,-23.2559,1425.57,148.428,-168.406,1646.44,-276.282,-174.696,1341.35,165.55,-152.362,1863.89,-462.476,-352.444,1412.77,95.7569,21.2252,893.391,-93.8085,-18.599,890.811,195.613,-80.5725,535.565,-133.92,-77.3275,578.128,269.132,75.4175,131.364,-216.97,38.7831,188.202
165,0,0.01135,-235.499,1551.16,-1.32668,-66.3866,1422.19,130.747,-110.358,1419.15,-133.4,-22.415,1425.23,146.527,-168.495,1648.01,-275.678,-172.85,1341.58,162.453,-153.881,1865.25,-460.152,-347.43,1415.71,95.7559,21.2399,893.307,-93.8109,-18.6102,890.892,195.238,-80.6851,535.111,-134.256,-77.2655,578.955,268.088,73.7851,131.319,-217.301,38.7048,188.444
166,0,-2.34674,-234.032,1551.23,-1.22323,-66.0804,1421.85,130.286,-110.137,1419.32,-132.733,-22.0234,1424.38,143.906,-167.874,1648.91,-275.526,-172.121,1341.25,158.471,-152.506,1866.13,-460.596,-344.782,1417.56,95.6818,21.652,893.25,-93.7554,-19.0348,890.965,194.564,-79.6761,535.043,-134.138,-77.3039,578.949,267.037,74.926,131.261,-217.126,38.4302,188.501
167,0,-3.13202,-228.766,1551.48,-0.925489,-63.5341,1422.6,129.764,-107.096,1420.8,-131.615,-19.9724,1424.39,140.812,-164.937,1652.59,-275.298,-162.098,1342.27,153.395,-152.353,1870.19,-461.139,-323.234,1422.49,95.4374,22.1099,893.218,-93.5277,-19.4958,891.007,193.338,-72.4649,534.954,-133.934,-77.0889,579.145,264.419,83.561,132.334,-217.324,38.3387,188.452
168,0,-5.75272,-221.099,1551.67,-1.07023,-58.2868,1422.24,128.995,-101.006,1421.35,-131.135,-15.5672,1423.14,138.338,-157.406,1655.15,-275.383,-149.318,1342.27,148.657,-147.788,1872.12,-461.368,-301.46,1423.73,95.2477,22.4626,893.156,-93.3464,-19.8446,891.079,192.448,-72.2014,534.779,-134.022,-77.2156,579.111,262.308,84.8073,132.354,-217.368,38.2254,188.336
169,0,-5.26008,-220.25,1552.79,-0.732884,-58.4393,1422.55,128.387,-100.968,1422.46,-129.852,-15.9108,1422.64,134.267,-157.257,1659.68,-273.485,-153.342,1342.25,145.289,-147.766,1877.05,-460.092,-310.256,1425.22,95.0542,23.0878,893.137,-93.1718,-20.4449,891.105,190.998,-66.5992,534.587,-133.842,-76.8323,579.996,262.252,89.5115,132.847,-219.36,38.0379,189.946
170,0,-9.34973,-220.29,1553.46,-0.317074,-58.5998,1423.33,127.878,-101.09,1424.14,-128.512,-16.1092,1422.53,132.583,-157.391,1662.01,-273.548,-153.281,1344.44,142.509,-149.841,1879.74,-460.229,-310.362,1432.7,94.749,23.4021,893.115,-92.9048,-20.7852,891.152,188.664,-42.1756,532.381,-132.634,-71.3193,580.758,260.708,108.023,132.97,-219.513,42.1397,189.826
171,0,-9.71644,-218.935,1553.59,-0.41525,-57.9807,1424.24,126.93,-100.77,1425.97,-127.76,-15.1913,1422.5,129.812,-157.388,1665.44,-273.581,-153.362,1345.37,139.468,-149.924,1882.03,-460.643,-312.089,1432.96,94.423,23.4312,893.107,-92.5996,-20.8116,891.165,187.958,-37.4427,531.934,-132.612,-69.3479,581.835,260.081,110.47,134.359,-221.33,42.9302,190.007
172,0,-9.23557,-218.468,1553.57,0.029318,-57.0525,1424.27,126.873,-100.172,1426.54,-126.814,-13.9328,1421.99,130.41,-156.621,1665.72,-273.639,-139.762,1347.72,139.418,-150.127,1883.09,-460.986,-278.631,1441.78,94.1703,23.4617,893.125,-92.3483,-20.8506,891.153,187.18,-42.1621,532.279,-132.083,-67.0942,581.856,257.081,105.618,134.51,-221.097,47.6533,189.982
173,0,-9.86218,-213.763,1554.04,-0.752978,-54.7013,1424.1,125.249,-98.1672,1427.34,-126.755,-11.2355,1420.86,126.842,-152.836,1667.42,-273.736,-125.268,1348.13,135.247,-148.594,1884.21,-461.14,-250.463,1444.17,93.9559,23.6703,893.19,-92.1281,-21.0644,891.081,185.429,-48.161,535.469,-132.047,-67.485,582.472,254.24,105.313,134.968,-220.652,48.2198,192.113
174,0,-9.57985,-214.164,1554.11,-0.892222,-55.2487,1423.9,125.002,-98.5144,1427.69,-126.786,-11.9831,1420.1,126.274,-152.893,1668.21,-273.796,-127.937,1347.96,132.347,-148.485,1884.74,-460.235,-260.667,1443.76,93.9472,23.866,893.221,-92.1228,-21.2881,891.053,185.426,-51.6378,536.549,-131.882,-67.8591,583.217,252.871,102.915,134.701,-220.58,49.6013,193.248
175,0,-9.57653,-214.215,1554.14,-1.38591,-55.1363,1423.65,124.1,-98.3625,1427.9,-126.872,-11.9102,1419.39,124.958,-152.261,1668.79,-273.769,-128.921,1347.34,129.789,-146.651,1885.13,-459.36,-264.922,1442.56,93.9107,23.9813,893.23,-92.0926,-21.4117,891.047,185.32,-54.2972,537.061,-132.055,-67.943,583.391,248.538,101.116,134.638,-221.006,50.2323,194.689
176,0,-10.0999,-214.115,1552.63,-2.12548,-54.152,1423.1,122.842,-97.4637,1428.21,-127.093,-10.8402,1418,119.775,-148.188,1670.2,-273.954,-119.467,1346.86,126.643,-135.679,1887.38,-459.3,-242.88,1442.15,93.8693,24.1077,893.337,-92.0562,-21.5245,890.942,185.102,-62.6416,540.195,-132.142,-68.916,583.654,243.101,91.3746,134.498,-223.368,49.8643,196.238
177,0,-10.6462,-214.336,1551.98,-2.32665,-53.9361,1423.3,122.459,-97.4731,1428.87,-127.112,-10.3992,1417.73,116.606,-147.247,1672.23,-274.132,-115.815,1346.94,123.904,-131.849,1889.84,-458.932,-239.118,1442.96,93.8292,24.1131,893.382,-92.0271,-21.5278,890.901,185.127,-66.3254,542.132,-132.684,-67.2966,584.367,239.872,86.4923,134.235,-225.849,55.6085,197.757
178,0,-16.1392,-214.369,1550.99,-4.83424,-53.84,1423.13,119.253,-98.0437,1429.37,-128.922,-9.63637,1416.88,109.204,-147.337,1672.78,-277.64,-112.863,1346.61,116.771,-132.106,1889.89,-458.555,-236.962,1445.79,93.808,24.0039,893.49,-92.0143,-21.407,890.802,183.81,-70.227,543.014,-133.597,-66.623,586.03,235.164,81.535,134.214,-226.909,61.2299,204.213
179,0,-19.2757,-214.276,1550.65,-5.15261,-53.5237,1423.05,118.942,-98.6194,1429.56,-129.248,-8.42802,1416.53,108.047,-147.617,1672.62,-277.368,-114.03,1344.5,115.564,-131.828,1890.72,-455.819,-259.146,1445.32,93.8123,23.5093,893.485,-92.0381,-20.8716,890.808,183.36,-79.8498,543.623,-134.284,-66.6836,586.409,224.257,70.9262,134.185,-232.387,57.692,203.657
180,0,-21.8654,-214.721,1549.31,-5.93965,-53.6342,1422.76,118.082,-99.5008,1429.71,-129.962,-7.76763,1415.8,105.566,-147.691,1672.49,-277.751,-113.323,1342.41,112.587,-131.954,1891.26,-455.674,-253.662,1446.81,93.7842,23.1393,893.595,-92.0198,-20.4647,890.698,181.515,-79.6907,544.5,-134.287,-58.2791,586.486,223.258,71.0627,134.621,-232.316,68.7897,203.258
181,0,-24.3552,-214.166,1549.09,-6.12381,-53.0713,1423.53,117.775,-99.4989,1431.47,-130.023,-6.64382,1415.59,103.182,-147.26,1675.56,-275.305,-115.206,1337.2,110.948,-128.37,1894.04,-449.761,-257.181,1446.58,93.7775,22.7473,893.596,-92.02,-20.0038,890.698,179.907,-79.5549,544.654,-134.535,-55.4697,587.097,217.122,71.1308,135.087,-236.5,70.0046,202.941
182,0,-29.7795,-209.715,1549.19,-7.99419,-50.527,1424.2,114.515,-98.7809,1432.86,-130.504,-2.2731,1415.54,99.3068,-147.171,1676.59,-272.498,-114.422,1336.64,101.776,-128.706,1893.75,-444.515,-258.485,1446.69,93.6683,22.3637,893.599,-91.9311,-19.6092,890.695,177.589,-79.1138,544.571,-135.128,-55.6265,587.821,214.941,71.2859,135.622,-236.483,69.4859,204.423
183,0,-31.5947,-196.48,1550.26,-7.9253,-42.8695,1425.51,114.231,-92.3262,1435.45,-130.082,6.58716,1415.57,99.237,-140.406,1678.46,-265.462,-112.462,1332.53,101.506,-120.68,1893.55,-425.918,-259.847,1434.42,93.6189,22.3245,893.574,-91.9045,-19.5559,890.723,177.679,-80.1256,545.132,-135.131,-56.699,588.366,210.853,70.6065,135.895,-237.371,59.2101,204.184
184,0,-31.4743,-197.967,1550.06,-8.64367,-43.3796,1424.74,114.043,-92.7204,1435.85,-131.331,5.96131,1413.62,99.4596,-140.798,1679.77,-266.028,-113.082,1324.18,99.3953,-121.176,1894.83,-429.32,-266.442,1433.9,93.6977,22.2816,893.573,-92.0196,-19.4979,890.726,177.8,-82.6118,545.018,-136.65,-56.2144,588.684,212.27,68.2836,135.916,-240.01,59.2498,204.313
185,0,-34.6718,-192.941,1550.07,-9.46692,-39.5817,1425.01,113.009,-88.7408,1437.21,-131.943,9.57739,1412.81,97.8321,-134.335,1681.48,-262.721,-114.031,1312.5,98.2667,-108.267,1895.42,-421.412,-271.446,1411.22,93.7115,22.3014,893.581,-92.0518,-19.5018,890.716,177.905,-83.3194,546.27,-136.874,-57.8385,589.668,205.513,68.9899,136.315,-241.674,58.6879,204.161
186,0,-34.8797,-187.128,1550.32,-10.5801,-35.3701,1424.45,110.964,-83.2083,1438.21,-132.124,12.4682,1410.69,95.5841,-126.694,1683.54,-251.293,-114.799,1296.38,95.3232,-97.2653,1895.52,-399.545,-275.438,1384.96,93.6812,22.4414,893.575,-92.0343,-19.5814,890.721,177.8,-83.46,546.272,-137.152,-61.9469,591.1,203.716,69.0606,136.304,-245.611,54.8403,204.434
187,0,-34.726,-179.289,1550.74,-11.3345,-30.3432,1423.55,109.516,-78.6563,1438.4,-132.185,17.9699,1408.69,96.0503,-122.831,1683.33,-232.114,-115.447,1277.47,95.9219,-89.4062,1895.3,-353.001,-282.023,1335.59,93.6709,22.4507,893.59,-92.0311,-19.5776,890.689,177.245,-88.444,548.018,-137.832,-66.6043,591.878,198.673,64.4251,137.955,-245.223,53.7665,205.289
188,0,-35.4002,-170.628,1553.18,-11.8431,-27.5621,1423.53,108.106,-76.9971,1438.97,-131.792,21.873,1408.08,95.8426,-123.678,1683.62,-221.514,-115.954,1276.21,93.3697,-93.8234,1894.41,-340.254,-288.411,1332.76,93.4839,22.3281,893.566,-91.8863,-19.4137,890.705,174.82,-88.0725,548.075,-138.283,-66.2977,592.666,194.827,63.3,139.99,-246.169,51.8849,205.609
189,0,-35.9712,-168.601,1554.3,-12.5824,-26.3862,1423.26,106.624,-75.05,1439.51,-131.789,22.2777,1407,95.035,-122.617,1684.57,-217.175,-116.735,1272.95,91.6119,-94.1497,1894.23,-338.502,-295.847,1327.8,93.4435,22.4166,893.537,-91.8636,-19.4783,890.727,174.71,-87.2986,547.984,-139.214,-67.2288,593.372,195.141,63.392,140.216,-246.146,51.7076,207.078
190,0,-35.8412,-171.9,1554.29,-13.1337,-27.9487,1422.34,105.711,-75.2798,1439.55,-131.979,19.3824,1405.14,94.409,-123.797,1684.94,-222.796,-129.798,1277.94,88.6841,-96.5388,1894.73,-356.665,-315.675,1344.67,93.3776,22.6175,893.523,-91.8229,-19.6653,890.754,174.723,-87.1102,547.937,-139.951,-68.1543,594.548,195.523,61.372,140.37,-251.554,37.1461,208.716
191,0,-37.1513,-173.544,1554.56,-15.0506,-30.595,1422.04,104.041,-75.9602,1439.67,-134.142,14.7702,1404.4,90.8965,-124.108,1684.93,-226,-134.243,1282.34,82.0824,-98.2195,1894.79,-358.666,-315.015,1353.15,93.3567,22.8082,893.521,-91.8119,-19.8681,890.758,173.969,-87.6157,548.145,-140.024,-67.3517,595.956,193.928,60.2293,140.552,-252.645,37.8305,214.272
192,0,-39.9608,-172.015,1554.51,-16.9104,-29.457,1421.36,102.897,-74.4012,1439.81,-136.718,15.4873,1402.91,88.7153,-121.724,1685.1,-234.549,-131.409,1284.92,77.2416,-97.3265,1894.66,-362.225,-311.455,1355.57,93.3485,22.9348,893.542,-91.8096,-19.9853,890.736,173.687,-92.6268,550.444,-140.135,-67.199,596.528,190.759,57.0908,142.278,-252.101,39.0452,218.446
193,0,-44.7717,-172.201,1554.42,-18.4721,-29.0153,1421.45,101.225,-74.3207,1440.7,-138.17,16.2901,1402.21,85.4958,-121.336,1686.81,-236.358,-128.864,1285.37,73.4129,-96.535,1895.43,-368.358,-308.745,1361.19,93.345,22.9339,893.546,-91.8144,-19.9791,890.731,172.353,-96.1733,552.22,-142.732,-67.1384,597.16,183.414,55.8857,144.293,-253.439,42.7313,222.041
194,0,-47.0714,-171.141,1554.07,-19.8829,-26.8974,1421.75,99.4727,-73.2855,1441.3,-139.238,19.4908,1402.2,80.5769,-118.528,1689.26,-237.762,-124.874,1285.99,71.1225,-89.4049,1897.95,-374.354,-305.571,1365.78,93.3125,22.8695,893.575,-91.7955,-19.8689,890.695,171.118,-99.6625,553.94,-144.332,-67.0367,597.693,181.546,51.779,147.567,-256.747,42.9663,223.852
195,0,-49.3998,-166.154,1553.99,-21.6338,-20.7517,1422.68,97.1221,-67.1949,1443.05,-140.39,25.6914,1402.32,78.0031,-106.963,1693.66,-236.343,-118.883,1283.91,71.6044,-69.7614,1901.98,-375.375,-300.193,1361.16,93.25,22.8317,893.604,-91.7502,-19.7778,890.659,169.377,-100.807,555.959,-145.287,-66.953,598.357,175.969,51.0141,149.764,-258.421,47.6935,226.151
196,0,-53.9844,-175.841,1553.96,-22.7638,-30.7404,1422.77,96.6295,-80.8501,1443.29,-142.157,19.3693,1402.26,76.5046,-128.842,1693.29,-239.122,-120.839,1285.16,65.6273,-103.554,1901.88,-378.373,-299.982,1365.94,93.247,22.3877,893.603,-91.7594,-19.3728,890.659,168.454,-100.968,555.977,-146.994,-62.5594,598.659,169.886,51.309,150.994,-259.479,61.555,229.239
197,0,-54.7239,-174.824,1553.82,-24.9081,-27.5387,1423.39,95.038,-77.8171,1444.44,-144.854,22.7397,1402.33,74.1372,-121.337,1693.85,-239.711,-112.57,1283.69,65.9079,-90.3439,1901.94,-377.899,-285.492,1363.83,93.2335,22.0738,893.709,-91.752,-18.9594,890.512,167.304,-102.834,559.854,-147.727,-57.3219,598.622,164.834,51.6203,153.62,-264.221,75.3934,231.085
198,0,-55.3657,-176.471,1554.47,-25.4594,-31.9378,1424.44,93.9973,-81.7857,1446.25,-144.916,17.9102,1402.62,73.4088,-129.818,1693.96,-240.155,-119.053,1284.02,62.6807,-110.669,1901.8,-378.881,-293.519,1365.52,93.111,22.0466,893.711,-91.6602,-18.936,890.514,165.924,-95.931,559.607,-147.739,-50.8782,598.65,161.656,56.6141,154.312,-266.692,74.6262,230.489
199,0,-56.9684,-181.123,1554.45,-26.241,-35.0588,1424.58,93.0107,-85.4318,1446.53,-145.493,15.3143,1402.64,71.3135,-132.922,1694.12,-240.535,-118.742,1284.77,58.5453,-114.914,1902.04,-380.034,-287.335,1367.95,93.0389,21.9459,893.717,-91.6049,-18.8517,890.511,164.064,-95.5764,559.599,-148.531,-47.1156,598.672,156.67,57.5582,154.707,-270.844,74.3283,229.648
200,0,-58.1696,-182.908,1554.44,-27.0509,-36.681,1425.25,92.072,-86.4446,1447.82,-146.174,13.0826,1402.69,68.2434,-133.287,1696.08,-241.108,-118.949,1285.47,54.1453,-114.648,1903.76,-380.985,-287.098,1370.98,92.9722,21.9449,893.725,-91.5596,-18.8509,890.509,161.941,-91.7157,559.42,-148.897,-41.6521,598.686,151.791,62.7108,154.508,-273.555,73.6037,228.903
201,0,-62.6736,-183.688,1553.68,-28.2958,-37.7347,1425.39,90.6577,-87.9341,1448.05,-147.249,12.4647,1402.72,65.3722,-138.012,1695.88,-241.356,-119.263,1286.43,48.5756,-122.073,1903.55,-382.095,-287.349,1375.18,92.9835,21.8468,893.734,-91.5916,-18.7583,890.504,162.11,-91.9355,559.531,-152.47,-42.7742,598.556,153.701,62.814,156.508,-277.171,72.5348,228.686
202,0,-63.3792,-184.98,1553.4,-29.3281,-39.5226,1425.83,89.3305,-90.75,1448.92,-147.987,11.7047,1402.75,63.6142,-139.911,1697.17,-241.306,-120.898,1286.22,48.0175,-122.152,1904.1,-376.687,-293.441,1366.93,92.9751,21.6379,893.751,-91.5886,-18.5302,890.49,162.211,-91.7969,559.548,-153.777,-41.7392,598.719,155.481,65.6736,159.89,-278.556,71.2406,228.131
203,0,-65.8925,-194.376,1552.22,-30.6961,-47.0498,1425.53,89.1843,-100.931,1448.87,-150.576,6.83106,1402.19,62.3697,-150.848,1697.03,-247.862,-122.794,1286.57,43.9255,-130.611,1904.09,-380.239,-294.947,1374.92,93.0837,21.2483,893.769,-91.7457,-18.1681,890.472,161.921,-98.3903,560.201,-156.357,-41.2753,599.061,153.554,64.8574,161.997,-279.66,72.4695,229.133
204,0,-69.9898,-198.518,1551.42,-33.0088,-50.236,1425.07,87.6167,-103.93,1448.82,-153.634,3.45769,1401.32,58.8595,-153.696,1696.93,-253.989,-124.661,1285.27,38.4378,-134.145,1903.72,-385.033,-297.279,1378.4,93.0965,21.1803,893.775,-91.7795,-18.1108,890.467,161.744,-97.9346,559.978,-156.827,-41.032,599.141,153.056,72.8463,161.973,-282.684,80.0596,232.046
205,0,-71.5607,-199.089,1552.61,-34.0604,-51.6382,1425.48,86.7829,-103.739,1449.62,-154.904,0.462489,1401.34,58.418,-152.79,1696.88,-255.388,-125.647,1285.59,36.6026,-134.253,1903.61,-385.265,-297.129,1383.74,93.0915,21.278,893.805,-91.7817,-18.2205,890.447,159.526,-94.9951,559.912,-156.676,-39.079,599.435,152.811,82.5379,161.675,-285.117,80.8341,232.767
206,0,-70.9599,-200.803,1552.81,-33.602,-53.7852,1426.25,87.1543,-104.617,1451.2,-154.358,-2.953,1401.29,59.4423,-153.292,1697.8,-255.303,-126.485,1285.8,37.7312,-136.546,1904.51,-385.658,-296.993,1384,93.1214,21.5705,893.809,-91.8337,-18.5484,890.445,160.719,-92.958,559.921,-156.873,-39.9862,599.771,153.966,91.9703,163.462,-285.699,79.493,232.289
207,0,-74.9957,-201.102,1551.71,-33.9582,-53.3945,1426.18,86.527,-104.346,1451.13,-154.443,-2.44276,1401.22,58.2922,-154.026,1697.45,-256.487,-118.884,1287.62,31.2699,-139.759,1902.68,-386.778,-277.567,1393.83,93.114,21.417,893.817,-91.8305,-18.3935,890.44,159.651,-94.4978,560.321,-157.186,-40.2953,599.683,148.293,88.6188,165.049,-284.809,76.4628,232.014
208,0,-74.1095,-203.056,1551.45,-34.2763,-54.2587,1426.14,86.1575,-103.869,1451.08,-154.71,-4.64827,1401.2,57.1294,-153.709,1697.44,-256.915,-126.461,1287.8,30.9007,-139.178,1902.66,-387.031,-290.691,1393.72,93.1305,21.9033,893.849,-91.8632,-18.859,890.413,160.31,-91.7413,560.101,-157.092,-43.6482,599.587,149.538,92.7086,164.747,-285.109,75.7262,231.767
209,0,-75.7249,-205.86,1550.48,-34.8703,-56.0441,1426.14,85.5782,-106.062,1451.06,-155.319,-6.02598,1401.22,55.1734,-158.232,1697.35,-262.394,-126.965,1294.92,26.5053,-146.393,1902.62,-388.349,-290.49,1406.36,93.1383,21.9223,893.958,-91.8836,-18.8868,890.321,160.388,-90.7747,560.14,-157.157,-43.8352,599.464,150.61,93.5009,166.771,-284.931,76.4135,231.535
210,0,-76.8493,-203.894,1550.48,-35.6883,-55.2655,1426.73,84.256,-104.663,1451.99,-155.633,-5.8677,1401.47,53.5024,-157.595,1697.93,-262.224,-127.033,1297.55,24.3047,-144.567,1902.66,-388.503,-290.695,1405.28,93.1302,22.0491,893.992,-91.8828,-19,890.294,160.576,-90.4326,560.188,-157.394,-44.6525,599.426,151.294,92.6748,167.275,-288.479,75.8998,231.469
211,0,-77.8412,-199.729,1550.42,-36.443,-52.9606,1426.71,83.3235,-100.71,1451.97,-156.209,-5.21091,1401.45,53.5788,-153.907,1697.86,-263.484,-128.225,1295.22,24.6509,-141.285,1902.63,-385.842,-297.038,1387.6,93.1328,22.2809,893.993,-91.9003,-19.183,890.292,162.683,-98.939,561.925,-158.684,-48.7914,599.656,152.002,86.5813,167.757,-294.873,75.4724,233.688
212,0,-77.2233,-194.881,1549.52,-37.8276,-46.2076,1425.71,81.2552,-90.0271,1451.67,-156.91,-2.3881,1399.76,52.3094,-131.551,1697.68,-264.311,-128.125,1270.36,26.1665,-100.577,1902.2,-361.865,-298.172,1317.16,92.9967,22.969,894.026,-91.8132,-19.6832,890.243,163.783,-98.6306,562.197,-158.778,-54.4481,599.487,152.577,87.3298,167.598,-301.244,75.213,233.538
213,0,-79.0429,-194.784,1548.02,-39.367,-45.8578,1423.5,80.2228,-90.1353,1449.96,-158.957,-1.58041,1397.04,49.0795,-131.948,1695.72,-269.271,-127.958,1272.32,20.1735,-102.614,1901.22,-367.401,-298.272,1340.45,93.0127,22.9049,894.031,-91.8531,-19.6131,890.239,163.782,-106.36,562.17,-163.078,-56.4407,599.498,149.795,79.5705,166.91,-309.62,74.8981,234.529
214,0,-78.4927,-194.875,1547.13,-40.1546,-45.7312,1421.53,79.2783,-90.0176,1448.38,-159.588,-1.4448,1394.68,46.0151,-131.6,1693.18,-271.312,-127.959,1273.73,15.0401,-102.983,1898.85,-367.796,-298.198,1360.21,92.9653,23.0316,894.083,-91.8302,-19.7447,890.196,164.098,-104.755,561.944,-163.162,-58.1811,599.228,150.394,81.5351,164.87,-317.241,74.9862,234.31
215,0,-78.6403,-190.506,1544.91,-40.0321,-39.6524,1419.49,79.6696,-85.9175,1447.57,-159.734,6.61282,1391.41,45.8639,-124.482,1692.95,-271.153,-116.699,1270.45,14.3318,-86.9525,1898.64,-369.789,-285.715,1363.01,93.1962,23.0277,894.147,-92.119,-19.7267,890.108,164.57,-120.073,565.406,-163.166,-59.3315,599.415,149.987,74.7415,164.783,-326.054,81.5453,238.599
216,0,-78.4736,-189.106,1541.33,-42.0488,-36.7439,1417.28,78.5637,-82.1963,1445.83,-162.661,8.70854,1388.74,38.1505,-117.443,1691.99,-273.345,-115.137,1267.2,6.29926,-78.6256,1898.37,-370.256,-284.062,1366.61,93.2475,23.1717,894.211,-92.1939,-19.8109,890.03,164.502,-117.659,565.441,-163.326,-59.9221,599.418,148.664,75.5508,164.854,-330.994,86.1858,241.07
217,0,-83.3851,-198.465,1540.48,-42.5827,-43.6885,1417.4,78.4243,-89.2326,1445.85,-163.59,1.85559,1388.95,37.6875,-124.414,1691.87,-273.826,-117.854,1271.09,6.66447,-88.1561,1898.35,-371.711,-284.446,1389.26,93.3718,23.3346,894.345,-92.3695,-19.9918,889.898,164.812,-109.09,565.349,-163.23,-59.8178,599.4,149.702,107.429,165.59,-332.465,101.452,241.052
218,0,-88.679,-194.872,1538.79,-43.7654,-39.5872,1416.82,78.4977,-86.506,1445.42,-166.029,7.33157,1388.22,37.3978,-121.907,1690.54,-278.33,-109.782,1271.39,3.51557,-85.732,1896.66,-372.799,-273.858,1393.42,93.6848,23.3572,894.479,-92.7437,-19.9972,889.726,163.835,-119.992,566.725,-163.205,-59.7335,599.36,146.991,104.349,165.719,-334.079,110.446,245.002
219,0,-89.8194,-200.458,1538.61,-44.5898,-43.7608,1416.61,78.115,-90.998,1445.4,-167.295,3.4764,1387.82,34.9525,-125.956,1689.24,-280.929,-111.669,1271.98,1.19297,-87.3456,1894.94,-373.734,-274.953,1397.76,93.761,23.4236,894.617,-92.856,-20.0536,889.591,163.857,-113.592,566.291,-163.129,-59.4872,599.314,147.421,119.424,165.713,-339.756,118.076,245.251
220,0,-93.7144,-195.239,1537.57,-43.7259,-37.9186,1416.45,79.7629,-87.2592,1445.19,-167.215,11.422,1387.7,35.8601,-122.02,1689.06,-278.921,-100.679,1270.59,1.82992,-82.1537,1894.94,-371.633,-263.31,1397.6,94.1802,23.4279,894.637,-93.3304,-20.0536,889.555,163.919,-114.322,566.276,-162.838,-60.5728,599.087,146.947,116.623,166.01,-338.606,120.473,245.262
221,0,-92.6935,-191.122,1537.21,-44.9646,-34.9471,1415.74,77.9553,-81.9285,1444.23,-167.885,12.0342,1387.26,31.1856,-114.418,1689.04,-277.875,-101.785,1271.12,-1.80142,-76.5364,1894.96,-371.057,-262.292,1401.87,94.1754,23.6688,894.697,-93.3286,-20.2226,889.472,162.438,-113.392,566.766,-162.923,-60.5134,599.12,142.456,112.987,166.843,-338.933,120.504,248.883
222,0,-93.6373,-191.186,1537.87,-48.2696,-35.9612,1416.06,74.0213,-80.6578,1444.94,-170.56,8.73546,1387.18,25.4912,-110.883,1689.05,-279.34,-103.692,1271.54,-8.25326,-75.5529,1894.9,-372.022,-264.262,1403.82,94.1134,25.4611,894.93,-93.2801,-21.8929,889.223,162.183,-105.927,566.94,-162.875,-62.0777,598.903,142.943,131.228,172.278,-345.317,118.79,250.581
223,0,-92.9056,-188.717,1536.18,-49.2399,-34.048,1413.96,73.0335,-76.793,1444.97,-171.513,8.69698,1382.95,22.4547,-108.7,1688.95,-287.396,-104.014,1270.23,-12.424,-72.271,1894.91,-375.315,-265.006,1403.17,94.0841,26.332,895.045,-93.2638,-22.7879,889.131,162.23,-102.581,566.883,-161.565,-63.3052,598.912,140.176,130.059,172.212,-342.624,117.016,250.461
224,0,-92.4489,-187.945,1536.41,-48.8768,-33.782,1415.01,73.1608,-75.6818,1446.98,-170.914,8.11784,1383.03,23.3603,-109.486,1687.93,-286.678,-104.425,1276.7,-16.0617,-74.8601,1890.67,-375.629,-266.346,1405.63,93.7589,27.4778,895.03,-92.9712,-24.0491,889.174,162.38,-86.0536,564.499,-159.583,-65.7503,598.89,140.347,139.199,172.058,-341.484,105.186,249.806
225,0,-93.1706,-178.839,1532.36,-49.3012,-26.2009,1413.4,72.4807,-68.0407,1446.46,-171.083,15.6388,1380.34,19.4508,-101.325,1687.74,-286.894,-97.3934,1273.04,-19.5879,-64.7103,1890.74,-375.821,-256.57,1404.15,93.7921,27.6028,895.039,-93.0092,-24.1253,889.164,161.001,-86.3188,564.481,-159.854,-65.7192,598.996,134.455,135.111,171.903,-344.116,104.729,250.012
226,0,-92.9036,-182.694,1532.32,-53.2164,-32.5423,1414.17,66.3105,-69.0337,1447.64,-172.743,3.94916,1380.7,12.9181,-103.24,1687.79,-296.852,-116.461,1281.29,-28.2922,-65.8702,1890.46,-380.159,-275.628,1411.32,93.1948,29.809,895.058,-92.4551,-26.3452,889.155,160.9,-70.734,562.981,-160.172,-68.0865,598.989,134.978,147.05,171.939,-347.308,88.8697,249.75
227,0,-92.568,-182.686,1534.17,-53.6622,-33.0871,1414.77,65.6376,-68.8592,1448.56,-172.962,2.68493,1380.98,13.8254,-104.126,1687.27,-295.665,-121.987,1282.23,-27.7835,-68.097,1888.81,-380.341,-284.086,1410.64,93.1117,30.7049,895.16,-92.391,-27.2413,889.067,161.2,-72.524,563.76,-160.413,-73.4025,598.629,135.61,142.746,175.834,-345.924,81.3022,249.507
228,0,-92.2967,-180.673,1532.56,-53.4466,-31.5998,1415.15,66.0486,-67.3898,1449.08,-172.942,4.19017,1381.22,15.0075,-105.157,1688.4,-293.323,-122.021,1286.34,-27.0491,-69.5131,1889.56,-379.551,-285.169,1412.25,93.1691,30.7421,895.251,-92.4619,-27.2774,888.98,161.355,-87.4371,566.125,-160.906,-74.8814,598.754,136.234,138.06,178.29,-345.171,79.0951,249.315
229,0,-88.1834,-178.784,1533.59,-54.3492,-30.1579,1415.84,64.1858,-58.9318,1450.56,-172.884,-1.38405,1381.12,13.3142,-93.9604,1688.47,-292.647,-136.396,1286.01,-27.4559,-67.8744,1889.67,-379.491,-300.668,1411.66,92.6304,34.8485,895.262,-91.9458,-31.2509,888.97,161.339,-87.8284,567.574,-160.999,-77.5531,598.89,136.42,136.575,179.835,-344.247,74.2671,251.487
230,0,-84.6244,-176.593,1535.03,-55.2667,-31.1231,1416.8,61.1772,-56.646,1452.32,-171.711,-5.60015,1381.28,10.4963,-93.0553,1689.67,-280.451,-151.451,1281.68,-27.3971,-69.2638,1890.43,-375.004,-319.604,1375.98,91.8836,36.924,895.243,-91.2269,-33.2793,889.019,161.469,-87.392,568.035,-161.162,-81.5975,600.934,137.605,134.962,181.98,-344.364,51.9897,251.775
231,0,-84.6199,-173.883,1534.88,-54.2765,-29.8002,1418.6,61.9725,-57.1893,1455.77,-170.526,-2.41113,1381.42,11.1507,-94.7761,1691.42,-271.283,-146.43,1278.91,-26.0004,-70.5158,1890.54,-371.662,-318.659,1378.36,92.0455,36.7352,895.252,-91.3977,-33.0956,889.006,164.166,-103.592,569.929,-163.539,-80.8068,601.095,134.111,134.316,185.2,-344.107,59.1154,254.011
232,0,-86.4986,-173.133,1528.09,-54.1006,-25.8031,1418.29,62.136,-57.409,1455.23,-170.337,5.80294,1381.35,11.4253,-96.0044,1691.53,-271.427,-133.418,1279.65,-26.6153,-71.0483,1891.02,-371.871,-304.997,1381.45,92.1144,36.37,895.21,-91.4672,-32.6751,889.034,163.735,-110.847,569.675,-166.536,-80.3893,601.115,129.097,131.336,184.757,-349.511,60.0906,255.093
233,0,-80.7576,-168.44,1529.17,-51.5066,-23.8071,1418.83,62.8092,-53.1393,1456.23,-165.823,5.52505,1381.43,13.0026,-91.9464,1692.63,-262.249,-136.032,1277.78,-25.7944,-67.7363,1891.23,-366.239,-308.424,1378.06,91.9758,36.958,895.199,-91.342,-33.246,889.045,164.167,-110.882,570.514,-166.265,-80.8344,602.115,129.816,131.024,186.467,-349.109,62.8017,255.946
234,0,-80.5255,-168.455,1529.49,-50.8677,-22.5473,1419.01,62.8632,-50.3078,1456.5,-164.599,5.21322,1381.51,13.161,-85.1983,1692.58,-263.032,-135.252,1277.96,-29.1235,-64.092,1890.35,-364.971,-303.13,1384.69,91.2789,37.8773,895.168,-90.641,-34.1419,889.094,158.332,-96.1521,569.66,-166.717,-80.4562,601.733,123.854,136.935,186.322,-354.223,64.2941,255.894
235,0,-80.7252,-168.579,1528.07,-49.5338,-21.4415,1418.8,64.6217,-50.7266,1456.26,-163.689,7.84368,1381.33,13.8628,-87.9051,1691.98,-262.947,-128.286,1278.42,-28.4945,-66.9242,1889.67,-362.976,-294.741,1393.49,91.3669,37.1452,895.111,-90.7421,-33.3922,889.148,158.368,-107.279,569.357,-167.957,-80.104,601.925,120.213,128.84,185.968,-354.241,65.6796,256.874
236,0,-81.6042,-168.975,1527.44,-47.7387,-19.2059,1418.77,66.834,-52.0668,1456.17,-162.311,13.6551,1381.38,16.1099,-94.1989,1692.65,-256.525,-118.044,1261.13,-27.9355,-68.3957,1889.94,-362.57,-285.919,1341.77,91.5613,35.4043,894.939,-90.9239,-31.5791,889.291,157.017,-112.985,568.729,-170.653,-79.9099,604.132,112.865,123.571,185.755,-362.507,67.1497,258.386
237,0,-80.6279,-179.451,1523.19,-47.1307,-30.7894,1418.13,67.5069,-62.814,1455.61,-161.768,1.23518,1380.66,18.4548,-103.683,1692.63,-256.576,-133.119,1259.78,-27.7969,-79.3533,1889.99,-362.237,-305.684,1348.02,91.4907,35.3418,894.802,-90.856,-31.5207,889.464,151.501,-103.111,565.394,-171.45,-79.0193,604.571,104.077,125.263,182.789,-364.662,67.6853,258.365
238,0,-80.6593,-179.565,1523.64,-45.2873,-29.6606,1418.11,70.6223,-64.6747,1455.54,-161.197,5.35359,1380.69,20.6743,-109.751,1693.13,-257.239,-124.905,1258.29,-24.9672,-82.1666,1890.1,-362.609,-295.568,1343.04,91.7491,33.9931,894.721,-91.0962,-30.1626,889.531,151.589,-104.598,565.082,-174.185,-78.9159,605.29,102.281,127.111,182.96,-368.749,75.0228,261.056
239,0,-80.0501,-178.825,1523.45,-42.7162,-26.7882,1417.84,74.6596,-64.4386,1454.99,-160.092,10.8621,1380.69,27.1226,-109.665,1689.73,-257.582,-117.098,1264.05,-18.0744,-82.5713,1882.83,-355.162,-287.865,1369.54,91.866,33.3725,894.646,-91.2087,-29.5544,889.595,151.282,-104.866,560.876,-175.996,-79.107,603.298,101.426,131.025,182.541,-372.96,75.8084,260.854
240,0,-77.6035,-180.38,1523.77,-41.445,-28.8027,1417.99,75.5232,-66.2807,1455.27,-158.413,8.67541,1380.71,35.2791,-109.58,1690.95,-258.046,-121.474,1227.11,-2.9665,-78.0619,1883.18,-359.079,-298.791,1244.62,91.6623,33.3455,894.331,-91.0066,-29.5313,889.918,149.466,-79.1006,557.016,-178.261,-77.1959,603.54,95.3879,142.476,179.224,-384.855,70.0511,259.108
241,0,-74.3,-175.034,1526.94,-40.9456,-23.6757,1417.49,76.2903,-58.4886,1455.22,-158.181,11.1372,1379.77,40.0155,-95.2113,1690.54,-259.5,-119.211,1228.85,3.75835,-58.3688,1882.54,-359.49,-296.072,1282.99,91.5536,33.3224,894.308,-90.8851,-29.5108,889.95,143.341,-74.1222,551.333,-177.958,-76.4388,601.411,83.9226,141.751,165.366,-383.513,70.1463,247.193
242,0,-72.6699,-164.511,1526.91,-40.3328,-11.9678,1417.01,77.0298,-49.9542,1455.13,-157.696,26.0186,1378.9,51.9084,-82.8123,1690.47,-255.759,-93.7948,1202.88,17.3044,-43.4268,1882.49,-362.557,-258.3,1202.13,91.2776,32.8248,893.962,-90.55,-28.9888,890.294,133.581,-76.1294,549.587,-177.777,-74.1023,601.412,67.9083,113.969,154.665,-380.75,58.9425,240.141
243,0,-71.5765,-179.737,1526.29,-40.0319,-16.2539,1412.77,78.631,-53.3791,1448.88,-158.695,20.8713,1376.65,54.3778,-84.7466,1685.47,-266.678,-104.574,1206.86,23.9499,-45.1566,1879.91,-358.564,-271.714,1302,91.2617,32.4592,893.984,-90.5385,-28.637,890.292,128.979,-75.027,543.952,-177.701,-71.645,600.669,71.6085,111.194,140.962,-379.927,61.3632,236.314
244,0,-74.117,-165.547,1525.57,-37.9482,-3.44068,1412.83,82.1691,-49.1185,1448.94,-158.066,42.2371,1376.72,62.1765,-81.8415,1686.43,-262.834,-72.4749,1204.67,36.7421,-38.6148,1880.03,-362.724,-234.385,1243.32,91.2751,29.8416,893.817,-90.5438,-26.0277,890.459,118.71,-75.9138,541.437,-177.525,-67.8548,600.457,56.3342,103.386,135.514,-378.277,63.3011,234.293
245,0,-74.9943,-164.325,1525.79,-37.0755,-3.10672,1412.84,83.7855,-49.8878,1448.92,-157.937,43.6744,1376.76,69.9993,-82.583,1686.77,-261.356,-71.9122,1201.09,45.8649,-38.3326,1879.71,-364.319,-235.671,1224.76,91.2405,27.7942,893.491,-90.4936,-23.9198,890.736,113.813,-76.6926,540.568,-177.362,-63.4782,600.706,55.2107,103.81,136.486,-379.139,73.6256,234.665
246,0,-75.0586,-169.633,1523.7,-36.919,-4.61501,1411.73,84.5412,-51.3473,1447.34,-158.379,42.1173,1376.12,71.4708,-83.6885,1683.82,-263.527,-80.1094,1207.24,48.3497,-39.5014,1878.84,-362.703,-257.018,1258.98,91.2399,27.5242,893.467,-90.4928,-23.6572,890.768,113.857,-76.0284,536.187,-177.429,-63.5214,600.438,55.0883,104.834,133.178,-378.811,77.2288,234.411
247,0,-72.4377,-169.955,1523.47,-35.6766,-3.91667,1410.94,86.6142,-47.7552,1445.65,-157.967,39.9219,1376.23,77.0805,-71.3183,1678.38,-263.784,-84.7005,1215.33,55.7054,-22.0305,1873.49,-354.782,-267.223,1309.94,91.0131,27.6333,893.468,-90.3005,-23.7534,890.775,111.609,-69.8572,533.53,-176.671,-63.5765,596.774,59.614,101.322,124.745,-378.033,70.682,223.783
248,0,-72.5756,-206.223,1503.15,-33.1188,-25.4867,1406.05,91.6489,-69.0628,1438.64,-157.887,18.0893,1373.45,90.2194,-88.4842,1671.44,-264.622,-119.814,1215.22,77.2356,-29.7744,1872.72,-354.062,-313.293,1309.68,91.0989,27.4062,893.46,-90.3894,-23.5534,890.825,108.109,-58.0188,520.307,-176.586,-63.6937,596.112,53.9292,102.406,112.875,-375.627,67.8034,213.511
249,0,-74.2598,-242.873,1499.17,-31.8497,-47.9094,1406.16,95.0612,-91.5367,1437.53,-158.761,-4.28201,1374.79,98.2686,-106.036,1663.95,-277.947,-139.653,1220.96,88.4277,-42.328,1867.04,-351.354,-327.21,1333.38,91.1541,27.0348,893.466,-90.4512,-23.2486,890.833,102.856,-45.5688,516.731,-176.503,-62.3826,595.866,55.209,107.965,115.207,-375.118,69.5739,213.536
250,0,-73.1991,-231.371,1497.21,-30.5888,-46.5761,1406.37,96.7726,-90.4977,1437.2,-157.95,-2.65454,1375.53,101.664,-107.569,1663.67,-276.976,-136.741,1214.26,96.7109,-43.2804,1866.26,-351.841,-321.052,1266.84,90.9397,25.6245,893.332,-90.2313,-21.8695,890.992,103.095,-44.5588,518.589,-176.094,-60.8241,596.02,55.5359,108.298,118.908,-375.242,67.247,214.075
251,0,-66.7649,-203.949,1498.53,-26.4567,-22.1452,1406.4,99.3707,-71.5304,1436.98,-152.284,27.2399,1375.81,110.46,-91.6562,1664.73,-254.625,-83.1684,1191.82,104.249,-38.8649,1866.57,-352.364,-242.305,1182.05,90.672,24.8506,892.927,-89.8454,-21.0081,891.326,97.6779,-46.0832,520.583,-176.046,-64.5047,596.026,44.8049,88.4747,116.396,-381.618,49.8521,215.828
252,0,-66.1555,-182.001,1499.17,-21.0674,-5.27808,1407.03,102.477,-58.0742,1437.12,-144.611,47.518,1376.94,123.721,-88.0631,1665.6,-245.559,-34.3839,1188.32,115.692,-47.4458,1866.48,-375.238,-159.125,1164.36,89.9209,23.4171,892.198,-88.822,-19.5867,891.998,83.6619,-48.5919,519.055,-176.345,-66.4006,596.056,27.8734,79.5093,114.991,-388.636,37.0038,216.876
253,0,-65.2285,-177.432,1498.14,-18.1801,0.255211,1406.61,106.445,-53.1809,1436.18,-142.805,53.6913,1377.04,132.155,-82.314,1664.35,-246.899,-24.7051,1172.5,124.923,-46.0543,1865.33,-380.833,-153.956,1145.58,89.7953,22.898,891.618,-88.604,-19.0594,892.498,81.1539,-51.4049,520.462,-177.422,-66.9544,596.153,19.6667,74.2338,113.901,-390.146,32.3059,217.885
254,0,-65.275,-156.626,1497.93,-14.5122,10.4335,1407.74,109.721,-43.2401,1436.67,-138.746,64.1071,1378.81,153.209,-80.2484,1664.34,-240.764,7.02509,1174.65,142.222,-53.0149,1862.99,-390.939,-90.4512,1138.37,89.5229,22.4055,890.959,-88.1708,-18.668,893.171,77.8436,-53.2762,517.389,-178.201,-67.1451,596.277,19.5206,69.8448,106.512,-395.142,21.0013,218.113
255,0,-64.9872,-159.401,1494.67,-11.9064,8.70142,1406.01,114.708,-40.9895,1433.08,-138.521,58.3924,1378.95,163.923,-70.1839,1660,-244.607,-12.8521,1193.25,157.842,-34.2845,1862.65,-348.52,-177.759,1277.75,89.5131,22.8415,890.869,-88.168,-19.0576,893.31,80.751,-45.3536,514.03,-177.851,-67.8758,596.311,25.3032,70.7841,105.3,-393.407,26.7957,213.827
256,0,-39.4486,-157.788,1495.2,-9.88484,15.4928,1403.58,119.42,-23.687,1428.55,-139.19,54.6725,1378.62,177.659,-34.1914,1656.13,-262.639,-45.6804,1199.26,185.772,14.2119,1860.91,-330.048,-235.594,1314.72,89.443,24.2468,890.833,-88.1178,-20.3676,893.352,79.2012,-44.3591,511.202,-177.162,-68.9861,594.692,29.3721,81.6172,99.0093,-393.081,33.0757,211.462
257,0,-28.5943,-158.251,1493.6,-3.98535,12.4551,1400.41,128.445,-26.3911,1422.72,-136.416,51.3012,1378.1,197.323,-39.112,1646.75,-264.18,-79.7208,1201.09,204.93,6.11023,1853.1,-323.345,-280.241,1313.9,89.3732,25.4165,890.697,-88.0606,-21.5171,893.551,80.7734,-38.9922,506.964,-174.623,-73.3614,594.653,32.3498,86.0693,93.654,-390.389,31.4334,208.725
258,0,-27.1468,-159.038,1494.52,-2.5868,11.9526,1398.7,131.235,-25.3891,1419.36,-136.409,49.2943,1378.05,204.332,-38.8645,1644.14,-265.667,-93.7541,1203.62,220.062,8.02495,1850.66,-316.128,-297.745,1321.17,89.3614,25.9181,890.603,-88.0523,-21.9746,893.647,80.3579,-39.6054,506.958,-173.896,-74.2201,594.065,34.3668,90.6536,95.2954,-386.346,33.8952,208.788
259,0,-17.9368,-154.324,1495.9,1.9968,17.3577,1396.75,138.867,-15.8644,1415.45,-134.873,50.5799,1378.05,221.592,-27.1204,1640.58,-266.993,-93.8914,1206.25,240.227,22.1138,1846.69,-306.792,-292.117,1319.95,89.3561,26.4584,890.477,-88.0487,-22.4776,893.748,80.9703,-40.1499,506.772,-171.586,-74.5195,593.431,34.6832,93.8008,96.2125,-379.556,39.2142,208.583
260,0,-15.7051,-144.407,1497.87,6.66893,24.21,1397.31,144.698,-7.05715,1415.76,-131.36,55.4772,1378.86,234.642,-23.1767,1635.45,-267.106,-90.7421,1209.68,249.992,20.8683,1838.19,-307.766,-286.717,1313.9,89.3226,27.0572,890.214,-88.0057,-23.0717,893.99,79.0293,-39.6768,507.787,-170.905,-74.6225,593.461,33.6658,94.2293,97.9275,-376.083,40.4662,208.821
261,0,-3.90792,-145.202,1498,16.2764,20.1577,1396.51,154.564,-8.21071,1414.3,-122.011,48.5262,1378.72,252.302,-23.8492,1630.32,-247.24,-105.477,1189.79,270.92,17.6137,1828.26,-311.86,-307.258,1225.43,89.3197,27.2488,889.358,-88.0024,-23.2809,894.856,79.4931,-35.8205,503.859,-170.861,-74.1845,592.769,33.7493,99.2049,93.8504,-377.026,37.4268,205.896
262,0,5.47599,-138.436,1503.79,19.916,22.3551,1396.17,158.142,-5.9882,1413.05,-118.31,50.6984,1379.3,265.072,-28.1195,1621.45,-246.371,-101.179,1192.62,289.443,12.02,1815.39,-311.225,-304.592,1235.54,89.3163,27.9718,888.855,-87.9882,-24.0931,895.365,78.6811,-31.3243,504.495,-171.847,-73.8311,592.904,34.5331,98.6359,94.5374,-377.112,31.4463,204.893
263,0,8.20325,-126.945,1513.59,22.4649,32.7768,1394.9,161.586,6.08021,1410.36,-116.656,59.4734,1379.43,278.658,-21.4996,1611.08,-246.446,-89.4255,1194.5,308.031,14.554,1803.32,-312.865,-290.897,1242.43,89.3575,28.8862,888.28,-88.0026,-25.056,895.976,78.9191,-32.3875,500.952,-176.665,-74.3044,592.588,31.5746,88.089,81.844,-379.622,19.4473,190.37
264,0,16.0544,-114.765,1515.62,22.7101,51.2449,1392.63,163.225,30.6561,1405.66,-117.805,71.8336,1379.6,295.928,6.12523,1599.61,-256.796,-67.1281,1214.68,331.733,33.5893,1788.28,-307.939,-238.86,1294.31,89.3752,30.5808,888.119,-88.0036,-26.8955,896.161,79.4297,-33.5566,497.73,-178.677,-80.755,590.713,32.2908,61.2596,70.4522,-379.63,2.24486,181.183
265,0,31.3297,-90.358,1515.47,29.4505,83.5257,1393.66,176.363,64.311,1402.78,-117.462,102.74,1384.54,326.377,27.6069,1585.78,-252.51,-32.1407,1233.41,369.512,45.2008,1766.84,-308.48,-197.562,1297.71,89.8229,30.9543,887.44,-88.3109,-27.3199,897.011,79.8911,-36.1917,494.674,-178.626,-87.1041,590.728,32.6683,17.9166,56.9065,-386.287,-33.2557,181.709
266,0,34.1835,-99.605,1515.63,32.4422,73.1648,1393.64,181.4,50.2971,1398.1,-116.516,96.0325,1389.18,357.253,12.2293,1566.14,-252.699,-41.0594,1244.32,392.157,41.1693,1743.55,-293.404,-208.844,1315.26,90.1633,31.6475,886.62,-88.527,-28.2405,897.975,80.226,-36.8097,485.841,-178.559,-86.6276,589.186,33.1555,22.5777,50.0864,-385.992,-37.4553,163.581
267,0,50.0911,-86.2154,1518.62,35.6464,91.3034,1394.58,188.095,75.0777,1395.98,-116.802,107.529,1393.18,377.104,33.9955,1548.03,-253.474,-30.8934,1250.16,408.205,46.5839,1720.42,-288.801,-185.643,1319.47,90.6662,32.8027,886.258,-88.9121,-29.5837,898.354,80.1001,-39.5823,484.474,-178.614,-88.1656,586.457,32.3789,13.9669,39.5913,-389.44,-31.3343,158.231
268,0,54.8093,-81.1359,1521.28,39.0165,92.2938,1397.68,192.652,74.6596,1396.36,-114.618,109.928,1399.01,381.618,27.7576,1545.13,-246.916,-31.263,1252.14,409.56,40.5286,1715.6,-283.15,-192.59,1315.53,90.9808,33.2323,885.752,-89.1288,-30.0916,898.866,80.0628,-41.8269,482.929,-178.343,-88.5444,584.819,32.7613,6.74014,40.8961,-389.989,-46.8194,152.991
269,0,53.0238,-74.3725,1528.08,43.8913,95.926,1403.09,194.958,73.8818,1397.54,-107.175,117.97,1408.64,389.43,20.0583,1539.16,-233.816,34.8132,1254.25,415.853,22.7213,1705.15,-289.541,-51.0972,1291.16,91.3102,33.229,884.062,-89.3098,-30.2068,900.587,79.3383,-48.1496,483.321,-179.463,-88.1661,584.95,31.4476,-4.09184,39.8005,-392.325,-57.1232,151.099
270,0,55.3093,-74.7941,1531.32,49.2708,98.0448,1404.19,197.853,74.5471,1396.73,-99.3118,121.543,1411.66,400.311,16.3649,1523.91,-234.663,82.8338,1287.92,432.825,13.6941,1690.43,-292.867,55.92,1335.31,91.9952,33.4842,883.731,-89.8006,-30.8825,901.074,79.434,-59.185,484.194,-179.259,-88.3872,584.821,31.7363,-15.7401,34.2614,-391.102,-79.0152,147.32
271,0,60.8017,-61.6893,1530.87,54.6281,110.805,1401.8,200.022,87.2117,1393.45,-90.7654,134.399,1410.16,409.721,18.8412,1500.16,-234.063,130.45,1297,449.607,9.93698,1654.65,-293.37,151.595,1337.53,92.4916,33.7107,883.709,-90.1351,-31.5248,901.179,79.5767,-61.6866,484.945,-178.718,-88.1021,584.919,31.8234,-18.816,32.8184,-388.312,-98.2232,146.445
272,0,61.485,7.28276,1529.29,64.3921,154.35,1394.11,197.167,111.859,1384.52,-68.3831,196.842,1403.71,410.463,29.0242,1482.93,-220.036,253.418,1298.14,451.764,9.85155,1621.1,-306.569,330.467,1331.17,92.7205,31.5094,883.856,-90.275,-30.1581,901.17,78.7605,-66.2647,483.878,-178.208,-86.1228,585.328,31.3338,-17.0605,35.917,-391.956,-121.404,150.721
273,0,55.9174,89.6493,1511.92,72.4053,137.178,1379.24,85.8552,97.4088,1352.59,58.9554,176.947,1405.88,-58.2305,31.9535,1320.04,54.5318,197.466,1367.72,-235.636,72.2997,1350.81,-19.4893,280.795,1454.95,54.1578,30.2168,883.861,-52.3596,-29.1485,901.404,73.1065,-65.5592,481.67,-169.484,-72.9898,583.203,47.7592,-9.40425,47.4779,-391.663,-97.5473,152.813
274,0,83.8857,178.362,1477.24,76.7624,130.942,1355.27,-56.0473,110.678,1311.09,209.572,151.207,1399.45,-229.818,165.18,1287.03,414.942,136.19,1406.92,-272.932,398.822,1333.54,456.466,234.913,1557.58,-25.5924,31.7653,884.047,27.7197,-31.1508,901.543,-43.7026,28.1531,485.366,-79.0593,-73.2058,565.96,-62.2166,90.3128,55.5714,-335.018,-34.6662,148.873
275,0,85.2533,243.031,1454.72,69.042,153.538,1344.07,-90.7056,156.961,1300.26,228.79,150.115,1387.87,-258.931,230.908,1293.89,438.752,173.276,1412.24,-276.597,484.388,1351.21,484.718,334.564,1560.11,-60.1029,34.1783,886.384,62.508,-34.235,900.657,-184.477,37.8016,499.51,67.2693,-76.8473,533.123,-357.591,78.4718,126.308,6.36341,-21.0866,119.568
276,0,85.8531,250.498,1437.81,82.9168,155.901,1337.23,-84.5368,157.98,1300.19,250.37,153.821,1374.27,-252.034,230.548,1307.94,458.497,193.303,1395.61,-274.055,491.215,1356.07,511.667,356.163,1532.21,-68.8813,34.2984,888.064,71.1108,-34.5134,900.064,-207.586,32.7706,502.724,86.427,-79.1124,517.09,-391.011,72.2218,144.057,29.026,-11.9508,101.792
277,0,87.6826,209.866,1439.46,102.749,141.697,1341.46,-58.5899,135.954,1315.31,264.088,147.44,1367.61,-199.711,173.916,1331.51,456.828,154.327,1371.06,-252.705,376.206,1366.67,523.32,235.965,1489.8,-69.4792,31.5163,891.363,71.7255,-31.9696,897.665,-187.986,21.1933,510.56,61.8323,-79.1814,513.274,-381.471,4.38572,141.817,-6.6389,-14.8119,83.5802
278,0,94.2433,235.016,1434.68,105.523,146.967,1335.07,-59.7607,142.815,1315.53,270.807,151.119,1354.6,-223.45,213.159,1336.09,476.401,183.53,1358.31,-244.211,473.049,1386.14,545.55,331.554,1466.05,-68.4091,31.2177,892.878,70.9722,-31.846,896.718,-211.633,20.4294,515.156,75.9491,-79.8397,506.883,-402.505,-1.89089,147.871,3.33131,-6.68757,84.9164
279,0,111.148,241.216,1427.54,114.99,149.87,1328.6,-49.3859,142.396,1320.17,279.367,157.344,1337.03,-197.618,209.431,1346.56,474.013,183.99,1310.69,-227.854,450.991,1402.14,542.714,308.432,1441.81,-72.3639,30.0122,894.745,75.0765,-30.8051,895.235,-213.884,18.8762,515.934,100.286,-83.6176,502.273,-386.17,2.42081,151.888,27.0013,-23.0695,88.4916
280,0,124.173,257.144,1418.6,121.491,163.333,1324.01,-45.4722,156.516,1324.11,288.454,170.15,1323.91,-193.731,232.628,1363.23,481.043,216.638,1277.93,-225.199,497.815,1423.54,551.576,382.655,1409.91,-73.3405,30.0441,895.971,76.3505,-30.8958,894.334,-232.236,27.6805,518.352,127.782,-99.3422,509.094,-378.463,8.07781,153.639,49.5559,-68.8278,85.4932
281,0,137.381,257.891,1418.82,136.948,161.368,1318.38,-35.0977,148.183,1325.85,308.994,174.553,1310.91,-195.542,218.765,1373.64,483.397,224.728,1227.63,-210.802,476.308,1449.31,554.944,380.192,1346.73,-77.0422,29.937,898.24,79.9378,-30.8628,892.141,-241.152,34.5531,517.929,135.038,-99.5907,512.968,-367.047,33.6947,166.058,75.5028,-76.2999,90.9097
282,0,148.917,257.137,1421.1,142.213,163.847,1320.21,-26.5535,144.655,1336.55,310.98,183.038,1303.88,-178.267,217.959,1394.05,481.465,238.927,1213.89,-195.03,483.886,1465.5,554.429,396.36,1323.17,-75.9653,29.0441,900.573,79.0019,-30.188,889.751,-238.766,30.1121,517.742,136.859,-100.319,517.324,-356.694,33.483,163.071,89.7948,-81.459,89.4664
283,0,157.212,246.828,1420.8,144.195,162.992,1314.19,-16.9892,139.208,1337.72,305.379,186.776,1290.66,-145.085,199.588,1396.79,465.174,214.65,1179.14,-183.795,435.02,1472.56,538.319,319.586,1273.71,-73.0622,26.3462,901.381,76.1451,-27.5839,888.875,-231.842,27.6314,519.433,138.29,-117.932,511.101,-348.841,10.6881,156.805,75.1847,-134.559,80.9585
284,0,168.13,233.304,1425.59,147.611,160.777,1313.4,-12.9011,136.925,1342.03,308.123,184.628,1284.77,-117.345,189.406,1408.75,464.701,217.407,1154.08,-160.891,417.443,1491.63,531.789,321.337,1253.93,-73.5383,21.7662,903.381,76.7691,-23.1465,886.407,-220.75,26.2434,516.785,118.152,-109.155,493.824,-332.28,28.3463,152.411,73.5584,-131.213,71.4543
285,0,183.168,252.151,1426.38,152.821,170.475,1311.44,-12.4475,145.157,1350.03,318.09,195.793,1272.85,-103.359,221.539,1444.89,462.003,246.517,1144.16,-143.022,475.804,1522.03,532.598,384.111,1241.18,-71.9846,21.9728,904.896,75.261,-23.2622,884.694,-227.558,33.8912,510.459,130.711,-108.67,494.402,-324.051,58.9473,148.401,107.234,-114.043,67.2864
286,0,201.131,228.606,1429.2,158.489,165.214,1311.22,17.3771,141.118,1350.11,299.601,189.31,1272.33,-83.6304,206.35,1443.66,426.123,244.449,1116.9,-131.779,445.986,1527.56,500.668,315.761,1211.59,-66.3733,22.0577,905.195,69.5739,-23.2615,883.802,-206.286,32.6028,510.405,106.108,-105.068,492.686,-308.124,70.1616,152.84,77.3251,-106.835,73.414
287,0,204.113,102.635,1440.09,185.909,190.993,1346,229.452,154.407,1278.79,142.367,227.58,1413.21,391.834,136.756,1175.9,-15.8122,264.352,1486.19,495.831,110.105,1183.76,-105.805,311.006,1571.93,37.692,19.7809,884.981,-32.3279,-20.3613,901.289,6.82137,-25.3532,477.49,-68.4506,-73.9946,545.43,58.1118,-21.828,38.5797,-242.035,-102.807,113.745
288,0,211.933,21.8998,1443.36,185.687,189.796,1340.11,281.878,156.165,1232.14,89.4959,223.428,1448.08,423.676,102.668,1089.38,-53.1549,263.721,1545.6,510.662,30.8702,1112.35,-135.608,310.196,1599.48,78.1138,19.5946,872.611,-72.3589,-19.9842,912.703,67.9747,-61.9533,465.018,-148.474,-74.5893,571.916,108.624,-66.1744,-0.671504,-335.434,-96.5143,127.391
289,0,218.141,42.7458,1443.58,184.332,206.412,1328.14,281.125,178.501,1208.3,87.5384,234.323,1447.97,410.147,105.494,1073.63,-36.9932,262.171,1549.21,508.071,38.4915,1097.97,-128.404,302.859,1620.65,85.2613,19.6786,865.029,-79.4629,-19.9475,920.321,81.6831,-80.0979,463.274,-162.606,-76.4678,583.39,114.78,-88.1751,-1.28811,-335.047,-102.994,133.91
290,0,229.028,31.2803,1443.38,197.241,207.635,1319.29,297.779,182.938,1192.92,96.7029,232.333,1445.67,412.893,108.6,1052.05,-9.17933,255.689,1558.21,505.778,45.6421,1085.88,-96.921,295.568,1651.44,89.2353,19.7728,860.669,-83.3458,-20.0062,924.593,86.8046,-85.9049,456.097,-166.115,-89.0841,585.27,120.158,-88.8955,-4.49747,-315.611,-109.388,131.528
291,0,243.715,51.583,1440.08,203.729,229.201,1310.67,298.009,208.767,1180.01,109.448,249.634,1441.34,410.356,123.435,1043.35,20.3996,276.804,1552.18,498.07,91.3401,1077.5,-62.8635,308.914,1668.81,90.1508,21.2969,855.034,-84.0531,-21.254,930.407,84.8292,-93.8947,452.361,-170.633,-102.918,591.415,120.831,-97.3046,3.4731,-282.797,-126.398,130.293
292,0,255.339,58.2142,1431.35,206.03,237.565,1313.86,294.638,223.424,1177.17,117.421,251.706,1450.55,408.059,144.227,1036.77,39.3189,274.189,1570.05,494.259,102.407,1072.39,-45.0482,303.338,1688.26,88.2746,23.6081,851.531,-81.8709,-23.2424,933.976,89.4728,-88.896,443.901,-172.061,-113.422,594.181,124.198,-88.7457,-4.26835,-277.802,-141.916,129.939
293,0,264.052,57.5129,1420.52,211.678,229.562,1320.31,298.596,214.479,1185.6,124.759,244.646,1455.02,403.195,144.438,1053.86,54.4723,265.912,1583.41,489.522,95.5087,1082.23,-23.0897,299.206,1724.7,84.0977,24.1596,852.222,-77.67,-23.7429,933.28,90.2694,-85.0675,446.114,-148.849,-111.842,589.008,124.267,-82.3468,-6.16091,-271.526,-135.972,129.096
294,0,281.642,59.4099,1409.54,212.46,235.145,1314.87,295.517,231.467,1171.22,129.403,238.823,1458.53,395.412,166.074,1030.19,73.9513,258.286,1592.43,482.632,107.353,1069.75,1.22884,286.447,1728.14,82.9399,29.7219,849.742,-76.4276,-29.0065,935.688,88.6958,-78.2406,441.925,-162.761,-114.552,590.85,131.751,-76.8313,-4.58962,-253.937,-129.337,123.21
295,0,298.287,64.7349,1401.7,216.277,243.135,1310.61,297.197,250.757,1165.97,135.357,235.513,1455.24,397.013,192.34,1022.82,89.0673,256.674,1592.84,480.382,124.049,1064.73,22.8786,263.758,1748.6,80.9004,35.3252,848.413,-74.3416,-34.4276,937.136,92.7269,-76.3555,439.537,-161.132,-127.219,591.889,131.45,-93.382,0.00786954,-238.607,-143.935,119.988
296,0,313.37,52.0648,1401.42,231.955,233.93,1317.79,309.375,242.861,1172.18,154.534,224.999,1463.4,409.564,193.205,1028.32,94.2797,192.051,1602.97,492.401,114.687,1070.14,41.022,155.949,1769.87,78.577,40.3519,848.531,-72.1829,-39.0589,936.826,96.2765,-72.5326,438.804,-159.746,-127.648,589.799,140.149,-91.8348,-0.00172746,-229.851,-138.582,112.118
297,0,323.674,42.2449,1401.49,239.695,224.391,1316.7,309.871,237.302,1170.22,169.52,211.481,1463.19,395.145,195.968,1021.37,116.724,152.563,1608.53,475.387,114.043,1060.99,53.0816,102.561,1788.96,76.9475,44.3988,849.223,-70.6787,-42.7479,936.016,101.492,-71.4637,438.492,-160.511,-125.175,588.458,151.133,-69.2386,-0.768719,-225.289,-136.551,101.393
298,0,329.086,48.6321,1389.8,242.543,230.892,1307.98,305.912,251.575,1159.39,179.174,210.21,1456.56,396.887,221.632,1013.66,153.62,144.057,1600.26,480.538,116.318,1057.34,104.356,94.5525,1802.59,75.3066,47.9589,849.058,-69.0373,-46.0795,936.093,107.309,-70.5962,440.397,-154.368,-124.11,588.034,158.161,-60.6283,0.630977,-221.885,-132.374,97.6025
299,0,331.049,49.6542,1384.69,248.998,230.78,1302.36,309.014,252.828,1153.53,188.982,208.731,1451.2,397.65,222.478,1006.5,181.653,134.599,1592.02,478.442,126.878,1052.23,152.992,76.7051,1799.51,74.9911,50.2511,849.118,-68.7514,-48.1316,935.931,118.199,-68.2958,442.464,-148.155,-136.899,586.778,166.97,-42.1257,3.51751,-219.28,-147.276,102.511
300,0,339.549,53.5404,1372.8,258.336,237.282,1298.55,309.661,267.577,1149.35,207.012,206.986,1447.75,396.116,238.636,1007.1,212.242,123.837,1591.6,477.534,132.337,1056.44,198.638,63.7654,1806.62,73.129,54.6806,848.917,-66.9518,-52.3222,936.042,122.913,-67.905,444.68,-142.092,-144.287,585.456,168.865,-42.6545,6.26606,-201.75,-155.777,103.832
301,0,341.323,39.3856,1374.21,271.436,228.323,1299.26,324.308,257.283,1153.18,218.563,199.363,1445.33,397.618,225.467,1013.22,232.173,115.179,1602.76,458.458,100.319,1069.67,232.828,57.703,1829.34,74.2615,55.2189,849.553,-68.0054,-52.8986,935.421,132.828,-69.0118,445.774,-139.892,-173.228,589.894,168.485,-43.2059,9.4493,-195.547,-194.847,110.851
302,0,347.211,43.1621,1368.1,276.943,220.735,1298.24,323.843,252.93,1153.01,230.043,188.54,1443.47,392.541,219.863,1015.78,249.6,98.7,1589.42,448.378,112.863,1066.38,265.543,44.0751,1812.4,73.1683,59.3358,850.003,-66.9479,-56.9398,934.927,129.392,-67.9749,447.1,-139.124,-182.241,588.504,161.816,-43.2237,10.8621,-177.67,-212.105,110.986
303,0,343.038,37.9224,1361.37,278.33,214.791,1295.57,323.905,248.414,1151.53,232.755,181.169,1439.6,387.085,205.476,1013.54,264.983,92.4817,1585.83,439.164,88.9687,1067.63,291.875,39.2776,1815.6,73.2325,59.814,850.44,-66.9564,-57.4088,934.555,130.213,-76.5335,454.736,-132.894,-204.654,592.303,155.121,-62.909,22.1969,-169.407,-229.832,119.804
304,0,338.827,41.1439,1362.62,279.334,214.051,1294.64,321.4,248.989,1152.64,237.268,179.113,1436.64,385.539,203.498,1012.67,280.581,93.3209,1580.33,433.127,96.0298,1068.77,325.928,52.4433,1804.64,72.509,61.9256,850.792,-66.2668,-59.4482,934.324,139.246,-80.2101,467.71,-127.93,-200.511,591.852,163.154,-68.8033,36.8887,-157.012,-219.28,131.944
305,0,336.052,43.3517,1358.3,277.725,214.404,1286.63,320.055,248.207,1146.14,235.395,180.6,1427.13,381.127,192.728,1002,290.758,103.214,1577.3,432.369,73.2785,1069.47,346.573,72.2675,1802.32,72.7974,61.6863,851.075,-66.4343,-59.2889,934.12,139.862,-96.192,480.005,-127.146,-227.636,601.06,160.159,-93.4536,58.2035,-157.84,-246.638,161.613
306,0,341.417,44.628,1350.87,280.715,206.078,1281.71,320.043,245.596,1145.82,241.387,166.559,1417.6,377.599,187.604,1001.19,307.368,75.7866,1576.1,430.54,73.0747,1070.88,374.69,49.0049,1788.88,72.2488,63.682,851.391,-65.9235,-61.2003,933.526,145.532,-93.7366,495.548,-118.388,-214.058,605.644,166.004,-88.0536,71.9515,-154.188,-226.391,173.163
307,0,343.462,51.0202,1341.56,283.389,209.558,1273.87,319.075,249.533,1139.12,247.702,169.583,1408.63,374.438,187.535,995.107,317.127,90.1156,1574.72,420.172,78.7898,1065.88,391.357,67.9948,1779.35,71.7883,64.6428,851.632,-65.4955,-62.2301,933.347,144.451,-94.7197,497.923,-115.693,-219.449,610.552,172.001,-92.1712,76.1441,-153.971,-236.16,181.551
308,0,354.272,51.3807,1329.36,292.627,210.364,1262.21,323.88,249.224,1127.7,261.373,171.503,1396.72,371.91,184.318,982.119,345.364,97.6497,1566.96,401.934,70.684,1052.49,430.859,77.964,1775.98,71.4965,65.6897,851.874,-65.1788,-63.3692,932.889,158.2,-104.62,511.098,-108.524,-231.116,615.613,184.504,-105.077,90.6609,-154.011,-261.417,189.221
309,0,360.282,49.5284,1330.58,301.111,204.642,1258.03,329.001,246.645,1128.62,273.222,162.638,1387.43,370.838,170.666,982.88,353.006,86.0631,1549.69,392.54,54.7747,1053.48,445.315,74.3461,1758.29,71.2086,67.2092,852.8,-64.9089,-64.8066,931.504,177.714,-107.894,521.678,-94.266,-223.14,613.101,186.008,-104.708,106.136,-153.827,-248.429,191.95
310,0,364.577,56.5421,1324.7,303.001,208.806,1254.26,327.633,252.608,1123.8,278.369,165.004,1384.71,371.51,180.138,980.088,360.856,93.0722,1543.74,387.257,56.039,1049.12,454.211,83.3815,1746.59,70.7278,68.5938,852.966,-64.3516,-66.2527,931.351,182.052,-104.271,518.317,-86.8549,-215.36,611.509,193.082,-100.092,100.953,-149.324,-239.878,187.815
311,0,370.524,57.1303,1319,304.006,210.24,1247.86,327.834,254.454,1116.77,280.178,166.026,1378.94,370.824,182.698,973.371,366.738,97.4138,1534.13,379.272,65.7081,1045.79,467.11,87.1663,1732.41,70.3544,69.5594,853.093,-63.8782,-67.2813,931.288,185.843,-101.798,516.073,-76.7849,-211.578,609.943,191.838,-98.3048,100.68,-151.197,-236.187,188.995
312,0,379.534,55.132,1310.97,307.677,208.361,1242.76,329.491,254.061,1113.44,285.863,162.662,1372.08,369.816,178.84,970.943,379.328,87.59,1520.27,372.71,62.6837,1040.44,483.281,78.2996,1710.99,70.0123,71.2496,853.47,-63.4577,-68.9944,930.601,190.236,-99.9468,514.751,-70.6875,-209.228,608.741,199.036,-88.3634,100.895,-152.411,-233.13,187.835
313,0,387.11,53.2247,1311.46,312.579,205.283,1242,334.865,248.453,1114.6,290.294,162.113,1369.39,368.965,163.335,972.726,392.007,88.6896,1508.38,370.303,34.6886,1039.95,504.688,81.4656,1689.83,69.8903,73.0684,853.962,-63.3976,-70.9227,929.676,197.754,-98.5717,513.66,-65.2575,-211.32,607.978,211.249,-84.2614,99.4997,-153.358,-233.843,185.942
314,0,397.229,47.3443,1309.1,317.002,196.971,1242,336.492,242.63,1116.47,297.513,151.311,1367.54,368.316,158.407,973.928,401.936,76.1428,1495.34,365.997,27.2726,1038.79,523.105,73.29,1670.49,68.9481,76.2706,854.627,-62.3385,-74.2204,928.633,200.501,-97.2337,511.752,-60.6494,-209.14,607.083,224.126,-76.5072,96.4012,-156.81,-231.058,183.163
315,0,403.161,47.9262,1306.06,321.795,194.394,1241.38,335.894,242.453,1117.81,307.697,146.334,1364.95,360.839,158.758,977.069,416.85,71.2651,1484.85,356.849,27.0824,1033.4,540.768,74.079,1651.28,66.4541,79.7398,854.865,-59.659,-77.8285,928.185,198.517,-91.7999,510.717,-55.118,-208.633,606.574,236.348,-70.5335,96.1109,-157.331,-238.066,181.559
316,0,404.848,56.8796,1297.41,324.632,196.203,1237.95,335.422,243.426,1114.78,313.841,148.98,1361.12,357.084,159.602,975.995,431.433,76.4952,1475.7,350.613,24.1673,1028.43,557.729,83.4473,1637.97,64.3989,81.4106,854.954,-57.4128,-79.674,928.13,196.208,-81.2925,510.372,-55.7587,-207.472,605.577,234.883,-64.0297,95.0238,-157.44,-242.148,180.383
317,0,417.068,56.6546,1285.84,326.712,184.42,1237.78,334.039,244.037,1116.33,319.384,124.803,1359.24,342.417,170.452,976.606,435.854,54.7538,1454.1,345.953,24.8034,1032.44,566.913,82.8531,1612.36,60.7956,84.134,855.096,-53.8594,-82.3078,927.848,198.521,-71.7555,509.272,-56.7844,-206.621,604.213,246.499,-51.5782,94.1686,-160.804,-244.938,179.323
318,0,416.843,79.7495,1283.71,325.299,200.41,1232.57,333.861,260.823,1108.96,316.737,139.997,1356.19,346.225,173.437,978.67,449.993,116.109,1458.05,347.86,32.3504,1034.19,585.035,202.209,1610.32,60.6742,85.7176,854.552,-53.6075,-84.3908,928.282,200.662,-71.8895,508.837,-58.7559,-225.033,604.775,245.131,-62.4996,92.6819,-162.99,-281.653,182.691
319,0,425.791,90.7358,1272.93,327.208,211.436,1221.57,332.785,273.927,1096.81,321.632,148.945,1346.33,346.25,179.809,967.962,467.787,142.179,1436.06,345.423,38.4949,1030.25,617.084,244.153,1573.47,60.1359,87.8362,853.628,-52.8075,-86.9844,929.075,201.927,-72.1935,508.224,-59.3712,-239.008,604.58,247.426,-71.8479,90.9491,-172.954,-310.209,181.606
320,0,441.246,88.9888,1266.4,334.087,209.95,1214.55,338.016,270.089,1091.15,330.158,149.812,1337.95,346.481,176.28,948.158,462.66,116.74,1408.15,343.644,24.2817,1014.94,630.22,183.453,1533.23,59.7227,87.9957,853.697,-52.3416,-87.103,929.022,200.111,-77.732,508.904,-64.9838,-234.733,604.172,247.58,-91.4342,92.1243,-202.914,-299.38,180.861
321,0,446.094,86.8552,1262.13,335.29,210.654,1207.67,337.298,270.395,1086.22,333.282,150.913,1329.13,345.987,177.127,937.109,457.387,107.773,1389.14,341.406,30.2864,1005.86,633.115,169.12,1508.46,58.5377,87.5968,853.264,-51.0568,-86.6582,929.44,198.015,-83.311,511.068,-75.7496,-234.218,603.948,243.448,-111.099,91.3866,-223.702,-309.477,180.453
322,0,452.728,85.7238,1258.85,337.285,213.621,1200.88,338.941,272.205,1078.15,335.629,155.038,1323.6,346.895,177.12,926.765,464.662,107.762,1382.75,342.999,28.3822,991.516,651.819,160.615,1482.38,58.1269,87.3976,852.973,-50.5387,-86.4772,929.699,202.383,-84.009,510.578,-83.328,-232.61,598.71,248.007,-106.39,87.6127,-233.445,-309.287,172.481
323,0,447.31,93.8512,1245.92,333.168,225.282,1190.69,336.073,285.864,1065.63,330.263,164.7,1315.75,335.675,183.079,919.713,453.804,106.668,1366.47,332.454,31.8434,979.307,643.255,148.1,1448.87,57.1539,87.893,851.973,-49.359,-87.0609,930.578,203.276,-83.7537,510.574,-97.4963,-243.757,598.875,263.325,-117.805,79.733,-245.824,-348.034,172.468
324,0,442.572,97.1381,1237.66,332.443,240.657,1179.23,335.944,288.155,1049.6,328.941,193.159,1308.86,337.683,179.778,905.84,464.845,184.942,1360.1,328.047,27.7111,974.917,644.747,291.971,1426.23,57.0902,87.4639,848.799,-49.2125,-86.9424,933.701,199.699,-84.1325,510.269,-112.693,-240.585,598.858,261.479,-119.823,79.6835,-254.287,-337.287,171.657
325,0,443.932,106.299,1227.97,331.226,245.886,1180.29,331.337,297.725,1050.56,331.114,194.047,1310.02,335.972,186.18,904.891,463.586,171.888,1356.9,327.146,28.1668,970.2,649.057,252.334,1414.47,55.3464,87.2844,846.569,-47.2264,-86.8036,935.859,198.532,-83.6549,510.027,-113.26,-242.925,597.397,268.369,-120.847,74.1693,-254.1,-350.657,170.553
326,0,440.278,123.859,1223.77,326.041,262.353,1173.99,319.169,310.491,1038.69,332.913,214.216,1309.28,333.831,194,891.489,471.882,199.246,1350.85,318.481,42.5914,962.139,645.348,288.782,1395.9,53.7466,87.0778,843.613,-45.377,-86.4955,938.822,202.453,-80.6295,513.559,-115.281,-249.481,597.692,278.362,-120.614,74.4815,-253.594,-355.433,172.914
327,0,439.532,131.765,1224.76,323.303,265.26,1168.93,312.411,312.868,1035.4,334.194,217.652,1302.46,322.765,193.169,891.037,469.915,208.413,1323.92,310.281,40.6879,955.674,639.07,310.433,1350.57,52.1901,86.8976,841.65,-43.7185,-86.3988,940.83,201.222,-80.1525,515.204,-125.707,-246.764,596.579,282.704,-118.097,74.4799,-263.072,-343.87,172.864
328,0,434.248,129.898,1226.45,318.592,263.861,1164.89,304.163,310.201,1032.06,333.02,217.521,1297.72,314.003,193.008,888.001,467.438,200.527,1289.72,302.994,40.7566,949.774,634.517,285.217,1306.33,51.3607,85.5755,839.824,-42.9787,-84.9328,942.58,200.25,-80.85,514.304,-142.229,-233.467,582.519,287.795,-110.823,67.3203,-286.435,-333.731,162.214
329,0,424.928,134.288,1222.33,312.227,266.276,1160.81,293.044,315.833,1027.78,331.41,216.718,1293.84,287.116,192.473,880.905,464.383,207.004,1254.7,290.294,39.2119,949.07,624.443,327.607,1268.17,50.1573,85.4376,838.842,-41.772,-84.7369,943.51,199.619,-80.1757,520.578,-138.8,-232.28,583.122,300.556,-111.779,74.0705,-298.315,-338.282,171.556
330,0,419.571,138.856,1203.97,304.732,251.069,1158.36,278.831,315.027,1035.35,330.632,187.111,1281.36,252.389,250.33,857.51,442.436,42.1889,1185.02,243.552,177.711,662.698,598.091,-35.0485,1164.44,41.4493,85.7641,839.184,-33.9708,-84.752,942.935,199.346,-40.6237,520.261,-141.41,-215.464,582.153,330.966,-89.2622,73.3208,-303.091,-331.393,171.012
331,0,405.337,192.651,1182.18,288.755,250.919,1143.8,246.014,315.366,1040.44,331.496,186.473,1247.15,209.563,250.164,846.921,408.926,32.0644,1129.41,199.56,180.894,596.754,553.414,-55.4882,1098.11,26.5621,85.6462,842.132,-19.3575,-84.5135,939.83,186.566,-28.66,519.746,-147.721,-193.71,582.511,325.464,-91.4042,79.3325,-303.321,-328.5,184.487
332,0,407.227,183.418,1180.61,295.145,235.03,1149.75,257.972,313.706,1040.89,332.317,156.353,1258.62,217.362,254.481,833.856,394.438,-24.9967,1143.77,201.941,198.457,590.895,532.823,-136.807,1089.07,27.9725,86.1285,842.192,-20.8614,-84.7589,939.673,186.796,-15.5526,520.844,-149.373,-196.512,585.057,360.892,-81.8546,80.3422,-326.968,-324.953,187.518
333,0,407.279,167.074,1186.01,296.332,235.803,1146.17,260.848,312.052,1029.47,331.816,159.553,1262.88,200.032,253.268,810.434,365.295,-21.4119,1129.47,182.459,186.619,558.536,505.047,-162.463,1056.55,28.4181,86.0133,841.895,-21.3873,-84.6704,939.924,184.414,-9.66554,520.462,-149.165,-198.271,590.755,379.791,-58.4766,81.5875,-347.693,-319.413,197.614
334,0,416.944,154.889,1185.67,299.233,227.412,1147.96,266.204,310.142,1031.14,332.263,144.682,1264.79,198.015,258.503,809.044,358.109,-42.6604,1119.75,179.183,190.078,558.456,492.805,-171.457,1033.17,28.8477,86.9968,842.028,-21.9565,-85.3301,939.833,186.811,-3.56898,521.196,-147.245,-195.31,595.061,395.625,-54.0175,81.9848,-351.796,-302.668,207.689
335,0,413.262,151.929,1174.29,294.781,232.786,1137.8,258.396,317.08,1017.85,331.166,148.492,1257.75,173.306,263.086,788.048,334.874,-32.1713,1084.28,155.539,193.478,539.362,461.175,-180.854,975.477,27.0919,86.9238,841.143,-20.2846,-85.2313,940.658,180.973,-6.50717,520.391,-148.866,-196.91,602.639,386.655,-53.1505,83.9343,-379.024,-302.86,220.776
336,0,426.699,149.935,1175.15,297.479,226.035,1136.14,260.084,315.636,1022.6,334.873,136.433,1249.67,191.185,262.158,806.579,349.998,-51.4182,1048.93,168.989,188.769,567.561,463.472,-182.778,949.035,27.4586,88.5544,840.861,-20.6203,-86.6202,940.821,180.752,4.95651,520.082,-147.979,-203.353,623.556,396.058,-42.6017,83.8171,-390.313,-311.742,235.599
337,0,430.499,147.413,1178.89,297.675,229.156,1135.53,261.117,316.964,1024.79,334.234,141.347,1246.28,186.206,257.039,814.803,343.329,-22.6148,1042.05,159.475,180.762,592.491,454.694,-122.967,943.39,28.1318,88.6107,840.381,-21.2638,-86.6445,941.116,177.533,-2.03748,520,-151.637,-209.4,626.029,398.077,-47.7965,85.174,-399.894,-314.696,246.51
338,0,441.203,116.299,1183.5,303.308,217.496,1133.46,272.926,313.832,1025.69,333.69,121.16,1241.22,193.179,253.961,823.467,347.649,-34.4368,1023.44,161.525,172.035,613.829,456.357,-117.683,936.616,28.5368,89.8984,840.402,-21.5867,-87.9125,941.055,176.865,-7.46715,518.728,-157.132,-210.696,627.309,399.115,-44.2913,84.6595,-420.783,-315.292,253.94
339,0,443.763,103.028,1186.45,305.493,217.901,1132.11,277.753,313.161,1027.31,333.234,122.642,1236.92,203.736,252.125,844.391,350.39,-15.6602,1013.12,167.133,163.666,709.441,454.488,-92.4625,947.584,28.9979,90.1147,840.425,-21.9903,-88.285,940.999,176.392,-11.2874,518.757,-169.734,-217.28,637.604,407.226,-47.7916,87.5121,-439.454,-334.683,268.342
340,0,441.625,89.8241,1186.74,306.828,214.18,1131.26,280.771,308.992,1027.6,332.886,119.369,1234.91,209.689,271.2,842.044,343.026,-13.007,1010.82,179.705,233.516,675.616,426.014,-76.6065,943.519,29.4307,90.1242,840.542,-22.4045,-88.3032,940.721,172.335,-13.1909,518.868,-178.46,-215.496,636.083,401.781,-49.6731,87.3903,-456.063,-331.998,269.893
341,0,450.653,71.7106,1188.5,318.251,201.768,1136.41,301.365,293.144,1037.05,335.137,110.393,1235.76,212.881,231.007,875.171,343.974,-5.45639,1025.73,259.448,99.7249,797.715,439.527,-42.9515,953.006,29.9034,90.0537,840.659,-22.9273,-88.2388,940.398,170.534,-28.2335,517.206,-185.668,-215.41,639.052,398.129,-63.8472,91.0921,-460.156,-331.19,278.705
342,0,454.71,66.1782,1189.54,324.351,194.736,1140.82,312.785,282.982,1049.47,335.917,106.491,1232.17,251.03,225.405,896.621,343.455,13.6725,1014.07,358.36,104.388,851.408,437.004,69.4864,954.727,30.7889,89.9117,840.934,-23.751,-88.1957,939.881,167.191,-31.9039,516.402,-189.343,-216.018,655.058,392.099,-79.066,93.9851,-468.322,-329.511,300.346
343,0,453.691,70.8343,1189.86,325.682,193.231,1141.2,314.838,278.165,1061.03,336.526,108.296,1221.36,272.448,227.457,923.983,346.42,66.3437,1003.32,375.794,156.395,916.805,429.792,193.256,981.731,30.8909,89.8024,842.038,-23.9091,-88.1496,938.418,158.947,-31.987,516.155,-198.972,-210.379,662.242,393.78,-92.0535,93.5553,-483.106,-323.229,315.859
344,0,452.555,74.7845,1189.88,325.964,191.522,1145.41,313.831,277.823,1074.73,338.097,105.221,1216.09,270.414,225.949,930.583,340.175,66.6119,991.858,343.52,155.955,895.355,397.869,169.685,975.422,31.0596,89.7454,843.962,-24.0211,-88.135,936.119,150.394,-23.9097,514.975,-204.264,-210.424,667.968,392.553,-89.6703,94.3241,-491.582,-322.735,332.017
345,0,451.249,78.299,1185.36,325.718,196.651,1150.82,313.324,287.451,1088.44,338.112,105.85,1213.2,263.174,270.423,946.056,318.416,63.1711,984.819,322.508,231.737,861.266,366.053,141.031,950.302,30.73,91.3515,844.77,-23.6826,-89.9149,935.137,151.124,-2.14593,506.474,-208.691,-211.069,666.827,390.97,-66.2918,88.6557,-508.877,-326.985,329.474
346,0,451.039,80.3809,1186.27,325.6,198.438,1153.6,312.624,294.923,1093.85,338.575,101.954,1213.34,261.309,288.422,941.715,293.277,45.7586,984.12,310.874,243.02,842.113,315.332,118.961,930.612,29.4134,94.5702,845.492,-22.4374,-93.133,934.288,148.277,12.3302,505.921,-205.073,-213.486,667.614,390.239,-44.7388,87.827,-511.27,-336.232,331.942
347,0,449.58,70.6808,1186.8,321.026,187.316,1148.04,312.624,271.884,1091,329.427,102.747,1205.09,265.514,280.18,958.83,291.785,74.7145,981.421,320.538,291.081,1004.05,338.029,196.413,962.603,30.3351,93.3991,845.654,-23.1155,-92.0259,934.199,145.792,11.0821,506.297,-206.97,-208.29,680.492,388.488,-60.708,88.7135,-550.323,-334.917,352.74
348,0,449.768,73.2444,1186.77,320.797,188.263,1149.16,312.144,273.656,1094.26,329.45,102.87,1204.05,255.97,281.455,959.249,264.94,72.9146,975.802,308.96,262.061,926.877,297.639,148.683,958.111,29.8458,93.6497,846.156,-22.6335,-92.31,933.657,143.949,11.0883,502.624,-209.75,-210.943,688.857,388.004,-43.3654,85.7874,-557.888,-346.555,380.477
349,0,456.466,73.3936,1186.86,321.537,181.979,1150.96,312.192,277.624,1099.38,330.881,86.3343,1202.55,255.828,285.048,955.475,246.446,26.8157,966.897,302.871,248.284,897.391,254.499,67.4553,888.273,29.2359,97.2639,847.324,-22.1291,-95.8573,932.462,143.152,16.8442,498.103,-209.723,-214.906,687.587,389.887,-25.9351,79.7059,-569.319,-349.406,389.295
350,0,460.889,71.8102,1187.2,322.974,179.171,1149.58,312.937,278.021,1099.84,333.011,80.3205,1199.32,254.248,294.838,954.773,245.298,17.3637,963.037,295.394,271.048,879.421,263.407,49.5732,893.088,29.1577,99.0006,847.98,-22.0899,-97.5372,931.82,141.452,15.9181,495.888,-216.354,-215.051,687.91,388.875,-28.3414,73.8091,-588.27,-347.034,394.281
351,0,461.12,72,1187.38,322.957,181.198,1146.51,312.96,278.827,1097.16,332.954,83.5693,1195.85,247.252,289.297,951.781,247.95,23.9069,952.872,275.057,252.753,829.191,290.77,79.5858,913.362,29.2664,98.9777,848.026,-22.1973,-97.5339,931.75,138.856,17.6873,495.736,-222.064,-215.169,695.959,381.645,-21.9842,70.7407,-602.942,-345.081,409.701
352,0,462.357,71.947,1185.63,322.761,179.573,1141.53,312.603,279.585,1096.25,332.919,79.5614,1186.8,234.353,286.131,953.67,238.322,20.3886,944.648,261.878,253.825,830.7,286.089,75.0193,911.682,29.2307,98.9609,848.571,-22.1666,-97.5007,931.209,137.607,15.4455,492.023,-225.614,-214.719,693.426,382.568,-26.15,66.3673,-614.076,-344.551,421.62
353,0,464.385,72.9566,1184.48,323.503,181.292,1140.19,312.359,287.152,1095.7,334.647,75.4324,1184.69,219.207,288.213,948.915,234.064,-2.53017,937.907,231.529,244.753,791.967,271.097,-0.455317,840.741,28.4589,100.386,848.858,-21.4492,-98.8033,930.976,133.239,18.2375,489.237,-223.557,-216.522,693.807,381.841,-14.4599,56.1704,-624.484,-343.307,437.895
354,0,463.665,64.1071,1184.3,323.982,177.097,1140.58,313.558,286.944,1094.94,334.407,67.2509,1186.23,216.953,283.018,938.068,221.638,-28.0276,939.855,222.138,213.381,749.865,259.482,-59.614,821.796,28.5044,100.768,848.865,-21.4995,-99.1139,930.974,131.667,16.3247,487.541,-230.197,-218.808,706.488,376.88,-18.2015,50.8035,-651.611,-339.351,465.002
355,0,463.385,63.3566,1185.78,324.252,176.856,1141.68,313.917,287.117,1095.56,334.587,66.5947,1187.81,216.766,283.154,937.269,215.58,-24.8365,939.451,220.364,222.539,763.957,235.51,-42.8221,816.761,28.359,100.97,848.855,-21.4053,-99.2951,930.989,129.909,14.8409,487.083,-231.029,-220.922,718.814,371.734,-21.1497,52.7532,-654.603,-338.761,483.199
356,0,462.865,64.7241,1186.75,324.078,182.854,1142.48,313.797,295.538,1096.67,334.358,70.1703,1188.29,206.086,294.343,949.643,208.672,-23.5793,935.988,208.465,237.032,773.155,239.37,-51.6901,811.945,28.0251,101.423,848.679,-21.1299,-99.6098,931.277,130.407,14.0232,484.499,-235.725,-220.9,724.511,366.42,-19.6745,50.4552,-670.67,-338.197,516.661
357,0,465.223,67.123,1186.37,324.949,184.768,1143.06,313.726,301.552,1099.15,336.173,67.9841,1186.97,205.923,320.123,962.647,215.91,-32.1669,927.301,212.589,301.71,795.803,243.869,-58.4691,797.335,26.6609,102.667,848.484,-19.8386,-100.711,931.581,130.173,13.0926,483.68,-233.696,-228.145,729.542,361.186,-26.9103,51.7362,-675.871,-340.882,539.067
358,0,466.004,68.0569,1186.52,325.196,183.367,1144.55,313.517,302.028,1101.02,336.876,64.7054,1188.08,202.786,316.194,963.474,213.981,-36.3454,930.986,212.465,288.585,797.126,249.297,-65.5791,799.331,26.3316,103.631,848.335,-19.5531,-101.572,931.809,130.967,13.0034,483.448,-232.709,-230.045,739.751,358.617,-27.6446,49.5824,-681.983,-340.335,559.971
359,0,470.902,60.9623,1188.77,327.405,172.485,1148.01,315.566,297.697,1106.89,339.244,47.274,1189.13,203.474,314.53,969.616,212.835,-46.2126,935.907,221.935,280.603,806.724,245.622,-70.4637,806.559,26.2774,105.423,848.354,-19.5146,-103.306,931.812,135.328,12.5224,483.781,-231.251,-236.768,749.877,355.839,-27.8954,48.3174,-686.106,-339.563,585.291
360,0,476.089,22.9451,1195.36,331.716,137.821,1152.72,322.769,261.877,1115.4,340.663,13.7649,1190.04,207.456,292.198,976.009,207.301,-68.6159,939.12,223.808,275.951,815.149,237.259,-83.9504,796.156,26.9712,106.262,848.78,-20.3611,-104.034,931.501,137.992,12.1274,482.839,-233.29,-237.374,758.357,347.272,-27.4009,44.8163,-714.521,-335.112,608.521
361,0,478.579,22.2,1198.25,331.731,132.097,1155.46,322.889,260.756,1120.15,340.573,3.43831,1190.77,212.883,286.114,971.566,202.945,-81.197,940.903,225.135,271.058,797.102,221.137,-93.0021,794.478,27.0049,109.909,849.103,-20.3871,-107.557,931.241,145.382,15.8406,479.59,-233.543,-241.499,769.925,341.968,-21.4922,24.0043,-731.777,-328.925,649.798
362,0,484.283,18.7335,1206.15,334.264,126.774,1160.11,325.695,258.622,1128.05,342.833,-5.0739,1192.17,215.147,286.02,972.335,206.753,-89.5296,943.156,226.514,265.126,789.791,229.659,-102.553,790.764,26.9417,112.322,849.245,-20.3469,-109.854,931.181,146.694,16.1632,473.987,-232.971,-245.616,776.085,331.19,-20.8144,21.8931,-742.43,-328.974,678.421
363,0,485.312,26.0028,1214.49,335.03,133.385,1170.93,325.358,258.526,1137.98,344.702,8.24355,1203.88,225.73,285.992,983.52,209.437,-79.5071,948.698,243.403,280.661,813.569,231.329,-101.453,798.936,26.5182,111.973,849.291,-19.9796,-109.547,931.181,147.902,17.9157,466.705,-233.348,-246.301,790.263,331.335,-13.9416,21.7127,-761.528,-327.895,703.659
364,0,484.04,49.1721,1216.07,329.058,145.796,1169.31,318.866,278.018,1134.7,339.249,13.5745,1203.91,185.007,298.767,980.546,202.746,-70.7383,946.779,155.553,294.275,792.741,225.373,-94.6066,784.173,26.1825,112.346,849.267,-19.6896,-109.918,931.267,135.467,20.1468,441.07,-235.345,-246.855,779.259,286.779,-17.2319,-18.8774,-768.423,-329.793,709.487
365,0,487.642,44.4468,1218.79,332.358,144.223,1172.15,321.043,274.836,1139.8,343.674,13.6098,1204.5,180.351,296.395,983.059,206.284,-76.0026,946.809,122.73,284.988,791.046,229.102,-95.1769,779.55,26.1566,112.857,849.633,-19.6895,-110.452,931.007,135.666,20.992,435.697,-245.574,-247.028,776.609,285.184,-16.9141,-17.4636,-785.084,-306.367,745.037
366,0,486.312,40.3083,1218.95,333.23,142.98,1172.62,322.886,272.996,1139.75,343.573,12.9638,1205.49,190.497,294.364,981.415,208.476,-78.6626,947.383,136.752,279.037,775.964,225.093,-98.9883,786.255,26.1589,113.135,850.418,-19.7047,-110.733,930.277,132.289,21.4696,432.052,-270.513,-229.252,771.726,260.973,-16.3113,-36.7523,-801.368,-256.305,748.7
367,0,483.188,52.3295,1218.06,332.244,147.251,1173.14,321.931,280.073,1140.81,342.558,14.4291,1205.48,194.357,296.89,979.19,210.289,-74.4372,947.111,158.398,289.592,770.117,218.011,-91.3736,788.12,25.5761,113.37,851.038,-19.1582,-110.989,929.75,125.344,24.1023,423.719,-276.198,-224.081,768.757,253.485,-17.0662,-36.5663,-806.922,-264.843,781.564
368,0,481.513,70.1373,1219.17,329.201,155.215,1177.9,316.101,293.272,1148.32,342.3,17.1568,1207.49,195.11,312.646,981.868,211.57,-70.4404,947.644,169.863,322.611,772.158,216.636,-88.2453,790.556,24.1457,114.349,852.125,-17.8045,-111.972,928.807,126.163,23.8273,425.582,-272.658,-225.545,771.331,254.325,-30.7917,-26.4429,-802.837,-273.617,830.208
369,0,479.129,78.9586,1221.28,326.13,160.773,1183.52,311.269,302.869,1152.12,340.991,18.677,1214.92,179.976,319.326,989.217,212.409,-72.6205,950.252,150.048,327.423,782.858,211.323,-109.613,794.61,23.2965,114.603,852.196,-17.0209,-112.169,928.807,121.461,23.6047,428.183,-275.555,-223.93,780.058,243.229,-39.6255,-26.1652,-805.915,-270.86,859.328
370,0,474.846,84.8709,1222.95,323.49,163.988,1192.16,306.101,307.14,1164.24,340.879,20.8362,1220.08,172.794,326.746,1014.54,212.662,-71.849,953.698,123.58,342.009,824.921,211.756,-107.261,797.298,21.9198,114.83,852.471,-15.6922,-112.323,928.733,118.611,23.414,428.546,-276.218,-214.626,800.371,223.034,-39.2085,-36.721,-805.651,-264.399,861.066
371,0,474.175,85.2522,1227.32,322.721,164.606,1198.4,303.507,305.702,1173.47,341.934,23.5093,1223.33,150.846,325.827,1020.13,220.82,-72.6489,953.792,81.5116,339.743,829.686,215.574,-104.139,799.147,20.7051,114.736,852.894,-14.5993,-112.253,928.509,116.726,20.7321,430.192,-277.911,-207.513,814.518,220.503,-39.9047,-38.6338,-804.153,-240.726,893.088
372,0,474.086,87.8981,1235.32,321.891,166.317,1208.28,301.14,308.205,1188.04,342.642,24.4283,1228.51,143.65,322.119,1037.54,230.068,-72.0176,957.328,69.9301,326.12,845.939,218.199,-82.2511,800.862,19.9768,114.836,853.591,-14.0014,-112.302,927.969,115.036,15.0949,428.996,-284.257,-205.083,825.362,221.806,-39.4972,-36.4945,-809.588,-242.517,951.644
373,0,474.027,85.1552,1249.61,321.459,166.065,1218.13,300.301,306.771,1196.18,342.618,25.3582,1240.07,130.966,316.915,1042.55,240.607,-70.5435,968.214,31.0391,325.209,848.698,220.174,-66.7968,808.939,19.8956,114.769,853.841,-13.9817,-112.234,927.824,113.069,13.9185,429.42,-294.866,-185.614,831.7,221.644,-22.999,-32.8162,-823.317,-217.433,1004.7
374,0,471.107,84.7136,1258.3,318.586,166.352,1222.92,295.079,305.998,1200.49,342.093,26.7075,1245.34,118.841,315.514,1048.37,245.29,-65.9931,979.99,5.20695,320.741,850.818,221.024,-49.2975,817.02,18.5669,114.561,854.087,-12.9943,-111.921,927.634,112.981,15.7233,430.69,-291.363,-178.692,832.599,226.967,16.4768,-29.6931,-810.669,-169.283,1056.73
375,0,461.829,83.5596,1257.99,311.457,166.355,1225.32,281.41,304.952,1205.34,341.504,27.7571,1245.31,120.699,308.819,1048.36,244.525,-57.8179,991.88,35.2879,306.387,846.083,217.217,-34.0214,823.489,14.2423,114.499,855.844,-9.08339,-111.865,925.88,113.431,17.3213,431.634,-289.402,-181.803,831.761,234.593,46.7933,-21.2109,-805.245,-158.257,1063.97
376,0,460.514,91.5867,1255.64,307.075,175.159,1223.13,272.978,312.439,1202.96,341.171,37.8779,1243.3,106.461,315.779,1051.21,244.223,-36.926,997.935,8.12276,327.503,848.213,207.352,-3.58242,829.779,12.4704,114.45,856.961,-7.46774,-111.815,924.89,114.287,16.8766,432.294,-286.443,-182.089,826.147,237.739,35.014,-6.46019,-799.577,-173.52,1074.94
377,0,461.607,90.2063,1255.18,308.622,174.68,1222.38,272.932,311.714,1202.89,344.311,37.6455,1241.86,99.9057,315.502,1056.09,253.612,-27.8441,999.337,-15.9624,346.308,852.21,208.182,29.6678,832.836,12.0495,114.405,857.751,-7.10489,-111.77,924.212,120.375,13.1955,441.908,-284.641,-182.388,829.187,237.12,26.289,17.5909,-796.536,-165.815,1086.02
378,0,461.728,103.335,1250.18,308.806,186.138,1216.48,269.197,321.737,1197.69,348.415,50.5385,1235.26,74.2932,324.626,1051.86,255.865,-6.56519,998.397,-74.8402,362.364,857.53,209.048,58.6362,832.417,10.3085,114.41,858.365,-5.45571,-111.784,923.656,123.475,10.7549,452.059,-274.295,-184.807,824.822,230.07,25.8359,35.4644,-747.937,-167.361,1085.54
379,0,461.8,101.502,1249.25,308.824,181.409,1213.05,266.778,318.853,1194.45,350.87,43.9654,1231.64,39.3377,319.789,1054.3,256.883,-7.13874,995.288,-140.063,349.844,870.968,209.801,34.7119,836.877,10.4401,114.639,859.594,-5.56265,-112.036,922.552,138.103,5.93046,466.811,-269.576,-192.319,821.752,230.93,-3.18208,43.6457,-720.036,-177.302,1086.98
380,0,462.02,100.265,1248.02,310.121,184.07,1211.46,269.057,318.514,1192.05,351.186,49.625,1230.88,51.6064,326.763,1055.12,255.949,-0.58472,993.405,-100.134,365.085,880.057,210.509,52.7898,845.098,10.6167,114.593,859.913,-5.68469,-111.993,922.195,140.296,2.62898,473.051,-253.712,-197.807,820.551,231.436,-21.6693,46.1215,-664.782,-169.784,1097.97
381,0,465.926,112.334,1247.29,312.542,192.693,1208.64,270.315,322.925,1190.82,354.768,62.4617,1226.47,66.0288,333.041,1057.02,260.454,5.25322,988.979,-85.4757,377.535,888.323,214.759,54.326,844.4,10.6758,114.523,860.124,-5.75679,-111.888,921.972,141.53,2.92221,473.55,-243.85,-201.581,816.12,232.948,-21.6184,45.0571,-648.148,-174.226,1120.61
382,0,477.547,77.1718,1247.61,318.3,166.444,1208.53,276.984,293.502,1190.82,359.616,39.3852,1226.25,70.3198,317.317,1068.36,263.742,-0.338219,988.713,-92.7057,366.216,897.068,220.221,55.6627,848.856,11.4655,115.098,860.553,-6.59161,-112.563,921.478,148.283,17.0817,476.326,-245.17,-202.204,814.42,234.74,16.6157,41.3813,-659.727,-160.192,1126.69
383,0,484.652,43.3451,1247.59,325.691,136.99,1209.31,285.038,262.399,1192.42,366.343,11.5814,1226.19,73.0894,295.035,1075.52,262.98,-28.6179,991.735,-92.6602,354.488,904.011,225.66,54.7364,852.609,11.6548,115.165,861.392,-6.96626,-112.636,920.489,153.528,32.9342,476.929,-246.214,-201.549,811.097,236.05,71.6923,39.0274,-654.433,-127.242,1150.41
384,0,485.142,45.4622,1243.26,327.736,141.554,1206.74,285.329,267.61,1191.79,370.143,15.4986,1221.68,67.896,290.858,1072.87,262.375,-48.1373,990.973,-94.1077,331.284,901.876,233.539,-19.366,852.86,11.194,115.099,864.279,-6.6511,-112.536,917.357,159.938,31.2833,483.363,-235.912,-209.702,793.849,238.876,59.5477,42.1124,-617.559,-133.208,1156.17
385,0,492.115,49.7603,1243,332.698,139.602,1204.3,285.74,268.724,1191.61,379.657,10.4804,1216.98,61.4805,286.407,1082.74,267.277,-56.674,990.794,-120.939,323.014,916.152,236.083,-26.198,853.087,11.1013,115.076,865.927,-6.64655,-112.513,915.774,168.323,30.7506,490.549,-237.049,-210.676,785.858,243.546,48.0091,44.1049,-612.27,-137.635,1162.79
386,0,496.439,53.6239,1237.1,334.638,138.787,1200.31,285.833,269.706,1191.27,383.442,7.86791,1209.36,49.5385,283.326,1081.51,266.122,-67.2778,984.293,-142.693,296.765,915.033,239.682,-28.3631,853.361,11.1597,115.44,867.244,-6.74681,-113.015,914.594,186.702,29.683,505.812,-235.91,-235.678,779.768,244.696,41.5271,45.8696,-568.307,-174.398,1204.61
387,0,496.889,93.9377,1232.23,333.337,160.202,1196.83,284.834,297.562,1188.41,381.839,22.841,1205.25,45.9772,291.089,1077.85,265.25,-56.3064,980.487,-145.613,299.689,915.688,240.992,-10.0723,854.98,11.2157,115.648,867.632,-6.78494,-113.297,914.207,184.535,29.3323,509.926,-223.105,-254.446,778.166,249.506,17.2727,55.8517,-558.699,-194.661,1192.45
388,0,506.099,70.8238,1228.9,334.945,144.686,1193.08,284.919,288.465,1188.02,384.971,0.906819,1198.14,32.7082,276.503,1083.6,268.322,-50.0886,967.267,-157.973,282.761,927.781,256.426,70.1415,854.692,12.2379,117.35,867.933,-7.76957,-115.653,913.955,189.878,31.0002,517.081,-224.344,-248.159,777.775,249.308,18.0834,56.8851,-556.587,-186.03,1179.39
389,0,512.827,55.5105,1225.39,338.038,134.755,1188.14,284.994,279.637,1186.48,391.081,-10.1277,1189.81,29.2383,262.04,1086.86,274.524,-38.577,958.995,-163.081,261.091,928.708,263.275,109.141,854.438,12.6336,118.7,868.088,-8.1482,-117.467,913.839,190.846,43.9058,513.338,-225.415,-244.232,775.823,247.956,46.9652,54.7466,-558.398,-168.492,1166.9
390,0,517.506,-46.7604,1224.05,343.136,56.7238,1184.18,288.378,202.402,1182.75,397.894,-88.9542,1185.61,32.9178,193.033,1090.6,282.011,-68.2085,957.32,-157.828,177.576,935.326,270.456,84.1161,854.744,13.427,120.936,868.575,-8.97945,-120.404,913.384,207.713,49.9422,527.554,-225.245,-242.895,776.591,241.651,73.7267,56.0368,-538.582,-142.036,1175.68
391,0,523.801,-37.0345,1220.2,346.526,59.9097,1183.83,291.882,202.75,1182.65,401.171,-82.931,1185,38.8759,201.453,1089.76,281.033,-80.7788,958.006,-143.782,199.47,936.443,273.721,77.9907,854.598,13.7717,123.706,871.081,-9.32082,-123.215,910.568,207.882,47.6253,528.906,-220.835,-240.409,774.473,241.98,67.1607,58.2383,-536.525,-128.322,1163.19
392,0,531.537,-14.6835,1215.74,348.22,72.3842,1179.35,291.878,213.594,1181.26,404.563,-68.8255,1177.44,37.0979,200.883,1089.03,284.284,-77.3843,955.091,-148.392,190.103,935.014,280.326,83.3566,852.452,14.1433,125.15,871.951,-9.59383,-124.907,909.727,204.622,57.8448,523.527,-221.492,-253.489,768.941,241.373,59.1144,56.5077,-521.982,-161.698,1158.62
393,0,531.754,-1.94806,1211.33,347.847,78.9463,1172.13,291.801,224.004,1176.07,403.893,-66.1111,1168.19,36.3962,214.9,1088.63,286.341,-34.6464,946.949,-150.386,211.356,930.939,280.26,111.324,849.115,14.1841,125.624,874.179,-9.60566,-125.354,907.304,203.759,54.8111,520.042,-198.675,-271.535,752.509,239.476,24.5413,60.0068,-474.363,-233.208,1150.6
394,0,532.718,2.35058,1205.48,348.439,90.9554,1165.11,292.084,226.389,1166.03,404.795,-44.4785,1164.18,38.4697,223.132,1075.94,288.356,-13.0576,943.9,-148.341,223.148,926.175,282.756,109.036,841.524,14.1112,126.2,874.786,-9.345,-125.866,906.505,190.363,55.5868,518.093,-180.673,-281.663,744.067,237.233,24.0565,59.0564,-478.244,-222.606,1119.61
395,0,530.94,59.2284,1198.36,344.146,153.704,1159.29,285.54,284.69,1155.98,402.753,22.7185,1162.6,31.44,240.413,1061.36,287.289,4.16406,944.129,-159.207,225.747,907.019,283.552,99.9832,841.553,11.3965,126.245,874.936,-5.94144,-125.828,906.327,173.215,53.449,515.926,-138.898,-282.401,740.788,238.367,-31.4496,73.4307,-405.133,-290.321,1119.29
396,0,529.589,73.6635,1192.39,343.089,166.156,1156.63,284.401,295.877,1154.75,401.777,36.4348,1158.51,34.16,250.995,1058.27,286.625,17.3702,942.929,-154.458,240.05,904.731,282.623,124.436,839.027,10.7823,126.298,876.027,-4.9,-125.853,905.184,165.102,52.4754,511.448,-149.648,-275.904,721.829,238.668,-40.0207,71.9747,-402.631,-318.282,1070.83
397,0,527.655,73.345,1188.9,341.833,167.239,1151.66,282.999,294.524,1149.71,400.667,39.9538,1153.61,34.1917,247.595,1038.48,286.192,37.7894,930.622,-160.603,233.118,894.673,280.888,169.48,839.113,10.5335,126.21,876.341,-4.42691,-125.726,904.826,157.989,52.6957,511.098,-143.787,-273.044,721.489,233.84,-33.4132,69.3982,-397.001,-286.505,1059.58
398,0,526.516,72.0247,1190.6,341.576,164.295,1153.82,283.161,293.396,1150.98,399.992,35.1936,1156.67,35.5717,242.067,1039.99,285.062,38.1356,931.495,-158.972,227.516,895.774,280.702,179.275,840.128,10.5571,126.232,876.659,-4.41029,-125.78,904.381,157.161,53.3911,511.622,-141.426,-270.509,719.624,234.336,-26.8226,72.2479,-391.97,-279.503,1061.89
399,0,529.954,41.29,1192.27,345.552,143.155,1155.57,290.176,269.091,1151.9,400.929,17.2186,1159.24,43.5509,223.419,1041.8,284.262,28.2528,933.103,-154.394,203.791,901.48,281.964,155.916,840.163,10.738,126.401,877.442,-4.52732,-125.987,903.412,156.503,61.7935,511.3,-150.262,-268.147,708.37,231.823,-11.5276,70.6345,-405.137,-206.25,1043
400,0,533.152,55.3555,1189.25,346.808,160.561,1147.06,292.084,285.518,1142.12,401.533,35.6046,1152.01,51.087,227.651,1024.77,284.81,43.4224,929.329,-151.097,214.015,888.222,285.121,177.531,840.139,10.1824,126.351,877.285,-3.8843,-125.917,903.637,148.548,44.6584,510.085,-100.92,-272.265,710.817,206.774,-28.7094,86.3207,-365.576,-296.461,1047.95
401,0,532.389,66.3172,1181.42,347.71,174.661,1141.21,291.777,299.842,1137.38,403.644,49.4794,1145.03,43.253,237.325,1019.88,283.812,52.6884,928.572,-150.706,217.844,869.393,294.603,194.989,834.735,6.36957,126.312,877.215,-0.043047,-125.862,903.718,131.956,44.6244,509.452,-61.4814,-271.579,700.608,207.556,-27.2048,91.9785,-330.434,-287.933,1050.86
402,0,533.37,67.3244,1183.04,350.04,174.162,1143.5,292.616,301.418,1138.7,407.464,46.9069,1148.31,43.6609,252.629,1023.14,289.994,57.3988,933.72,-146.811,250.518,871.622,303.424,199.384,834.479,6.51245,126.31,877.16,-0.201341,-125.84,903.802,134.96,54.8256,510.601,-93.3732,-270.264,696.056,209.733,-3.08539,98.0722,-328.714,-275.264,1069.02
403,0,540.623,70.7311,1184.55,352.907,173.189,1144.3,296.554,302.09,1138.86,409.261,44.2883,1149.74,43.9849,270.087,1026.16,289.101,47.4869,934.422,-139.495,276.194,874.34,303.131,179.286,821.897,6.81689,126.585,877.467,-0.746865,-126.002,903.4,137.218,54.3735,510.363,-108.711,-264.259,662.176,211.003,7.32422,97.4245,-356.179,-143.74,1037.53
404,0,539.093,84.6582,1178.51,350.303,181.318,1138.91,292.031,317.714,1137.02,408.576,44.9226,1140.79,31.9786,287.529,1026.38,280.571,41.3802,928.44,-141.072,289.201,872.383,301.994,168.547,805.378,4.37613,126.788,878.561,1.34343,-126.085,902.288,120.219,53.9172,507.033,-82.5616,-242.573,651.659,211.13,7.31279,93.2116,-350.081,-140.825,1010.22
405,0,539.886,87.4075,1177.37,352.996,181.778,1134.62,298.047,319.296,1131.87,407.944,44.2597,1137.36,36.7094,289.02,1023.94,280.279,43.9559,920.489,-124.231,286.257,864.599,301.311,186.089,797.102,3.60749,127.419,878.501,1.97828,-126.638,902.342,119.499,53.8001,505.561,-38.9928,-224.932,635.958,201.794,17.9457,91.9057,-334.681,-120.447,974.086
406,0,540.38,89.269,1170.31,352.673,186.604,1134.27,297.878,328.492,1132.06,407.468,44.7155,1136.47,33.1917,304.929,1025.38,277.129,42.9315,921.276,-129.856,305.118,866.38,301.548,181.712,795.106,3.53167,128.116,878.788,1.98724,-127.209,901.978,121.372,60.5669,503.142,-44.173,-218.95,622.364,206.328,40.3249,90.13,-335.587,-92.4311,963.862
407,0,540.564,95.4817,1171.54,352.451,190.729,1134.8,297.742,334.088,1132.38,407.161,47.3694,1137.22,31.4861,308.359,1025.37,271.288,42.6832,922.302,-130.392,303.402,865.855,301.604,178.315,794.375,3.19372,128.679,878.968,2.22965,-127.661,901.74,121.296,62.3911,501.778,-43.298,-217.552,621.517,212.188,44.5344,88.7396,-335.88,-98.0515,964.018
408,0,540.304,95.0517,1172.46,351.54,191.796,1132.91,297.436,333.619,1130.83,405.643,49.9727,1135,31.7514,311.255,1025.36,267.485,45.472,921.358,-112.199,307.196,860.658,300.829,182.628,792.943,1.65696,129.075,879.026,3.62942,-127.976,901.65,113.688,62.0479,499.678,-29.0586,-216.578,616.041,204.267,64.865,88.4896,-332.141,-100.186,967.276
409,0,539.667,97.639,1173.07,350.918,192.893,1133.83,298.219,335.336,1131.06,403.616,50.449,1136.61,32.0991,322.571,1024.44,262.191,37.0526,922.287,-109.291,324.434,857.055,300.212,150.545,793.748,1.73702,129.197,879.463,3.51519,-128.007,901.118,112.813,61.5328,497.91,-36.2044,-207.469,591.696,204.158,61.6921,87.5664,-337.283,-58.9789,950.468
410,0,539.438,95.2876,1172.59,347.542,190.553,1130.86,298.065,331.832,1124.26,397.019,49.2733,1137.47,30.2888,315.952,1012.75,255.179,37.0915,921.3,-103.926,312.358,843.135,299.922,157.478,791.683,1.49207,129.278,879.416,3.64564,-128.054,901.152,106.806,58.508,487.689,-23.1813,-207.411,579.062,194.027,81.54,76.4512,-331.849,-28.469,927.243
411,0,539.027,102.692,1171.95,347.479,193.172,1131.39,297.957,335.585,1124.56,397.002,50.7582,1138.22,25.9365,320.413,1012.96,252.11,32.4076,922.022,-106.305,313.9,841.078,299.44,136.069,791.991,1.20186,129.619,879.881,3.86049,-128.264,900.594,105.257,60.4044,486.302,-21.0779,-205.628,572.983,196.426,79.5049,76.3139,-302.504,-43.5433,932.63
412,0,537.817,101.56,1172.23,343.769,193.741,1130.73,295.676,336.598,1122.55,391.862,50.8846,1138.9,26.5126,318.12,1008.16,247.754,30.7547,920.857,-97.1435,311.995,833.819,297.964,134.97,786.86,-0.420801,129.818,879.741,5.29451,-128.374,900.668,105.528,60.5644,481.083,7.03828,-206.435,581.116,192.645,93.4385,69.2155,-304.885,-56.8085,932.424
413,0,537.536,86.7879,1170.69,341.087,182.607,1130.53,291.057,333.798,1121.82,391.116,31.4165,1139.24,48.3331,317.122,982.712,239.886,-7.69064,916.452,-8.69423,296.099,790.905,293.992,87.7051,779.723,-7.50461,131.771,879.714,12.4976,-130.179,900.706,89.0099,60.2628,475.555,97.991,-200.947,592.349,164.599,83.6261,68.7574,-285.931,-75.7726,897.876
414,0,541.587,21.5985,1176.71,355.207,127.283,1131.11,319.808,280.1,1122.55,390.606,-25.5335,1139.67,179.972,301.695,984.301,235.875,-49.6528,916.836,127.686,295.806,805.904,278.153,65.4634,782.27,-7.43167,134.833,879.691,12.5385,-133.304,900.731,86.4249,58.8111,476.126,154.298,-189.564,597.162,109.09,100.061,75.5929,-291.847,-66.5818,844.495
415,0,542.263,12.8266,1180.62,354.171,122.216,1133.55,319.034,274.983,1124.14,389.308,-30.5522,1142.95,136.017,292.581,989.478,226.291,-52.3325,917.57,46.7666,278.225,815.313,277.765,61.2413,784.038,-7.21802,136.63,880.108,12.3513,-135.172,900.219,90.9009,57.5776,473.905,93.4791,-190.247,556.367,120.811,92.3361,72.2204,-291.384,-73.9297,864.726
416,0,543.098,6.76825,1188.79,353.064,114.251,1137.98,316.854,268.372,1128.72,389.275,-39.8698,1147.23,116.251,279.862,992.797,226.72,-73.0292,919.402,20.3426,260.206,818.254,278.161,27.0653,785.305,-7.35629,137.715,880.32,12.4955,-136.259,900.023,90.1774,55.1296,472.581,109.535,-193.217,571.426,138.916,64.1146,67.6659,-290.457,-93.2279,859.229
417,0,539.991,15.3058,1188.66,349.833,120.049,1139.94,311.502,268.957,1129.98,388.165,-28.8581,1149.91,105.668,280.169,990.991,223.734,-58.9111,919.707,12.2596,258.88,810.252,278.316,32.7466,785.608,-9.80594,137.819,880.306,15.033,-136.332,900.044,89.7403,52.1159,472.946,119.692,-193.183,574.957,142.69,37.143,66.1044,-288.821,-128.38,843.953
418,0,542.723,20.9245,1200.33,353.534,124.588,1151.1,316.917,270.361,1133.26,390.152,-21.1848,1168.93,114.064,274.135,992.1,226.291,-74.8628,937.517,33.8571,236.191,806.759,277.7,-30.6583,794.419,-11.0156,133.635,878.964,16.0636,-132.122,901.655,42.2062,52.1486,491.044,193.555,-192.581,580.903,-280.126,107.564,784.892,92.0627,-167.196,190.623
419,0,542.836,-11.626,1214.34,353.651,97.1,1153.78,322.615,244.388,1134.21,384.688,-50.1877,1173.36,123.15,261.067,981.963,223.051,-85.4764,941.112,60.8348,238.403,799.179,275.196,-15.7161,798.633,-5.99302,135.456,879.617,10.9957,-134.072,900.859,98.0011,43.5324,491.063,129.952,-193.27,560.492,-30.7917,76.3938,289.474,-113.745,-85.8696,540.254
420,0,544.975,-2.74615,1212.02,352.885,103.595,1157.15,320.87,253.05,1141.19,384.901,-45.8608,1173.11,116.81,273.931,984.682,223.475,-85.6007,940.566,54.4778,283.635,802.199,276.632,-17.7319,799.001,-6.08479,137.671,880.66,11.135,-136.373,899.899,133.687,51.4966,494.213,133.477,-184.947,561.207,93.3942,48.1069,247.237,-128.09,-89.8601,640.703
421,0,544.783,-0.420006,1210.67,352.338,106.527,1159.1,319.622,256.896,1142.83,385.054,-43.8429,1175.37,116.219,274.233,985.848,224.974,-79.0492,941.208,59.6037,283.505,802.233,276.793,0.556024,799.065,-6.07557,139.067,880.98,11.1539,-137.945,899.562,145.07,58.5488,496.464,128.794,-182.046,556.447,147.611,46.1261,173.661,-144.594,-93.6305,718.464
422,0,545.186,-2.90421,1210.73,351.86,100.067,1162.08,318.558,252.717,1145.99,385.162,-52.584,1178.18,117.393,272.176,986.993,225.938,-83.3898,941.618,67.8098,283.241,802.327,276.894,7.81018,799.09,-6.08521,141.188,881.906,11.1973,-140.262,898.639,151.775,78.8415,503.705,141.207,-168.553,546.14,182.386,58.1923,158.513,-189.162,-93.1448,755.553
423,0,548.977,-23.8344,1214.33,353.639,80.0629,1166.96,321.949,234.177,1149.32,385.328,-74.0508,1184.6,128.29,265.176,985.617,226.354,-99.566,945.113,83.7397,282.563,797.809,277.474,1.18596,801.177,-5.62499,142.647,882.76,10.8249,-141.901,897.827,151.085,93.509,513.121,145.334,-162.031,548.066,192.208,84.4166,155.464,-223.615,-75.3917,736.378
424,0,552.306,-50.6052,1217.47,354.535,54.9143,1172.69,323.665,211.442,1158.73,385.406,-101.613,1186.64,129.166,247.804,986.389,227.177,-121.075,946.437,80.6599,267.373,799.522,278.847,-4.78423,803.778,-5.20695,143.452,884.41,10.4952,-142.892,896.245,148.932,102.94,516.178,161.649,-156.626,551.954,187.718,94.0446,160.982,-225.701,-77.7534,732.209
425,0,553.91,-51.5548,1217.33,354.671,54.8256,1176.78,322.876,212.43,1166.18,386.465,-102.779,1187.37,125.677,248.031,993.149,227.503,-130.142,947.51,72.1735,265.296,801.488,280.453,-19.4422,804.045,-5.51708,144.358,886.007,10.8699,-143.886,894.697,146.32,109.302,516.344,175.058,-151.407,553.407,193.173,96.8039,160.012,-238.348,-79.2315,737.8
426,0,557.026,-52.8391,1218.55,355.652,50.8072,1180.23,323.378,209.675,1173.36,387.926,-108.06,1187.1,122.835,248.88,1007.31,231.909,-123.965,948.167,62.4888,269.055,807.339,283.906,-10.7633,806.938,-5.48283,145.325,887.961,10.841,-145.046,892.808,144.465,134.748,522.179,175.228,-138.604,550.201,204.584,157.617,169.184,-245.281,-65.1699,729.07
427,0,557.903,-62.4502,1217.82,356.689,41.074,1183.46,323.16,199.174,1180.34,390.217,-117.026,1186.57,120.983,230.694,1014.02,232.553,-140.423,947.196,63.9945,241.934,807.968,284.266,-15.0338,807.173,-6.714,145.618,891.263,12.1129,-145.427,889.271,145.395,128.815,522.893,195.461,-134.748,551.521,217.35,146.491,168.442,-248.452,-38.7703,683.745
428,0,557.451,-64.8307,1220.62,354.323,38.5667,1186.88,316.574,194.438,1188.27,392.073,-117.304,1185.5,120.7,224.079,1017,232.04,-143.903,946.922,65.5689,235.239,808.458,284.124,-24.0462,807.902,-9.30199,145.631,894.461,14.6819,-145.459,886.037,145.802,133.003,521.83,213.375,-127.314,548.056,209.23,152.196,164.674,-237.718,-14.8615,640.782
429,0,557.285,-67.1161,1222.46,354.814,36.7983,1187.68,313.361,184.018,1190.68,396.266,-110.422,1184.69,120.031,214.914,1024.36,231.873,-145.323,947.392,65.0018,234.049,811.723,277.852,-45.8066,810.061,-12.3268,141.848,894.629,17.2867,-141.955,885.893,144.735,138.217,529.22,253.445,-98.8756,548.958,108.677,200.685,242.415,-26.187,60.7672,301.786
430,0,556.875,-77.0434,1227.22,353.92,28.0807,1188.11,311.469,171.073,1191.48,396.37,-114.912,1184.74,120.345,201.734,1026.57,231.553,-155.104,948.488,70.5119,222.323,812.05,270.483,-61.0738,812.843,-13.4567,138.981,894.677,18.217,-139.448,885.89,143.869,144.234,536.886,256.317,-90.6609,550.768,37.2407,206.067,289.543,72.7171,52.8831,208.967
431,0,556.681,-83.164,1232.56,352.824,21.2467,1190.24,309.807,159.07,1192.75,395.84,-116.577,1187.72,123.495,190.742,1027.37,226.432,-154.335,950.251,84.6178,211.776,813.714,264.898,-55.2886,818.188,-14.1788,135.867,894.594,18.8571,-136.4,886.036,123.301,153.046,536.374,266.083,-82.041,567.721,-246.212,237.627,512.778,109.976,75.3168,199.41
432,0,556.324,-84.6731,1232.69,352.021,16.965,1198.24,306.622,157.454,1207.21,397.419,-123.524,1189.26,122.797,201.038,1041.74,224.642,-155.955,950.495,105.378,252.332,834.457,265.156,-45.2056,820.893,-15.464,135.948,897.301,20.2244,-136.465,883.339,129.716,154.388,538.201,266.103,-86.694,573.839,114.615,206.883,387.613,-32.087,55.9763,384.845
433,0,552.757,-86.5104,1231.53,348.534,18.35,1199.89,299.502,155.506,1206.73,397.566,-118.806,1193.06,122.007,204.574,1041.16,222.463,-157.619,953.665,122.149,261.659,837.593,265.516,-56.2393,820.864,-18.0376,135.479,897.442,22.7685,-135.817,883.184,129.316,154.269,536.622,283.715,-85.527,579.906,175.212,193.636,277.228,-70.0214,61.8516,465.679
434,0,552.647,-78.7138,1231.75,348.633,23.3257,1200.63,294.995,160.332,1208.41,402.271,-113.68,1192.86,121.718,214.827,1041.18,223.39,-151.9,953.514,115.99,343.526,836.597,266.277,-48.0731,820.469,-20.4391,135.538,897.872,25.278,-135.835,882.793,129.344,164.542,535.126,293.665,-84.1306,584.27,197.129,210.116,247.493,-71.78,67.9858,497.228
435,0,547.266,-78.1301,1233.33,346.231,22.8541,1205.96,290.892,157.684,1215.26,401.569,-111.975,1196.66,121.159,221.918,1050.13,218.298,-152.416,956.629,127.471,367.362,852.592,265.627,-45.7923,820.939,-20.5696,135.463,898.727,25.4152,-135.624,882.041,129.639,163.225,534.664,291.68,-89.2654,589.597,184.771,216.783,211.172,-116.551,57.2174,510.69
436,0,537.546,-79.5926,1236.29,341.855,19.7449,1214.25,284.159,149.024,1225.9,399.551,-109.534,1202.6,120.575,225.125,1057.56,210.832,-150.614,960.641,150.27,385.818,865.112,261.067,-43.9564,825.466,-21.2251,134.056,899.086,26.0316,-133.977,881.707,129.856,159.17,534.975,302.304,-93.1348,601.325,176.004,207.327,184.31,-122.367,56.8642,475.564
437,0,533.636,-76.3163,1239.59,338.035,27.3313,1219.74,278.261,156.644,1232.91,397.81,-101.982,1206.57,120.178,251.076,1067.33,207.703,-151.002,962.368,145.382,419.373,881.044,254.413,-58.3242,825.869,-23.4442,133.157,899.012,28.137,-132.907,881.806,126.277,136.158,532.848,298.697,-96.168,602.905,174.35,145.727,150.584,-124.461,37.8774,446.634
438,0,527.765,-70.6666,1239.19,330.44,30.8457,1221.81,269.652,160.732,1233.78,391.229,-99.0402,1209.83,108.767,250.607,1068.58,199.225,-156.741,962.139,133.58,384.668,877.878,243.896,-75.5931,827.106,-26.2739,133.058,898.91,30.8096,-132.735,881.909,123.139,129.776,532.394,304.548,-91.1114,610.571,172.762,138.658,149.371,-133.545,29.7098,434.531
439,0,526.406,-62.9037,1241.2,328.686,34.2027,1223.68,268.659,163.791,1234.24,388.713,-95.3859,1213.12,105.481,249.388,1065.97,198.903,-155.556,962.772,126.591,373.127,872.688,244.397,-72.2109,828.272,-27.3727,132.549,898.627,31.9231,-132.253,882.197,120.379,113.658,528.922,304.046,-90.7779,611.562,170.786,106.064,135.624,-133.658,22.8055,412.66
440,0,525.8,-57.5095,1242.12,327.342,35.607,1223.85,267.611,164.131,1233.49,387.073,-92.9169,1214.2,101.15,246.612,1063.49,198.279,-152.877,962.382,123.333,343.009,869.431,245.138,-65.7766,827.889,-28.5956,132.539,898.292,33.1657,-132.234,882.533,115.808,107.091,523.041,305.306,-92.0827,613.288,170.447,100.303,128.088,-136.128,-6.65609,408.77
441,0,521.592,-48.7346,1243.61,324.054,39.4907,1227.07,263.587,164.626,1236.4,384.521,-85.6448,1217.75,94.3865,246.301,1065.31,196.522,-149.312,964.624,121.6,337.568,871.748,242.905,-63.5085,829.193,-29.0232,132.152,898.198,33.5909,-131.85,882.628,116.27,104.621,523.025,307.094,-93.2295,614.615,168.814,101.239,135.437,-135.264,-10.3993,397.424
442,0,520.024,-45.5593,1245.68,322.373,41.8536,1225.75,263.187,166.844,1233.81,381.559,-83.1363,1217.7,92.0666,239.546,1063.56,197.357,-146.633,964.249,119.13,301.173,869.691,241.581,-59.2151,832.104,-29.0942,132.1,897.282,33.6818,-131.809,883.476,118.322,98.3927,522.039,311.706,-94.1857,619.388,169.261,97.1034,136.791,-115.665,-9.9929,381.393
443,0,514.765,-35.7081,1245.22,318.162,49.3467,1225.3,259.558,172.87,1231.78,376.766,-74.177,1218.82,91.9532,234.085,1054.02,197.912,-137.175,963.957,117.2,284.789,851.061,236.682,-45.9546,832.566,-29.4892,131.839,895.629,34.0858,-131.584,885.012,120.011,92.445,521.632,314.419,-94.5138,622.45,168.143,76.7205,140.953,-80.0281,-14.4802,366.186
444,0,514.713,-32.6275,1247.69,317.165,53.4152,1224.87,258.702,180.239,1230.07,375.628,-73.409,1219.68,92.2235,230.986,1049.07,198.743,-132.632,963.865,115.127,265.558,844.402,237.529,-34.2106,832.811,-30.0255,131.858,894.489,34.6563,-131.626,886.123,120.623,89.9826,521.223,316.787,-93.7435,621.994,171.012,71.7275,141.648,-69.7096,-24.5045,365.68
445,0,509.408,-25.0339,1247.32,315.617,64.1611,1226.95,256.273,190.879,1229.04,374.962,-62.557,1224.85,92.6442,230.989,1041.91,199.375,-128.899,967.955,113.428,266.209,832.591,231.273,-35.3502,833.089,-31.1686,131.639,892.667,35.7745,-131.413,887.847,120.7,80.254,520.244,315.714,-94.1745,620.236,173.597,35.2875,143.91,-50.3486,-47.0009,348.345
446,0,507.419,-26.1412,1248.27,314.768,63.4138,1225.98,257.32,190.84,1227.53,372.216,-64.0127,1224.43,97.3265,217.977,1026.21,199.918,-132.17,967.844,116.005,237.123,810.934,228.27,-55.8719,832.982,-31.0967,131.216,891.766,35.7042,-130.989,888.678,122.858,72.0359,520.405,314.602,-94.1564,620.035,172.577,35.9245,145.535,-33.2134,-42.0167,331.749
447,0,499.509,-26.2737,1248.02,309.052,67.7874,1223.87,252.696,195.515,1222.89,365.408,-59.94,1224.86,97.4371,214.203,1015.03,199.477,-132.063,968.92,114.7,227.062,792.376,220.194,-59.8781,832.741,-32.245,131.045,890.28,36.8627,-130.854,890.242,122.513,59.9947,520.396,318.429,-94.895,622.566,172.132,-10.9313,146.46,-10.5669,-80.6906,329.099
448,0,490.139,-25.5857,1247.92,302.017,69.5241,1222.83,249.589,195.805,1221.04,354.445,-56.7567,1224.62,97.6774,207.7,1012.86,190.057,-131.256,968.547,118.33,224.308,799.264,206.556,-57.6705,838.544,-32.382,130.168,889.602,36.9854,-130.021,891.11,127.711,45.3691,520.616,321.313,-95.2044,637.705,102.169,-53.1717,161.451,-9.41788,-121.797,334.604
449,0,483.928,-21.3606,1247.84,298.693,76.2036,1218.41,248.123,202.391,1210.8,349.263,-49.9842,1226.03,97.6623,200.389,996.74,187.14,-133.257,969.292,117.095,193,782.672,201.894,-88.8325,838.024,-32.4373,130.049,887.385,37.0522,-129.885,893.617,130.009,37.9046,520.052,322.836,-102.061,642.614,110.916,-71.0931,161.113,-2.80752,-163.986,342.878
450,0,478.455,-19.0983,1247.75,292.119,80.8165,1216.39,246.598,203.511,1206.18,337.64,-41.878,1226.6,97.5506,193.511,995.844,174.115,-131.331,971.107,116.263,183.055,786.57,194.107,-83.0106,842.432,-32.2396,128.703,886.115,36.8688,-128.515,895.215,131.801,27.6377,521.641,319.727,-115.169,661.401,75.2771,-101.1,163.124,13.4999,-211.241,340.388
451,0,464.632,-7.84073,1248.69,284.262,91.0833,1214.15,240.385,207.544,1201.76,328.138,-25.3776,1226.53,96.6912,186.652,990.666,164.386,-123.467,970.91,115.635,171.969,791.681,186.255,-78.0107,848.278,-31.7781,127.262,884.874,36.4542,-126.993,896.767,145.232,14.419,521.72,314.354,-136.888,669.757,39.8694,-129.425,184.225,17.8653,-286.514,325.522
452,0,461.774,-4.50699,1248.52,281.548,94.2157,1213.65,236.632,210.971,1200.11,326.463,-22.5393,1227.19,93.6626,184.209,990.925,164.955,-123.615,971.006,114.081,158.711,794.882,187.452,-88.4193,847.986,-31.6921,126.28,884.267,36.3696,-125.945,897.549,144.675,12.3104,523.308,313.598,-137.786,667.78,33.4771,-124.812,183.806,29.5878,-249.483,315.239
453,0,454.574,-2.10633,1250.59,279.159,94.7182,1217.01,234.502,210.83,1200.31,323.816,-21.3937,1233.71,92.451,173.874,992.422,162.748,-118.36,973.956,115.608,136.272,809.185,187.539,-86.0561,865.602,-31.142,125.486,883.589,35.8801,-125.204,898.413,147.475,16.1711,530.456,311.896,-150.819,678.431,20.9496,-121.27,222.602,32.9049,-311.622,319.16
454,0,455.426,-1.80365,1250.65,280.169,96.251,1217.43,235.986,212.086,1199.6,324.351,-19.584,1235.27,93.624,177.807,994.313,161.194,-112.575,976.645,122.158,158.979,819.082,179.748,-72.4018,876.858,-31.0741,124.615,882.421,35.8189,-124.357,899.671,148.515,-9.48504,529.419,311.118,-146.555,678.291,43.585,-211.008,214.141,30.5797,-288.821,327.63
455,0,455.212,3.23271,1252.86,278.966,98.3249,1217.37,234.198,215.162,1199.62,323.734,-18.5123,1235.11,93.7111,180.853,994.123,159.78,-101.244,976.259,123.935,160.814,820.576,182.65,-43.4665,880.568,-31.0059,124.141,881.462,35.7524,-123.917,900.533,148.777,0.201767,522.367,310.372,-143.895,675.529,40.1543,-141.074,209.595,50.8308,-266.872,305.017
456,0,456.966,1.22047,1256.9,278.576,96.6632,1222.79,230.907,215.18,1204.45,326.244,-21.854,1241.13,93.6915,187.101,995.072,161.325,-103.086,977.973,123.554,164.79,820.237,185.844,-43.7253,876.396,-30.9492,124.168,881.172,35.6915,-123.947,900.738,152.22,17.835,526.372,304.323,-142.385,675.84,37.4821,-28.1952,225.887,79.8076,-256.73,270.33
457,0,458.459,3.79223,1261.25,279.461,97.6737,1224.11,231.77,218.895,1206.22,327.153,-23.5474,1242,94.3074,195.881,996.358,164.639,-104.316,977.707,119.4,171.109,820.16,186.463,-43.5891,873.308,-30.6759,124.192,880.898,35.3777,-123.977,900.981,159.675,23.4122,530.303,297.387,-141.272,680.574,40.5829,-9.57026,229.824,86.8305,-224.526,269.174
458,0,459.035,3.71868,1268.6,278.569,96.0969,1228.96,228.445,217.473,1213.93,328.692,-25.2795,1243.98,91.0001,197.687,1001.21,165.652,-95.9959,979.912,114.347,195.69,824.894,187.998,-5.83026,889.808,-30.6409,124.073,880.932,35.3332,-123.899,900.928,169.389,36.5108,552.195,296.868,-136.679,676.941,38.2658,7.14687,241.439,109.209,-187.166,243.468
459,0,456.824,5.48642,1268.57,277.301,96.6021,1230.11,226.395,216.919,1216.23,328.207,-23.7152,1243.99,91.1606,195.236,1008.61,167.225,-78.5645,979.21,120.18,189.194,879.112,189.805,27.7517,917.09,-30.6542,123.241,880.899,35.3448,-123.254,900.894,177.805,32.5308,551.807,296.699,-136.014,675.902,44.9825,-9.5075,233.616,109.145,-163.244,251.609
460,0,455.236,7.70619,1273.24,276.772,98.9379,1230.94,225.311,219.86,1217.12,328.234,-21.9844,1244.76,90.355,204.285,1008.69,168.24,-81.0975,978.863,119.298,208.934,870.708,191.034,16.5718,908.929,-30.6503,123.267,880.884,35.3275,-123.279,900.863,182.983,33.4966,551.791,293.194,-136.447,673.985,49.3987,-9.76855,229.074,113.618,-167.187,233.345
461,0,453.192,7.15268,1280.09,274.548,98.2775,1235.02,220.981,218.928,1221.82,328.115,-22.3733,1248.22,88.011,207.434,1014.27,168.96,-92.7405,983.062,112.235,225.603,853.821,191.836,-28.612,904.471,-31.0154,123.361,880.949,35.5986,-123.37,900.794,189.905,51.6251,557.231,293.274,-130.953,672.721,51.7233,16.0457,225.715,134.804,-165.742,221.571
462,0,451.987,6.80228,1281.06,273.767,97.6405,1238.01,218.811,218.709,1225.48,328.723,-23.4284,1250.54,86.8541,215.119,1019.71,171.959,-93.7397,985.765,105.469,251.112,853.345,191.736,-33.6326,903.595,-31.6225,123.379,881.014,36.0966,-123.387,900.706,191.194,63.1252,558.901,295.548,-121.582,671.817,53.4727,41.122,223.237,142.631,-140.403,212.599
463,0,450.188,-4.12793,1284.14,272.585,89.4989,1243.32,216.686,211.96,1231.88,328.483,-32.9624,1254.75,83.9748,215.111,1029.56,172.338,-105.213,993.224,97.9108,251.734,851.234,190.537,-43.98,898.312,-31.9167,123.399,881.398,36.2929,-123.405,900.216,194.097,68.9782,560.212,296.107,-110.739,666.911,55.5858,57.8689,222.785,165.101,-103.974,212.085
464,0,448.257,-7.77732,1287.74,270.557,82.5385,1246.12,212.246,206.205,1236.6,328.868,-41.1279,1255.65,76.7929,215.645,1040,176.911,-117.678,994.094,91.8085,259.384,849.047,193.013,-54.7118,892.455,-33.4318,123.435,881.924,37.5728,-123.443,899.658,192.881,102.939,562.345,308.863,-95.4358,665.483,57.3124,159.735,219.444,201.863,-76.1148,196.984
465,0,446.594,-9.10896,1293.62,267.531,77.3889,1247.65,206.042,200.114,1239.64,329.019,-45.336,1255.66,71.692,215.443,1044.33,185.76,-118.436,993.759,89.3634,261.942,847.505,196.048,-53.8194,887.535,-35.3625,123.359,882.563,39.2472,-123.384,898.929,190.308,125.529,564.803,312.717,-78.3036,660.605,57.5704,219.347,219.1,235.426,-35.5606,179.888
466,0,441.534,-14.8004,1296.7,265.802,69.3852,1249.41,203.635,192.564,1242.34,327.97,-53.7941,1256.48,70.657,213.897,1050.23,187.215,-131.173,994.785,86.2786,257.514,846.233,196.556,-76.1845,878.184,-35.9787,123.261,883.247,39.7404,-123.294,898.222,187.789,135.037,567.012,313.921,-76.2765,658.557,51.9595,241.739,218.494,260.062,-32.4647,168.269
467,0,439.73,-15.0329,1295.81,262.07,68.9515,1248.97,199.849,192.394,1241.87,324.291,-54.4911,1256.07,67.9635,214.008,1049.94,185.454,-137.924,994.492,85.488,257.991,845.608,196.861,-86.7068,876.574,-36.2138,123.275,883.733,39.9288,-123.315,897.762,188.856,139.301,572.272,312.459,-80.9679,655.916,52.2994,232.241,219.711,250.173,-54.697,167.149
468,0,438.275,-10.7786,1299.93,260.366,70.0211,1249.29,195.961,192.773,1242.55,324.772,-52.7313,1256.03,61.5351,216.945,1055.7,188.801,-134.2,994.11,77.8875,266.534,852.698,198.065,-79.6327,873.854,-37.1879,123.087,883.873,40.8112,-123.141,897.59,185.588,138.687,575.86,311.712,-81.5386,651.537,48.8853,223.8,222.513,278.565,-58.8548,160.733
469,0,437.269,-9.60716,1304.44,259.331,70.2423,1250.94,194.592,193.194,1243.72,324.071,-52.7095,1258.16,57.412,217.079,1056.32,188.698,-134.056,995.081,76.0712,263.574,853.484,202.775,-76.5701,873.512,-37.1684,123.111,883.971,40.791,-123.161,897.48,177.989,145.816,578.665,311.351,-83.7674,649.807,35.7807,236.847,231.665,301.373,-67.5169,163.525
470,0,434.689,-9.40328,1311.01,257.708,70.4162,1251.47,191.678,193.173,1243.72,323.738,-52.3404,1259.21,55.5076,216.982,1055.02,188.853,-133.411,995.544,76.7757,262.837,852.3,207.531,-73.8835,872.539,-37.5089,122.968,884.018,41.0823,-123.042,897.437,161.009,157.872,578.509,310.07,-80.7258,641.155,34.817,260.859,230.185,333.985,-59.5184,150.16
471,0,432.667,-25.246,1314.32,254.64,58.7919,1253.56,189.98,182.72,1246.11,319.301,-65.1359,1261.01,52.1855,211.612,1057.8,184.786,-149.674,996.865,76.0726,261.654,852.514,207.487,-101.52,872.416,-37.4705,122.958,884.455,41.0585,-123.031,897.035,160.211,155.079,578.34,305.815,-80.2894,639.207,29.0306,250.446,228.829,335.745,-59.3379,148.854
472,0,428.38,-24.6943,1316.38,250.335,60.0404,1253.92,184.481,183.785,1246.02,316.19,-63.7043,1261.81,51.6658,211.935,1056.26,184.803,-147.517,997.03,75.646,260.119,851.475,207.574,-94.3823,872.158,-37.576,122.947,884.532,41.1452,-123.022,896.961,158.88,152.524,578.859,300.232,-79.945,637.242,23.3035,238.624,228.364,354.097,-61.7355,150.15
473,0,426.776,-29.5822,1317.79,249.828,56.792,1258.04,185.829,183.28,1248.57,313.828,-69.6958,1267.5,52.4389,211.606,1055.76,183.554,-152.608,1000.91,75.6981,254.663,850.953,207.542,-105.76,872.098,-37.4336,123.065,884.586,40.9739,-123.137,896.921,149.183,150.138,577.862,298.728,-80.6551,635.824,23.1554,236.039,225.6,355.614,-63.0838,150.471
474,0,424.278,-28.7227,1322.58,247.074,57.5553,1258.87,182.778,183.686,1248.41,311.37,-68.5753,1269.34,51.9917,213.893,1054.93,183.478,-150.983,1004.71,76.0997,258.611,850.688,208.541,-99.4997,873.43,-37.4326,123.074,884.603,40.9727,-123.148,896.903,148.584,150.94,577.61,297.363,-81.6733,631.14,16.7273,233.685,225.14,365.433,-68.0027,150.271
475,0,422.288,-27.9906,1321.65,244.526,57.7877,1258.52,182.283,184.23,1248.05,306.769,-68.6545,1268.98,52.6887,213.886,1054.3,182.06,-151.059,1004.2,75.2945,256.065,849.538,208.505,-103.275,871.572,-37.4053,123.11,884.673,40.9297,-123.182,896.857,147.655,146.863,577.336,295.235,-82.4514,629.62,11.3856,220.198,224.045,371.319,-68.795,153.009
476,0,419.327,-25.8643,1322.43,240.925,59.4952,1259.43,176.803,186.524,1248.02,305.047,-67.534,1270.85,51.3304,216.114,1053.86,182.157,-149.183,1004.39,75.6596,255.666,845.304,209.357,-98.9856,869.605,-37.6267,123.236,884.703,41.1376,-123.319,896.838,143.976,149.074,578.24,292.26,-82.527,626.106,4.65661,218.395,224.883,379.682,-69.1029,153.392
477,0,413.443,-25.1935,1326.82,233.979,61.8974,1262.15,166.03,190.535,1248.51,301.928,-66.7399,1275.79,47.5255,222.049,1053.52,183.953,-148.095,1009.02,75.9794,261.949,844.261,214.877,-100.622,869.321,-38.881,123.458,884.722,42.3223,-123.557,896.822,143.845,151.647,579.318,289.399,-80.4807,619.133,-6.87941,213.812,227.631,399.711,-69.8002,154.813
478,0,407.297,-22.6523,1337.67,229.508,62.541,1264.84,158.043,191.293,1251.3,300.974,-66.2108,1278.38,45.2132,225.263,1053.97,185.411,-142.159,1011.28,77.4102,266.62,844.08,218.555,-97.0159,869.776,-40.6528,123.466,884.953,44.0354,-123.567,896.654,131.091,155.157,578.352,288.118,-77.1726,611.854,-19.1786,218.277,222.198,409.729,-68.8445,152.217
479,0,403.986,-22.9761,1343.73,228.161,61.2089,1268.01,155.756,189.686,1254.61,300.566,-67.2684,1281.42,45.1011,224.355,1054.2,187.326,-141.67,1015.15,78.6052,266.084,842.636,221.364,-95.7209,872.02,-41.2649,123.474,885.309,44.6543,-123.585,896.369,132.128,153.412,578.001,285.533,-77.295,609.21,-18.4115,213.881,221.99,411.214,-70.066,153.24
480,0,399.879,-22.7296,1343.35,226.348,61.9945,1268.88,155.533,189.809,1254.63,297.162,-65.8196,1283.12,45.8211,224.019,1053.35,187.27,-139.227,1016.04,81.5892,265.895,837.582,220.992,-94.2812,872.826,-41.232,123.254,885.21,44.626,-123.357,896.498,133.811,140.124,573.131,283.332,-77.5802,611.36,-17.7214,185.152,216.738,398.708,-72.3761,154.877
481,0,395.622,-31.1653,1344.91,222.263,59.431,1270.95,155.426,187.205,1256.82,289.101,-68.3432,1285.09,45.8171,223.075,1054.3,181.155,-146.755,1017.17,83.7401,265.203,838.431,220.765,-114.186,878.196,-41.041,123.26,885.339,44.4247,-123.361,896.426,135.025,139.419,573.065,280.034,-85.7529,612.776,-22.8916,183.668,217.978,398.419,-94.2207,155.511
482,0,395.073,-30.4496,1344.94,220.223,59.7965,1271.98,154.833,187.028,1257.5,285.612,-67.4347,1286.47,44.5286,222.343,1052.89,179.769,-142.625,1016.62,85.7458,264.434,837.22,221.366,-102.148,879.313,-39.4806,123.146,885.34,42.9458,-123.217,896.446,149.272,131.796,582.569,277.305,-93.664,625.542,-17.9899,135.638,234.068,323.965,-111.248,177.987
483,0,391.827,-29.7788,1349,217.415,56.6186,1276.25,147.604,182.577,1263.92,287.226,-69.3398,1288.57,42.8806,218.07,1057.81,184.427,-144.129,1016.3,90.1827,263.742,852.236,229.619,-101.238,884.741,-40.5389,123.366,886.995,44.0373,-123.515,894.975,149.46,162.889,603.633,277.442,-93.4404,625.279,-21.0115,188.996,273.859,406.192,-120.776,180.038
484,0,385.287,-29.5518,1346.96,215.687,61.8172,1277.05,148.723,183.799,1263.09,282.652,-60.1646,1291.01,64.1859,218.255,1054.76,184.853,-127.721,1013.2,154.146,259.481,863.145,229.773,-87.9947,877.449,-37.9453,123.213,886.223,41.5436,-123.284,895.888,177.119,135.678,601.157,273.846,-103.594,665.16,-18.2978,130.087,268.75,358.094,-137.458,199.117
485,0,382.406,-27.3614,1352.81,211.912,61.7309,1283.37,139.981,183.828,1271.92,283.843,-60.366,1294.82,58.3885,218.096,1065.11,192.837,-132.486,1014.73,141.178,259.093,871.27,236.836,-97.8506,881.141,-39.1566,123.463,887.515,42.7899,-123.557,894.757,176.436,152.623,613.275,284.058,-104.076,663.513,-22.4494,141.87,303.687,400.146,-168.599,198.089
486,0,378.408,-16.0105,1354.46,202.944,67.4955,1284.59,122.77,184.306,1271.64,283.118,-49.3146,1297.53,26.5406,218.098,1062.5,194.455,-120.542,1014.7,91.2327,261.354,854.747,235.832,-79.312,878.03,-39.1758,122.754,886.882,42.8293,-122.804,895.489,188.432,112.911,609.404,283.726,-107.55,678.609,11.7382,37.4267,289.093,293.706,-167.995,230.378
487,0,377.884,-15.0902,1370.13,198.491,60.5597,1297.46,113.723,172.273,1290.31,283.258,-51.1534,1304.6,24.1832,209.263,1078.62,199.505,-123.038,1020.63,91.2954,261.27,875.092,241.953,-79.4595,889.02,-44.2342,122.498,888.839,48.0233,-122.635,893.775,146.394,167.59,611.943,305.362,-100.521,672.441,-41.6142,187.057,322.198,347.969,-156.874,226.174
488,0,371.287,4.04421,1372.82,188.061,56.2223,1307.29,92.468,163.239,1303.34,283.653,-50.7947,1311.23,-9.51655,175.313,1078.49,219.964,-128.103,1026.74,38.4252,219.632,870.752,256.597,-87.4585,892.511,-51.7879,120.416,891.596,55.773,-120.885,891.29,112.404,203.12,623.679,323.186,-97.8379,670.795,-50.2225,280.951,366.965,382.077,-149.892,224.616
489,0,360.984,4.23417,1391.5,184.924,55.2376,1313.91,85.9562,162.292,1310.99,283.893,-51.817,1316.82,-18.9558,170.567,1080.05,223.417,-134.465,1041.38,11.376,207.201,864.265,257.285,-95.0877,904.08,-53.766,119.935,891.694,57.651,-120.47,891.242,102.361,192.375,613.712,331.192,-95.6463,679.146,-52.2146,276.257,361.549,390.308,-132.99,224.845
490,0,356.826,3.83615,1411.57,181.809,44.6824,1319.47,83.1435,154.728,1318.78,280.475,-65.3635,1320.16,-18.0726,156.272,1085.58,222.153,-155.517,1049.33,0.165079,179.051,860.529,257.737,-118.82,907.846,-54.519,119.951,893.64,58.4355,-120.483,889.53,80.4583,230.727,621.473,338.818,-91.0535,678.526,-69.8899,391.971,425.52,393.257,-106.708,227.637
491,0,367.502,-119.289,1379.41,209.147,-1.51642,1302.45,147.919,98.1838,1312.13,270.374,-101.217,1292.78,196.548,107.425,1129.34,218.842,-154.221,1019.87,281.959,80.7961,981.835,255.351,-117.301,902.054,-47.5322,112.764,897.395,51.7277,-113.608,886.273,-47.5043,151.811,555.883,277.588,-90.7588,649.414,-238.611,247.916,205.017,382.514,-34.4258,185.815
492,0,330.279,-181.954,1342.5,172.639,-10.4983,1294.81,229.103,52.4514,1250.56,116.174,-73.448,1339.05,195.718,76.0168,1024.96,-69.1718,-111.134,1099.28,208.223,58.2349,799.877,-48.2755,-118.772,935.123,56.433,84.3481,893.939,-52.4481,-83.5883,888.301,273.516,-53.8722,575.66,-128.412,-122.81,648.973,484.667,-40.018,190.294,-269.941,-5.44238,220.078
493,0,300.818,-314.477,1304.3,169.53,-81.4005,1274,258.18,-60.5646,1207.06,80.88,-102.236,1340.94,195.242,-15.834,986.845,-90.3204,-114.173,1095.52,170.205,-8.55927,749.341,-112.449,-131.026,916.633,83.897,68.3506,890.192,-80.0342,-67.6502,891.653,290.65,-76.9883,573.054,-160.783,-149.887,647.89,486.593,-72.1987,180.563,-260.374,-31.6298,218.394
494,0,310.62,-339.291,1294.54,166.94,-128.843,1269.98,264.866,-107.924,1202.73,69.0138,-149.762,1337.24,194.822,-71.516,985.631,-105.853,-154.619,1091.62,154.924,-74.5175,753.335,-111.744,-189.794,909.635,92.0123,62.7987,888.997,-88.1954,-62.1769,892.675,300.292,-96.0571,574.659,-151.466,-157.39,641.711,479.49,-64.2944,187.803,-267.737,-41.6641,212.686
495,0,316.929,-348.091,1300.76,170.927,-161.801,1270.19,274.04,-146.503,1205.25,67.8143,-177.099,1335.12,216.922,-108.219,991.745,-107.681,-184.505,1090.91,156.692,-106.661,747.686,-119.752,-208.702,903.234,93.048,56.7231,883.206,-89.0588,-55.8511,899.146,200.74,-19.6452,513.303,-147.656,-149.694,628.826,436.789,39.7322,138.713,-276.995,-39.8161,196.986
496,0,319.616,-351.325,1305.56,170.88,-182.863,1278.67,273.333,-154.899,1214.9,68.4277,-210.828,1342.44,221.507,-114.678,1002.14,-96.2644,-239.211,1110.28,158.855,-100.758,763.417,-114.954,-250.665,906.463,88.962,56.552,881.3,-85.1487,-55.9015,901.453,107.211,7.59499,482.009,-134.731,-89.0697,598.313,326.209,153.373,110.412,-287.09,11.7219,177.988
497,0,325.144,-365.465,1302.03,173.822,-202.594,1277.17,276.548,-170.064,1215.43,71.0966,-235.124,1338.92,214.515,-130.415,1001.83,-100.717,-263.529,1102.61,157.616,-108.864,757.361,-113.844,-264.844,905.3,87.7611,57.6715,879.923,-83.8317,-57.3307,903.2,78.5072,25.6254,476.243,-127.454,-82.8965,582.929,260.633,184.364,103.745,-274.738,-4.38463,154.148
498,0,322.74,-348.266,1305.79,172.098,-188.473,1281.58,273.281,-160.188,1219.75,70.9158,-216.758,1343.41,210.02,-126.173,1007.2,-94.4449,-244.851,1112.74,152.708,-112.939,765.732,-115.646,-242.368,906.007,86.8077,55.3576,878.64,-82.9201,-55.1716,904.638,71.2648,33.4722,472.562,-134.172,-59.1299,581.062,213.143,177.63,94.1996,-282.589,20.9147,156.594
499,0,320.842,-382.382,1305.33,171.165,-206.838,1277.32,276.106,-184.529,1213.96,66.2244,-229.147,1340.68,216.295,-145.931,1004.82,-101.593,-251.973,1107.24,153.232,-131.055,761.581,-117.814,-256.581,901.953,87.5482,53.4975,877.471,-83.6582,-53.3372,905.929,73.0373,42.2891,458.366,-127.825,-56.8797,571.956,185.148,175.998,91.2484,-270.411,11.2797,136.44
500,0,320.719,-366.888,1307,173.563,-193.252,1280.26,274.911,-165.312,1217.11,72.2145,-221.192,1343.4,212.635,-125.415,1008.18,-91.9232,-243.685,1114.83,153.567,-113.151,762.972,-110.466,-247.777,902.165,86.1013,54.0799,876.627,-82.2198,-53.9683,906.859,83.6194,44.9793,453.769,-122.328,-49.7633,565.347,176.075,172.984,90.3314,-252.846,14.8821,133.739
501,0,323.3,-363.433,1309.09,178.521,-193.454,1280.44,277.187,-155.423,1218.46,79.8541,-231.485,1342.41,207.733,-114.381,1010.24,-92.7093,-254.634,1112.57,153.159,-102.592,760.76,-109.318,-261.87,902.015,84.463,56.9367,875.975,-80.562,-56.8412,907.573,90.1914,47.8758,444.541,-124.515,-45.8228,559.009,180.546,170.209,69.1438,-249.029,18.1801,127.969
502,0,325.048,-346.741,1316.32,178.089,-184.023,1282.81,274.562,-140.033,1219.49,81.6158,-228.013,1346.13,202.344,-98.4531,1012.18,-88.6641,-254.25,1118.99,152.269,-83.1117,765.432,-107.05,-257.759,906.931,82.0875,58.8754,875.762,-78.2275,-58.7871,907.758,87.5214,50.4028,450.244,-118.702,-34.9155,563.976,186.189,169.239,85.2704,-260.472,52.2695,129.649
503,0,326.276,-348.676,1317,176.507,-184.71,1281.97,274.089,-146.303,1219.48,78.9245,-223.118,1344.45,201.898,-107.855,1012.91,-93.6544,-249.244,1115.65,151.267,-89.3115,763.121,-109.587,-251.127,906.528,82.9659,58.5203,875.686,-79.0652,-58.4772,907.882,79.7442,52.7594,456.593,-122.566,-38.3167,567.163,177.986,168.468,87.639,-259.998,50.5897,136.24
504,0,325.97,-354.844,1317.23,175.667,-189.206,1281.79,273.084,-150.29,1220.21,78.2495,-228.123,1343.37,201.999,-112.315,1013.83,-93.0664,-253.188,1113.22,150.131,-99.2715,763.716,-111.165,-257.852,906.029,82.7516,59.6432,875.522,-78.8323,-59.6031,908.067,84.9736,54.6078,451.565,-124.404,-39.1591,564.51,181.456,165.798,78.993,-255.186,38.0652,135.119
505,0,324.713,-351.406,1317.44,174.508,-186.755,1281.96,271.557,-148.321,1221.23,77.4579,-225.19,1342.69,201.797,-110.2,1014.88,-91.4718,-249.196,1111.99,149.359,-97.135,764.537,-113.745,-250.625,905.844,82.337,60.1141,875.471,-78.3686,-60.0965,908.137,86.1609,52.8842,454.175,-124.036,-34.9216,564.296,184.417,141.538,81.7782,-252.538,34.0728,136.536
