Frame,Sub Frame,head,,,chest,,,leftshoulder,,,rightshoulder,,,leftelbow,,,rightelbow,,,lefthand,,,righthand,,,lefthip,,,righthip,,,leftknee,,,rightknee,,,leftfoot,,,rightfoot,,
,,TX,TY,TZ,TX,TY,TZ,TX,TY,TZ,TX,TY,TZ,TX,TY,TZ,TX,TY,TZ,TX,TY,TZ,TX,TY,TZ,TX,TY,TZ,TX,TY,TZ,TX,TY,TZ,TX,TY,TZ,TX,TY,TZ,TX,TY,TZ
Frames,Frames,mm,mm,mm,mm,mm,mm,mm,mm,mm,mm,mm,mm,mm,mm,mm,mm,mm,mm,mm,mm,mm,mm,mm,mm,mm,mm,mm,mm,mm,mm,mm,mm,mm,mm,mm,mm,mm,mm,mm,mm,mm,mm
1,0,84.542,-538.620,-476.146,136.904,-398.665,-199.779,240.712,-380.849,-143.625,33.096,-416.481,-255.933,270.788,-161.696,-96.674,99.687,-98.403,-312.258,301.805,85.407,-60.882,112.460,95.261,-363.895,74.636,8.674,93.824,-72.315,-13.965,-92.606,207.772,394.709,-8.053,11.942,303.059,-242.464,121.450,749.058,69.990,-182.639,694.761,-193.753
2,0,93.132,-537.319,-473.276,153.980,-397.521,-196.979,255.847,-379.115,-141.392,52.114,-415.927,-252.567,292.420,-162.398,-97.609,103.620,-101.716,-311.920,320.860,83.759,-80.583,126.133,83.662,-365.886,74.640,8.687,93.821,-72.257,-13.966,-92.523,207.797,394.184,-7.655,11.539,310.720,-232.838,125.051,748.747,85.473,-183.305,690.923,-176.971
3,0,107.018,-534.459,-473.257,168.399,-393.384,-197.895,269.671,-373.446,-144.056,67.127,-413.323,-251.734,306.370,-159.962,-110.565,108.284,-105.851,-311.334,340.503,84.742,-110.558,140.638,66.428,-369.268,74.879,8.678,93.634,-72.306,-13.929,-92.064,207.801,393.579,3.112,11.877,310.543,-237.913,132.756,747.510,145.394,-185.172,676.609,-172.506
4,0,115.101,-533.278,-471.847,173.873,-391.855,-196.978,275.541,-371.091,-144.319,72.205,-412.619,-249.637,313.447,-159.735,-113.130,111.693,-108.237,-308.372,349.565,84.513,-117.110,145.126,61.027,-368.858,75.119,8.679,93.320,-72.357,-13.904,-91.507,206.264,393.515,4.998,10.050,312.742,-236.734,135.891,748.582,143.951,-189.459,677.155,-161.384
5,0,113.616,-533.316,-469.598,174.039,-390.658,-196.417,276.361,-368.678,-145.476,71.716,-412.639,-247.358,312.293,-159.110,-120.159,112.972,-112.073,-306.315,347.572,84.473,-126.639,149.285,57.181,-368.781,75.356,8.737,92.842,-72.444,-13.934,-90.833,204.957,392.521,5.239,9.825,311.294,-238.547,135.445,747.946,141.743,-191.490,673.868,-164.072
6,0,113.141,-534.273,-464.178,173.881,-390.707,-194.935,276.451,-368.683,-145.128,71.312,-412.730,-244.743,313.451,-158.812,-120.287,112.825,-114.265,-303.838,347.235,84.184,-125.361,149.664,56.709,-366.878,75.545,8.743,92.724,-72.511,-13.934,-90.635,204.365,391.216,6.703,9.822,309.017,-243.040,135.327,746.023,141.093,-192.165,670.891,-169.567
7,0,112.046,-534.579,-464.241,173.385,-390.397,-195.420,276.149,-368.184,-146.311,70.621,-412.611,-244.529,313.709,-157.390,-122.454,112.639,-114.017,-303.302,348.395,85.068,-127.958,148.816,58.233,-366.848,75.652,8.740,92.364,-72.545,-13.912,-90.165,202.907,391.283,11.654,9.832,309.507,-242.759,135.896,746.447,154.843,-193.026,671.122,-164.529
8,0,111.617,-534.479,-464.008,174.100,-389.926,-195.231,276.424,-367.445,-146.348,71.776,-412.406,-244.114,314.774,-156.371,-123.584,113.577,-114.247,-303.041,347.364,85.058,-127.021,148.659,59.040,-366.661,75.719,8.745,92.341,-72.562,-13.913,-90.115,202.975,390.381,12.962,10.210,306.683,-246.818,136.537,743.651,154.232,-192.940,668.484,-174.517
9,0,112.636,-534.580,-464.153,173.850,-389.413,-195.837,276.430,-366.876,-147.491,71.269,-411.950,-244.183,315.871,-156.193,-123.186,113.418,-114.082,-302.817,349.356,85.081,-123.884,147.922,59.803,-365.933,75.754,8.722,92.120,-72.569,-13.869,-89.839,202.691,390.371,10.665,10.493,307.586,-244.125,136.560,745.913,149.641,-192.873,668.942,-168.635
10,0,113.781,-534.604,-464.240,173.671,-389.395,-195.905,276.078,-366.963,-147.288,71.264,-411.827,-244.523,315.725,-155.966,-122.784,113.577,-113.950,-303.066,349.717,84.932,-122.242,148.099,60.334,-365.896,75.766,8.696,92.159,-72.558,-13.821,-89.861,202.778,390.333,10.352,12.265,307.558,-244.430,136.724,745.877,146.522,-192.429,668.418,-169.055
11,0,113.925,-535.388,-464.151,173.315,-390.239,-195.314,275.617,-368.567,-146.031,71.012,-411.911,-244.596,315.036,-156.730,-121.025,113.462,-114.694,-304.017,349.781,84.631,-120.990,147.908,60.447,-367.185,75.742,8.528,92.412,-72.471,-13.569,-90.050,203.454,390.325,17.401,14.728,307.442,-246.997,137.190,745.523,170.137,-192.366,665.741,-168.462
12,0,113.613,-535.435,-464.233,172.947,-390.215,-194.513,275.256,-368.593,-144.495,70.637,-411.836,-244.532,314.522,-156.735,-115.679,113.101,-114.764,-303.630,350.292,84.598,-112.566,147.542,60.434,-366.084,75.731,8.513,92.482,-72.427,-13.539,-90.102,203.598,390.273,16.772,18.119,307.451,-247.115,137.180,745.639,162.890,-192.275,666.254,-168.623
13,0,114.142,-538.755,-462.219,172.846,-391.704,-192.546,274.698,-370.436,-140.509,70.994,-412.972,-244.583,314.239,-156.993,-111.040,113.012,-118.197,-304.284,350.309,84.487,-108.622,147.422,56.869,-366.369,75.634,8.388,92.931,-72.272,-13.397,-90.495,203.615,390.214,19.556,18.772,307.106,-250.469,137.685,745.183,164.260,-191.824,665.314,-170.897
14,0,113.825,-540.109,-462.163,172.649,-391.606,-191.843,274.523,-370.447,-139.252,70.775,-412.765,-244.434,313.954,-156.999,-110.804,112.970,-118.260,-304.011,350.117,84.160,-108.804,147.236,56.475,-365.823,75.551,8.280,93.033,-72.142,-13.263,-90.587,205.873,386.986,14.605,24.846,305.964,-252.561,138.772,743.266,157.879,-191.083,663.440,-171.035
15,0,113.278,-540.801,-462.225,171.801,-391.591,-192.135,273.180,-370.606,-139.445,70.422,-412.576,-244.825,312.364,-157.347,-113.550,112.864,-118.172,-305.058,349.626,82.573,-114.706,147.153,56.765,-367.115,75.544,8.119,93.110,-72.119,-13.102,-90.651,205.889,386.749,18.549,26.256,306.013,-252.741,139.322,742.229,167.534,-190.479,663.323,-171.273
16,0,111.696,-541.685,-462.288,170.589,-391.632,-192.201,271.665,-370.818,-139.410,69.514,-412.445,-244.992,311.805,-157.362,-114.292,112.312,-118.218,-305.987,349.479,82.547,-117.750,147.019,56.990,-368.166,75.497,7.938,93.160,-72.046,-12.915,-90.690,206.726,386.119,18.178,29.318,305.849,-253.098,140.204,741.702,164.435,-189.113,662.542,-171.427
17,0,109.724,-545.444,-461.480,169.342,-393.004,-191.435,269.295,-372.847,-137.855,69.389,-413.160,-245.015,308.395,-158.317,-114.276,112.123,-120.382,-306.740,348.700,80.876,-117.956,145.803,54.956,-369.343,75.155,7.826,93.504,-71.639,-12.780,-91.015,206.711,385.616,26.971,31.743,305.853,-253.659,140.612,739.625,184.486,-188.304,659.010,-170.302
18,0,109.003,-545.978,-461.393,168.496,-393.777,-189.829,268.094,-374.195,-134.612,68.898,-413.359,-245.046,308.009,-159.080,-107.851,111.032,-121.776,-306.896,348.605,80.443,-108.520,144.864,53.085,-369.746,74.887,7.728,93.845,-71.334,-12.691,-91.346,206.768,385.638,26.657,32.800,306.428,-252.757,141.260,740.328,182.279,-187.428,659.321,-169.563
19,0,108.235,-547.850,-461.432,167.140,-394.186,-190.237,266.130,-374.949,-134.689,68.151,-413.424,-245.786,306.412,-159.244,-107.152,110.218,-122.161,-307.697,348.509,79.917,-105.491,144.157,53.251,-371.269,74.714,7.512,93.972,-71.135,-12.476,-91.455,206.036,385.553,35.226,35.412,307.911,-252.417,141.687,738.953,198.418,-186.118,658.894,-163.530
20,0,107.416,-549.129,-461.393,166.920,-394.502,-188.874,265.790,-374.983,-132.040,68.049,-414.021,-245.708,305.996,-158.586,-101.811,109.699,-123.675,-307.453,348.478,79.932,-96.558,143.199,52.045,-371.438,74.604,7.497,94.272,-71.016,-12.460,-91.736,206.459,385.540,36.367,39.941,307.898,-254.464,145.019,738.914,199.989,-185.058,658.311,-163.442
21,0,107.034,-550.815,-461.048,166.051,-396.099,-187.665,264.407,-377.547,-129.582,67.696,-414.650,-245.748,305.031,-159.425,-96.998,108.309,-124.285,-307.454,348.388,78.428,-89.723,142.382,51.823,-371.221,74.340,7.351,94.830,-70.713,-12.307,-92.266,206.461,384.950,35.691,45.676,307.942,-254.736,144.944,738.132,196.322,-184.095,657.067,-163.408
22,0,106.884,-555.039,-460.101,165.328,-397.612,-186.087,263.633,-379.100,-127.042,67.024,-416.125,-245.132,305.003,-160.453,-94.549,108.117,-126.024,-306.354,348.669,76.222,-88.944,142.234,49.750,-370.008,74.176,7.309,95.012,-70.533,-12.261,-92.441,206.641,384.946,35.887,47.605,308.467,-254.597,145.208,738.457,195.635,-182.527,657.221,-161.838
23,0,106.075,-558.548,-458.934,164.517,-399.164,-184.522,263.315,-381.023,-125.189,65.719,-417.304,-243.855,307.142,-162.401,-93.708,107.977,-126.184,-304.950,351.698,72.838,-89.673,142.049,48.721,-367.832,73.963,7.277,95.185,-70.285,-12.220,-92.634,206.544,384.665,35.238,50.438,309.099,-252.279,146.033,739.788,192.548,-181.545,658.457,-161.604
24,0,104.731,-561.384,-453.578,163.434,-402.138,-179.015,262.269,-384.680,-118.565,64.600,-419.597,-239.465,308.633,-166.409,-88.392,107.768,-128.314,-300.433,355.573,67.384,-87.487,141.993,43.803,-361.529,73.576,7.228,95.644,-69.840,-12.157,-93.128,207.535,383.200,31.938,51.799,309.051,-252.035,146.279,739.904,182.174,-181.451,658.722,-163.252
25,0,104.644,-563.605,-451.630,163.129,-404.187,-175.837,262.041,-387.024,-115.006,64.216,-421.349,-236.667,310.543,-168.508,-83.679,107.749,-129.207,-296.283,359.066,65.914,-83.762,141.800,42.902,-356.005,73.273,7.211,95.875,-69.501,-12.136,-93.381,208.680,383.214,31.563,53.860,309.116,-251.346,148.078,742.693,181.664,-180.760,658.803,-161.527
26,0,103.672,-567.887,-447.334,162.347,-406.180,-172.741,261.082,-388.721,-110.717,63.611,-423.639,-234.765,311.750,-169.320,-74.488,107.741,-130.328,-293.351,363.238,65.693,-70.626,142.029,41.802,-352.195,72.754,7.183,96.285,-68.937,-12.087,-93.808,208.660,383.304,32.203,54.160,310.465,-248.975,148.084,744.240,181.951,-179.976,661.067,-160.030
27,0,103.463,-571.839,-441.674,161.925,-408.062,-169.347,260.604,-389.756,-106.104,63.246,-426.367,-232.589,314.831,-171.025,-69.005,108.455,-132.917,-290.775,369.780,64.485,-64.124,143.126,39.739,-346.968,72.393,7.169,96.622,-68.554,-12.067,-94.186,209.411,383.296,26.020,56.677,310.532,-247.878,150.280,748.933,162.701,-178.314,663.173,-159.901
28,0,102.631,-573.857,-440.195,160.198,-409.180,-168.497,259.004,-390.110,-105.535,61.391,-428.251,-231.460,314.752,-170.901,-67.907,108.471,-134.305,-289.572,369.060,64.685,-61.351,143.737,37.864,-346.740,72.184,7.148,96.770,-68.350,-12.038,-94.336,211.587,383.314,25.905,62.173,310.604,-245.784,151.162,748.921,163.412,-175.651,663.417,-155.232
29,0,102.734,-577.064,-437.220,159.940,-410.265,-166.333,258.723,-390.276,-102.590,61.157,-430.253,-230.077,314.634,-170.824,-63.485,109.286,-136.272,-288.512,369.487,64.806,-53.236,146.107,36.311,-345.427,72.030,7.139,97.150,-68.212,-12.023,-94.743,214.476,383.300,22.247,65.505,310.128,-245.066,153.768,749.630,156.022,-172.182,664.123,-154.390
30,0,102.055,-581.702,-429.684,159.033,-415.267,-160.496,257.898,-394.215,-95.958,60.169,-436.318,-225.034,315.425,-175.704,-53.552,109.034,-142.642,-283.757,375.200,62.185,-39.484,146.458,31.864,-338.165,71.751,7.134,97.462,-67.921,-12.008,-95.070,216.437,383.288,22.167,67.023,310.002,-243.669,154.023,749.627,154.609,-171.608,665.071,-154.191
31,0,101.875,-587.370,-420.532,157.597,-418.400,-155.590,256.422,-395.622,-89.667,58.773,-441.178,-221.513,315.364,-176.452,-45.505,109.006,-145.552,-280.641,375.731,61.374,-28.627,146.482,30.676,-333.415,71.474,7.165,98.204,-67.661,-12.013,-95.863,219.230,383.127,22.015,69.836,307.684,-243.499,154.058,749.641,154.502,-170.639,665.288,-153.368
32,0,101.004,-590.442,-415.860,155.973,-422.565,-150.912,254.480,-399.022,-84.164,57.466,-446.108,-217.661,315.178,-178.348,-37.269,108.232,-149.917,-278.281,377.444,60.441,-16.998,146.445,28.877,-331.593,71.265,7.179,98.857,-67.455,-12.007,-96.550,222.344,383.119,34.158,70.321,305.813,-244.837,155.431,749.322,171.275,-169.958,665.293,-153.505
33,0,100.973,-594.338,-403.715,154.912,-426.272,-142.916,252.559,-401.958,-73.350,57.264,-450.586,-212.482,315.082,-182.396,-25.092,108.168,-155.037,-277.445,380.556,57.499,-2.007,146.501,25.853,-331.965,70.369,7.173,99.815,-66.588,-11.990,-97.538,223.280,383.055,33.618,72.675,306.332,-241.116,157.031,749.312,168.663,-169.160,668.274,-152.074
34,0,99.201,-595.944,-400.920,153.463,-428.252,-140.507,251.221,-403.615,-71.682,55.705,-452.889,-209.332,314.954,-183.873,-25.742,106.934,-156.940,-275.768,380.580,55.612,-5.018,146.510,23.799,-332.182,70.175,7.174,100.208,-66.415,-11.983,-97.932,225.473,382.840,33.227,72.899,306.273,-240.621,157.313,748.789,167.178,-168.820,669.106,-152.068
35,0,99.060,-595.436,-403.958,153.483,-427.967,-142.066,251.265,-403.253,-73.963,55.700,-452.681,-210.170,315.096,-183.639,-28.116,107.694,-157.124,-276.109,382.615,55.636,-7.231,149.975,23.159,-332.756,70.047,7.188,100.474,-66.306,-11.988,-98.213,226.877,382.714,35.527,77.839,306.779,-239.557,159.879,748.761,173.731,-164.410,669.278,-147.501
36,0,99.122,-596.916,-399.902,153.192,-428.568,-140.510,251.155,-403.177,-72.665,55.228,-453.958,-208.355,315.095,-183.630,-23.449,107.099,-159.403,-274.743,384.869,55.717,4.877,150.652,22.234,-332.138,69.964,7.199,100.731,-66.234,-11.991,-98.468,228.626,382.677,28.541,82.049,303.514,-241.314,160.313,748.692,156.753,-163.011,668.868,-148.706
37,0,98.934,-597.389,-399.757,152.529,-428.823,-140.454,250.306,-403.159,-72.321,54.752,-454.486,-208.587,315.097,-183.440,-23.514,108.547,-160.910,-274.681,384.514,55.835,5.420,152.269,21.183,-329.802,69.745,7.206,101.068,-66.026,-11.993,-98.836,228.951,382.217,28.812,86.317,300.030,-242.526,160.213,748.200,157.203,-161.828,667.016,-149.361
38,0,98.850,-597.671,-398.677,151.488,-430.151,-138.237,248.327,-404.321,-67.872,54.648,-455.981,-208.601,315.134,-183.464,-19.456,110.188,-163.234,-276.105,386.101,55.956,7.216,154.724,18.576,-330.766,69.129,7.209,101.667,-65.417,-11.991,-99.455,228.774,381.957,30.094,86.099,297.521,-243.095,160.745,748.164,157.608,-161.546,666.087,-155.625
39,0,98.771,-598.673,-392.411,150.554,-431.661,-129.429,246.960,-405.566,-56.736,54.148,-457.756,-202.122,315.088,-183.650,-6.934,110.275,-164.530,-272.199,387.835,55.933,18.902,154.992,16.654,-325.077,68.714,7.328,102.039,-65.016,-12.086,-99.854,228.342,382.004,30.056,85.418,295.635,-242.760,160.680,748.866,152.468,-161.417,665.685,-156.212
40,0,98.458,-600.089,-387.868,149.912,-433.002,-125.515,246.009,-406.921,-52.229,53.814,-459.083,-198.800,315.090,-184.237,-0.605,110.257,-165.542,-270.045,389.746,55.333,27.066,155.864,14.449,-323.242,68.252,7.402,102.501,-64.559,-12.142,-100.338,227.726,381.893,26.703,85.368,294.177,-243.041,160.563,750.771,138.491,-161.304,665.208,-157.043
41,0,97.736,-601.582,-385.344,149.080,-434.674,-122.104,245.065,-408.855,-48.773,53.095,-460.493,-195.435,315.070,-186.122,4.873,110.162,-166.553,-265.299,390.707,53.232,34.208,158.274,12.169,-318.455,67.973,7.480,102.906,-64.293,-12.206,-100.757,227.647,381.801,21.956,85.295,292.709,-243.035,160.514,751.266,131.393,-161.474,663.711,-157.046
42,0,96.852,-607.554,-379.169,147.951,-436.912,-118.129,243.867,-410.129,-43.931,52.034,-463.695,-192.328,315.056,-187.062,8.774,110.153,-170.770,-264.964,392.178,51.954,37.340,162.064,6.468,-319.302,67.735,7.514,103.250,-64.077,-12.233,-101.097,227.342,381.815,23.441,86.727,292.553,-242.334,160.602,751.476,133.537,-161.538,661.789,-155.481
43,0,96.261,-612.814,-372.924,147.204,-438.815,-114.318,243.344,-411.190,-40.100,51.064,-466.440,-188.536,314.959,-187.784,12.011,110.136,-173.356,-262.489,393.557,50.727,41.033,165.067,0.762,-319.326,67.668,7.563,103.617,-64.022,-12.276,-101.461,227.274,381.732,25.132,88.538,291.228,-242.748,160.810,751.471,134.698,-161.514,659.527,-155.461
44,0,96.019,-616.649,-370.385,145.893,-439.870,-112.210,243.103,-411.754,-38.513,48.682,-467.986,-185.907,316.346,-189.216,13.147,109.702,-174.937,-260.989,400.232,50.224,41.171,165.800,-3.762,-319.255,67.638,7.654,103.659,-63.998,-12.351,-101.498,221.865,383.193,26.173,89.401,293.141,-237.948,160.996,755.451,136.489,-161.312,659.573,-152.140
45,0,95.221,-621.363,-367.477,143.201,-442.083,-111.290,242.182,-413.660,-37.670,44.221,-470.507,-184.910,316.319,-191.051,11.698,102.365,-180.299,-262.549,402.775,49.180,38.099,165.541,-12.697,-331.398,67.680,7.681,103.778,-64.040,-12.391,-101.597,216.361,384.413,40.301,89.536,291.218,-244.427,161.511,757.818,148.715,-161.648,657.554,-161.478
46,0,95.270,-622.308,-364.546,142.059,-444.351,-107.968,242.145,-415.268,-33.050,41.972,-473.435,-182.885,317.354,-192.356,13.799,99.816,-186.225,-266.423,408.981,47.601,36.884,166.432,-23.214,-346.349,67.741,7.783,103.919,-64.097,-12.496,-101.708,213.964,388.141,45.932,90.025,290.504,-244.167,164.607,762.900,151.815,-161.837,657.487,-162.198
47,0,96.388,-628.647,-350.161,140.289,-449.401,-97.623,242.249,-418.299,-21.233,38.328,-480.503,-174.013,317.614,-194.253,23.136,91.495,-197.262,-266.533,413.662,44.548,41.145,167.143,-37.982,-352.458,68.260,7.865,104.148,-64.601,-12.576,-101.886,210.280,391.082,52.270,90.636,290.299,-245.548,165.968,766.118,159.904,-162.153,657.398,-165.335
48,0,100.161,-629.944,-345.148,140.502,-450.320,-91.785,243.205,-418.694,-12.914,37.799,-481.947,-170.655,319.525,-194.333,31.797,85.033,-200.894,-266.990,421.702,44.016,49.211,168.403,-40.833,-357.121,68.417,7.974,104.437,-64.767,-12.690,-102.141,206.934,393.040,50.920,92.127,290.371,-244.838,169.070,769.292,155.808,-162.116,657.998,-165.840
49,0,101.262,-634.030,-336.963,140.453,-454.240,-86.296,244.149,-420.187,-7.044,36.758,-488.292,-165.547,320.095,-194.751,32.568,80.598,-211.327,-267.044,422.091,42.651,47.220,169.203,-52.560,-361.135,68.620,8.054,104.678,-64.980,-12.760,-102.342,204.349,393.562,52.284,95.172,291.928,-241.294,169.532,770.034,158.109,-162.059,659.105,-165.239
50,0,101.852,-636.173,-337.182,140.832,-454.426,-87.028,245.779,-420.029,-7.718,35.885,-488.823,-166.339,320.956,-193.268,30.491,77.101,-213.915,-276.598,423.293,43.300,46.603,169.138,-56.401,-387.110,68.658,8.062,105.789,-65.018,-12.762,-103.358,204.764,393.464,51.508,98.483,292.754,-240.378,173.633,770.539,157.763,-161.501,659.528,-164.730
51,0,102.309,-638.297,-328.422,140.482,-456.643,-82.713,246.669,-420.279,-3.875,34.294,-493.008,-161.550,321.575,-193.254,31.494,72.304,-219.872,-277.363,424.332,43.329,45.201,169.135,-61.966,-389.810,68.737,8.076,106.145,-65.095,-12.774,-103.682,201.211,393.551,53.837,98.548,295.262,-236.742,174.008,772.362,160.040,-161.265,661.903,-158.372
52,0,103.479,-640.121,-315.335,140.830,-457.838,-74.058,247.877,-420.233,5.455,33.782,-495.443,-153.570,322.333,-193.103,37.922,66.777,-223.902,-276.306,426.601,43.012,47.922,168.576,-68.645,-386.288,68.767,8.155,106.260,-65.138,-12.840,-103.780,201.044,392.510,43.959,100.215,298.718,-229.094,174.339,772.007,136.408,-160.699,664.204,-153.580
53,0,103.526,-640.475,-310.676,139.481,-461.130,-67.274,247.716,-422.193,14.783,31.247,-500.067,-149.330,321.824,-193.652,45.165,57.943,-231.830,-281.524,427.584,39.831,50.332,164.745,-80.947,-409.388,68.780,8.169,106.557,-65.167,-12.853,-103.978,201.167,392.466,42.984,101.020,299.271,-227.822,174.299,771.830,136.846,-159.929,664.310,-153.402
54,0,107.125,-641.696,-308.729,139.536,-463.315,-66.858,247.949,-423.376,17.031,31.122,-503.254,-150.748,322.236,-193.741,46.001,56.198,-243.213,-288.301,429.537,38.134,49.804,163.328,-93.557,-418.688,68.714,8.194,107.547,-65.112,-12.889,-104.910,201.304,392.233,43.671,105.513,299.237,-227.727,178.538,771.611,138.061,-159.289,664.098,-154.881
55,0,109.539,-642.709,-307.311,139.961,-464.007,-68.137,248.954,-423.301,15.408,30.967,-504.714,-151.681,322.023,-192.875,44.285,54.803,-247.270,-294.603,428.839,38.222,45.328,163.136,-98.093,-429.709,68.708,8.186,108.769,-65.107,-12.885,-106.129,203.412,389.186,44.314,109.423,299.035,-227.973,180.860,770.513,138.935,-155.774,663.206,-155.848
56,0,110.095,-643.300,-306.277,140.349,-464.993,-68.864,250.096,-423.253,13.904,30.602,-506.734,-151.632,322.125,-192.548,43.717,51.835,-253.124,-302.694,429.360,38.288,41.614,161.991,-108.070,-447.613,68.660,8.188,109.401,-65.058,-12.889,-106.711,203.340,386.578,44.660,110.337,299.011,-227.388,182.396,768.460,139.582,-154.860,663.166,-156.723
57,0,111.947,-642.887,-301.046,141.113,-466.694,-61.600,251.457,-423.205,22.041,30.770,-510.183,-145.242,326.007,-192.987,53.736,52.189,-258.844,-300.716,436.477,37.900,58.271,162.278,-113.618,-441.307,68.577,8.454,109.431,-64.999,-13.145,-106.725,203.419,385.995,32.451,109.957,299.728,-222.899,184.027,768.386,113.812,-152.612,664.673,-155.701
58,0,112.798,-643.456,-289.818,142.127,-467.606,-56.962,253.495,-423.170,24.509,30.759,-512.041,-138.434,326.422,-192.978,53.184,51.175,-261.926,-300.255,436.060,35.901,41.341,164.028,-124.169,-448.605,68.607,8.462,109.498,-65.034,-13.150,-106.777,207.917,378.408,22.544,112.562,299.705,-222.396,186.121,759.677,105.352,-151.010,664.499,-155.144
59,0,115.706,-643.922,-281.252,143.009,-471.017,-46.828,254.470,-423.122,37.398,31.548,-518.913,-131.055,326.755,-192.945,65.731,50.358,-272.900,-299.746,439.505,34.288,62.725,164.016,-136.587,-457.427,68.509,8.935,109.546,-64.967,-13.594,-106.797,208.449,378.025,20.633,114.069,300.692,-217.425,193.015,759.720,103.905,-146.954,665.221,-146.718
60,0,116.499,-644.235,-277.851,143.824,-471.051,-45.518,256.196,-422.995,36.795,31.452,-519.108,-127.831,326.952,-192.803,61.751,49.671,-272.616,-299.731,439.281,34.265,62.016,164.874,-141.651,-459.369,68.580,9.013,109.547,-65.057,-13.666,-106.788,209.181,376.437,9.532,115.234,300.496,-217.606,192.248,757.080,85.508,-145.509,664.995,-147.144
61,0,118.224,-644.509,-271.649,144.013,-472.424,-41.956,256.419,-422.619,40.429,31.607,-522.230,-124.340,327.179,-192.286,64.812,45.671,-281.392,-301.841,440.322,34.354,67.138,164.192,-149.824,-472.677,68.506,9.103,109.565,-65.006,-13.744,-106.795,214.583,373.544,11.661,120.850,300.830,-217.461,194.269,755.390,92.336,-142.521,664.802,-146.167
62,0,121.222,-645.375,-259.607,145.116,-473.619,-34.923,256.428,-422.676,51.178,33.804,-524.563,-121.025,328.683,-192.480,75.766,46.325,-285.268,-302.983,449.234,34.288,78.258,164.181,-152.836,-480.106,67.959,9.244,109.724,-64.481,-13.875,-106.893,217.172,372.050,12.506,127.861,301.582,-216.961,198.541,755.507,96.546,-136.863,664.845,-145.812
63,0,125.748,-646.531,-261.166,146.225,-474.828,-35.404,256.317,-423.072,52.222,36.133,-526.584,-123.030,330.224,-193.482,82.658,46.893,-287.166,-310.449,456.187,32.760,90.678,164.581,-158.105,-490.798,67.289,9.270,109.958,-63.855,-13.890,-107.053,220.568,370.128,21.457,138.976,305.052,-213.181,205.554,754.474,109.612,-126.487,665.087,-132.102
64,0,129.281,-647.750,-265.446,146.798,-476.422,-38.844,255.949,-424.578,49.093,37.647,-528.265,-126.781,330.810,-195.861,80.264,46.824,-293.542,-328.022,459.939,31.395,91.024,164.559,-172.579,-513.074,66.805,9.256,110.296,-63.407,-13.860,-107.308,224.033,366.194,37.625,142.541,305.432,-213.396,210.839,751.441,139.775,-122.930,664.909,-130.153
65,0,131.867,-647.665,-267.930,147.902,-477.467,-41.147,255.978,-425.484,47.336,39.826,-529.450,-129.631,332.633,-197.220,78.618,47.014,-299.458,-339.358,465.324,30.280,95.221,164.071,-185.758,-528.068,66.256,9.213,110.426,-62.891,-13.804,-107.403,226.133,362.886,49.933,148.268,305.382,-213.589,218.107,748.068,158.449,-118.792,663.439,-128.454
66,0,133.929,-647.490,-269.735,148.275,-478.407,-41.790,256.188,-425.790,46.607,40.363,-531.025,-130.186,335.055,-198.896,76.985,46.581,-306.205,-345.236,470.059,27.915,94.381,163.077,-198.530,-537.704,65.978,9.142,110.459,-62.625,-13.711,-107.417,226.998,360.275,56.018,150.181,305.380,-211.110,221.672,746.780,166.045,-115.312,663.206,-125.895
67,0,135.418,-647.417,-271.597,149.332,-478.406,-44.901,256.878,-425.670,42.372,41.785,-531.143,-132.173,336.352,-199.021,74.256,46.753,-309.258,-350.587,468.855,27.895,91.835,162.998,-202.133,-544.123,65.846,9.015,110.484,-62.517,-13.554,-107.432,230.677,356.853,59.618,152.839,305.283,-209.593,223.055,743.110,172.827,-113.235,661.197,-117.894
68,0,135.760,-647.492,-272.216,150.034,-480.103,-45.190,257.232,-426.283,42.102,42.836,-533.923,-132.482,338.082,-202.309,74.445,45.797,-322.746,-352.857,472.904,24.609,97.828,160.993,-220.627,-549.323,65.385,8.906,110.947,-62.051,-13.413,-107.860,232.703,354.053,69.659,155.333,305.305,-209.267,226.361,742.805,177.844,-109.264,660.550,-118.531
69,0,136.861,-647.478,-271.117,150.505,-481.722,-45.649,258.077,-426.539,41.524,42.933,-536.905,-132.821,339.772,-204.306,75.346,42.801,-335.664,-360.329,475.058,21.184,102.435,158.171,-239.442,-568.046,65.193,8.790,111.627,-61.870,-13.282,-108.482,234.325,352.836,81.958,157.121,305.203,-209.258,231.056,743.119,189.660,-106.090,659.521,-119.784
70,0,137.697,-647.903,-265.779,150.834,-484.305,-45.828,258.147,-426.858,40.921,43.522,-541.752,-132.576,340.137,-206.341,79.553,42.293,-347.924,-364.166,477.486,18.738,113.357,157.024,-251.999,-578.484,64.819,8.755,112.156,-61.515,-13.237,-108.955,235.865,352.019,92.326,161.709,305.267,-207.641,235.877,743.350,204.792,-102.178,659.368,-120.464
71,0,138.712,-648.134,-261.831,151.604,-486.615,-45.657,258.149,-427.784,41.226,45.060,-545.446,-132.541,340.227,-209.585,82.010,39.958,-363.392,-370.560,480.104,16.646,114.867,154.799,-269.407,-590.226,64.319,8.682,112.570,-61.044,-13.152,-109.314,238.577,350.195,91.543,163.789,305.443,-204.276,238.134,742.827,199.212,-99.569,659.056,-120.000
72,0,138.498,-648.414,-260.624,151.530,-487.368,-45.629,258.143,-428.582,40.878,44.917,-546.153,-132.136,341.738,-212.944,84.448,31.217,-369.010,-379.482,483.754,14.809,119.437,141.764,-287.594,-609.307,64.238,8.490,112.596,-60.974,-12.931,-109.331,239.081,348.130,87.717,162.851,306.087,-203.959,237.597,741.796,193.931,-97.060,658.838,-118.368
73,0,139.842,-648.267,-256.871,151.665,-487.707,-44.373,258.096,-429.040,41.132,45.233,-546.374,-129.879,342.268,-215.695,87.095,28.933,-379.867,-383.394,483.183,11.783,123.634,135.623,-311.993,-620.203,63.891,8.384,112.565,-60.671,-12.822,-109.258,238.863,347.410,90.618,164.412,305.808,-201.856,237.448,737.470,202.406,-91.689,655.347,-115.495
74,0,139.843,-647.821,-256.846,151.743,-488.091,-44.971,257.847,-429.079,39.759,45.639,-547.104,-129.701,341.736,-217.320,86.388,27.847,-394.243,-390.914,482.418,9.969,122.204,129.183,-327.490,-635.308,63.606,8.054,112.446,-60.415,-12.473,-109.076,239.274,343.786,92.789,165.494,305.315,-200.996,238.242,734.532,204.916,-87.714,652.573,-114.039
75,0,140.161,-648.103,-248.036,151.623,-488.913,-42.861,255.739,-429.366,40.328,47.507,-548.461,-126.051,339.201,-217.727,90.860,28.384,-397.816,-391.776,482.172,8.411,136.198,123.176,-344.546,-643.347,63.072,8.021,112.029,-59.948,-12.452,-108.513,239.432,343.163,94.620,166.066,304.993,-198.044,239.208,733.374,210.737,-87.038,651.181,-112.239
76,0,141.635,-648.145,-230.282,151.549,-489.577,-35.250,253.645,-429.479,45.399,49.452,-549.674,-115.899,337.639,-221.075,96.186,28.932,-407.056,-389.422,481.766,4.460,143.484,116.694,-362.390,-647.463,62.160,7.994,111.268,-59.128,-12.438,-107.582,240.627,341.431,92.986,166.885,303.624,-191.739,240.498,730.530,209.459,-84.724,648.677,-111.977
77,0,142.543,-648.137,-227.920,149.527,-490.021,-34.338,247.549,-429.509,47.815,51.505,-550.533,-116.491,335.368,-223.292,98.690,32.844,-411.971,-395.679,481.247,1.479,146.815,111.758,-367.938,-658.229,61.016,7.977,110.657,-58.104,-12.426,-106.799,242.456,338.235,89.057,167.023,303.554,-187.559,240.343,725.777,199.008,-83.305,647.242,-112.218
78,0,142.745,-647.425,-221.882,148.060,-490.922,-31.568,243.754,-429.329,49.534,52.365,-552.515,-112.671,333.595,-225.305,100.603,34.124,-426.691,-395.663,480.836,-1.284,152.161,94.976,-387.880,-663.589,60.211,7.994,109.199,-57.394,-12.456,-105.165,245.296,334.503,80.297,166.714,301.486,-186.872,240.125,720.511,185.672,-81.905,641.741,-112.460
79,0,143.095,-646.702,-223.228,147.538,-490.396,-30.695,242.256,-428.149,49.259,52.821,-552.643,-110.650,333.089,-225.950,99.672,34.663,-433.698,-396.438,480.781,-4.967,150.540,82.234,-404.720,-667.923,59.980,7.984,107.486,-57.204,-12.447,-103.314,249.023,334.152,75.923,166.771,300.745,-187.472,240.155,717.246,183.123,-80.651,639.410,-112.784
80,0,145.818,-643.995,-223.115,148.374,-489.894,-30.054,241.561,-427.377,50.291,55.186,-552.410,-110.398,333.075,-225.616,99.977,38.827,-433.401,-398.703,481.829,-5.140,152.387,86.044,-417.627,-670.129,59.497,7.975,106.924,-56.722,-12.448,-102.731,251.811,333.899,72.108,168.029,300.271,-183.756,241.221,715.923,180.955,-80.058,638.962,-110.253
81,0,145.920,-643.459,-224.989,147.144,-489.891,-31.848,239.201,-427.556,49.649,55.086,-552.226,-113.345,332.805,-227.736,100.119,41.682,-433.012,-408.378,482.790,-10.272,154.990,86.557,-431.056,-678.200,59.454,7.873,106.670,-56.681,-12.399,-102.446,253.330,330.763,62.517,167.213,300.324,-174.005,241.073,711.374,161.904,-80.394,639.249,-101.998
82,0,145.648,-643.036,-225.901,146.610,-489.254,-34.428,238.506,-427.566,46.262,54.714,-550.941,-115.118,331.625,-227.907,91.854,41.676,-429.996,-411.320,482.690,-12.880,146.670,85.820,-442.809,-679.783,59.443,7.743,105.821,-56.668,-12.329,-101.624,254.136,326.970,56.341,166.949,300.404,-156.171,240.381,703.209,158.857,-80.892,637.871,-78.406
83,0,143.825,-638.849,-246.011,144.747,-486.067,-46.420,237.240,-427.572,32.585,52.254,-544.562,-125.425,329.682,-227.825,74.958,41.357,-426.399,-416.184,482.573,-12.301,125.169,86.455,-454.328,-679.006,59.820,7.190,105.270,-56.993,-11.865,-101.130,255.627,318.067,47.425,165.135,299.927,-160.183,237.789,686.066,153.804,-83.101,634.859,-80.472
84,0,138.522,-633.903,-258.856,141.197,-482.503,-50.593,236.802,-427.601,26.105,45.592,-537.405,-127.291,329.043,-227.660,69.763,39.584,-422.707,-416.412,483.349,-11.983,118.503,79.197,-469.741,-678.899,60.434,6.533,105.194,-57.505,-11.288,-101.067,263.021,316.698,49.152,165.483,299.937,-163.096,240.165,685.308,159.131,-86.167,634.532,-75.813
85,0,137.839,-632.212,-257.856,138.792,-481.352,-50.236,233.297,-426.829,26.764,44.288,-535.874,-127.237,327.473,-226.916,71.021,41.029,-422.378,-420.431,484.961,-11.581,127.833,79.316,-484.483,-687.780,60.444,6.164,104.054,-57.514,-10.955,-99.884,267.581,314.250,46.053,165.758,303.720,-161.497,240.371,684.492,154.428,-86.579,635.410,-72.928
86,0,136.358,-629.632,-245.387,136.605,-480.816,-43.855,228.960,-426.836,32.955,44.250,-534.795,-120.664,323.552,-226.999,79.865,39.576,-422.288,-418.578,484.854,-13.847,143.603,67.679,-508.341,-683.712,59.810,5.951,103.521,-56.870,-10.758,-99.360,269.486,309.725,45.734,169.182,303.676,-162.589,240.410,680.432,151.542,-85.602,634.996,-77.129
87,0,134.591,-629.956,-236.270,133.727,-480.907,-39.074,225.609,-426.783,40.439,41.845,-535.030,-118.586,325.700,-226.081,87.404,39.074,-427.732,-417.353,496.119,-13.523,150.145,65.988,-530.174,-681.058,59.544,5.526,103.447,-56.545,-10.346,-99.290,276.581,307.720,46.696,176.612,303.928,-161.198,240.943,680.113,151.705,-82.328,635.154,-77.398
88,0,134.617,-630.175,-236.579,131.429,-481.430,-38.843,222.189,-426.703,41.584,40.670,-536.157,-119.270,327.152,-226.153,91.026,36.175,-448.566,-422.286,506.108,-14.853,155.023,55.905,-549.230,-688.307,59.051,4.691,103.447,-56.007,-9.548,-99.293,277.596,302.879,54.767,181.181,303.860,-151.026,240.110,672.420,153.748,-80.817,634.048,-65.921
89,0,141.570,-629.881,-225.678,130.279,-481.911,-32.797,219.753,-427.240,53.666,40.805,-536.583,-119.259,327.760,-226.423,108.477,37.701,-455.786,-421.827,507.616,-19.322,172.319,58.730,-567.411,-685.954,58.001,4.161,103.674,-54.837,-9.135,-99.551,282.202,297.707,55.045,192.459,302.894,-149.959,238.140,667.913,151.214,-77.340,630.008,-65.703
90,0,147.271,-618.621,-225.444,130.171,-481.939,-33.857,218.255,-427.901,54.982,42.087,-535.976,-122.695,327.982,-226.646,113.847,44.085,-454.773,-425.612,508.290,-21.067,178.581,60.292,-579.468,-687.065,57.212,3.683,103.873,-53.899,-8.762,-99.729,288.228,293.583,46.219,196.217,302.707,-150.030,238.609,663.695,140.125,-73.205,627.320,-60.520
91,0,151.337,-619.662,-226.936,129.178,-482.521,-42.217,216.240,-429.809,53.044,42.115,-535.233,-137.477,327.100,-228.177,114.837,41.952,-460.050,-437.263,508.314,-25.061,177.932,47.837,-591.431,-694.948,57.013,2.788,104.567,-53.645,-8.030,-100.370,289.621,290.582,45.924,196.785,301.149,-148.747,234.882,661.832,140.406,-69.731,624.357,-49.553
92,0,156.173,-620.578,-197.640,130.275,-483.100,-36.945,214.693,-430.896,63.199,45.858,-535.305,-137.088,326.506,-228.557,131.765,38.042,-459.507,-423.304,509.357,-27.545,197.769,42.183,-602.045,-662.250,54.749,2.570,105.664,-51.127,-7.835,-101.655,290.949,284.192,40.515,205.337,299.625,-150.956,233.193,660.953,139.596,-64.509,620.145,-47.806
93,0,155.602,-616.802,-212.020,130.598,-483.058,-36.853,215.219,-430.772,62.479,45.976,-535.343,-136.184,326.603,-228.719,130.021,34.480,-470.646,-422.915,510.774,-30.969,191.333,36.041,-628.117,-663.245,54.761,2.484,105.843,-51.143,-7.754,-101.783,292.555,278.669,29.836,203.550,299.486,-153.371,231.132,652.318,129.236,-65.384,619.682,-47.805
94,0,155.150,-617.329,-213.885,130.765,-483.289,-32.299,215.538,-429.153,64.238,45.993,-537.425,-128.836,327.157,-228.695,129.142,29.971,-501.979,-417.284,514.989,-32.828,187.781,29.999,-661.282,-661.428,54.769,2.450,105.708,-51.152,-7.709,-101.602,295.629,277.566,23.629,201.781,300.610,-153.628,228.255,652.446,123.141,-65.980,620.021,-44.411
95,0,154.819,-617.714,-214.900,131.579,-482.893,-28.658,215.796,-427.466,68.565,47.362,-538.319,-125.881,328.743,-228.681,133.725,28.641,-515.114,-409.729,520.147,-35.409,188.012,26.752,-679.485,-654.681,54.634,2.400,105.924,-50.985,-7.644,-101.782,297.860,270.661,25.210,201.945,300.482,-158.080,227.526,646.432,125.469,-65.243,620.118,-44.944
96,0,155.280,-618.563,-216.464,133.678,-482.242,-18.346,217.131,-424.826,79.477,50.226,-539.658,-116.169,333.244,-228.654,149.827,28.745,-526.382,-391.893,526.637,-38.775,205.158,25.554,-699.611,-632.162,54.427,2.402,106.076,-50.742,-7.632,-101.922,300.945,271.886,29.017,201.231,300.550,-161.752,227.177,645.463,139.957,-65.093,620.345,-46.192
97,0,155.890,-619.026,-217.668,134.853,-481.919,-16.241,217.491,-423.557,81.367,52.216,-540.280,-113.850,334.249,-228.939,148.655,24.784,-532.935,-389.929,525.821,-41.431,201.949,19.997,-707.518,-629.531,54.062,2.366,106.385,-50.321,-7.582,-102.213,300.416,261.937,30.008,203.309,299.149,-163.639,220.844,637.442,138.799,-64.980,618.564,-49.005
98,0,155.844,-620.686,-216.411,136.586,-482.024,-11.406,218.987,-420.809,84.344,54.185,-543.239,-107.156,336.121,-229.294,151.354,23.167,-553.315,-382.174,526.037,-48.345,207.940,19.664,-734.456,-620.893,53.739,2.324,106.449,-49.968,-7.513,-102.273,299.764,255.261,31.307,206.159,297.386,-164.990,217.855,632.710,140.088,-63.816,617.769,-50.017
99,0,155.821,-621.723,-215.406,137.209,-483.016,-7.901,219.606,-418.537,87.088,54.813,-547.494,-102.891,336.358,-229.608,159.668,20.727,-558.606,-374.355,525.469,-54.265,223.762,17.763,-740.084,-608.963,53.627,2.311,106.478,-49.857,-7.486,-102.294,298.879,250.994,32.208,205.495,297.329,-167.622,214.028,630.934,139.839,-62.578,617.870,-54.388
100,0,156.927,-621.809,-215.807,138.128,-482.667,-8.655,219.797,-417.557,86.065,56.458,-547.777,-103.374,336.328,-229.998,157.905,17.779,-557.846,-375.578,526.184,-56.435,220.994,7.355,-740.001,-611.241,53.341,2.290,106.514,-49.543,-7.460,-102.328,298.742,244.328,34.780,206.390,294.431,-168.115,211.519,623.864,140.194,-60.383,616.058,-55.005
101,0,157.039,-621.388,-219.469,138.281,-482.191,-9.027,219.873,-416.684,85.713,56.690,-547.698,-103.767,336.292,-230.172,155.649,14.632,-559.539,-376.190,525.723,-59.228,219.213,-1.129,-746.765,-610.144,53.127,2.236,106.540,-49.311,-7.390,-102.360,298.403,238.032,34.920,209.524,287.724,-168.730,209.322,615.345,139.209,-58.097,605.947,-56.693
102,0,156.960,-618.934,-220.002,138.324,-482.124,-9.398,220.000,-416.573,84.705,56.649,-547.675,-103.500,336.261,-231.314,154.312,8.103,-561.994,-374.206,526.151,-65.839,216.956,-13.510,-751.902,-606.923,52.632,2.104,106.593,-48.806,-7.211,-102.406,298.060,228.572,32.480,213.688,281.144,-170.843,204.681,607.784,136.025,-53.439,599.517,-60.002
103,0,157.246,-617.299,-219.379,138.471,-481.816,-7.753,220.063,-415.997,87.043,56.879,-547.634,-102.550,336.125,-231.428,160.278,4.595,-560.756,-368.109,526.311,-70.833,223.941,-24.365,-749.606,-596.971,52.145,2.094,106.792,-48.315,-7.193,-102.599,298.324,225.236,31.854,215.453,276.393,-173.709,200.772,604.325,133.317,-50.795,595.531,-65.309
104,0,157.182,-617.414,-216.365,138.481,-481.916,-4.911,219.945,-415.960,89.275,57.016,-547.872,-99.097,336.210,-234.237,161.828,2.485,-570.477,-357.398,526.466,-77.481,223.398,-33.100,-763.914,-581.422,51.399,2.011,106.918,-47.556,-7.071,-102.729,298.226,220.700,32.042,216.950,272.951,-175.868,194.386,600.405,134.291,-48.246,594.843,-66.804
105,0,157.153,-617.547,-205.983,137.981,-482.404,5.021,218.602,-415.828,100.587,57.361,-548.980,-90.544,335.472,-236.144,184.170,2.062,-578.255,-340.962,525.321,-82.225,256.276,-38.752,-778.853,-559.006,49.938,1.982,107.044,-46.180,-7.002,-102.827,298.334,220.428,31.897,220.347,271.938,-177.356,189.582,596.640,134.384,-46.979,589.008,-70.015
106,0,157.346,-617.650,-204.963,136.874,-482.617,6.795,216.124,-415.860,103.517,57.623,-549.373,-89.928,333.874,-237.058,192.146,1.424,-576.517,-343.560,524.782,-85.113,268.157,-41.171,-772.192,-566.384,48.404,1.963,107.324,-44.718,-6.962,-103.049,298.404,219.605,37.757,223.986,268.093,-177.510,185.540,592.243,142.359,-46.273,581.545,-69.933
107,0,157.343,-617.641,-197.252,137.157,-482.345,13.568,216.241,-414.751,108.863,58.073,-549.940,-81.727,334.270,-237.590,191.533,0.762,-588.577,-328.053,524.431,-86.537,259.452,-44.405,-791.849,-547.135,47.737,1.868,107.788,-44.035,-6.799,-103.488,298.293,220.128,38.491,225.660,267.717,-179.269,183.689,590.635,151.332,-45.406,582.910,-70.185
108,0,157.321,-614.790,-195.394,137.743,-482.534,18.316,216.322,-414.771,113.048,59.164,-550.298,-76.416,335.442,-241.845,197.187,0.924,-601.793,-313.180,524.911,-89.748,266.391,-47.236,-799.010,-519.724,46.866,1.378,109.050,-43.069,-6.198,-104.733,298.258,215.904,43.128,232.146,262.672,-181.439,180.529,585.130,157.482,-41.197,579.623,-67.523
109,0,157.340,-614.732,-191.113,138.106,-484.134,23.145,216.952,-416.393,117.738,59.261,-551.874,-71.447,337.187,-252.135,202.134,0.437,-612.904,-300.223,524.329,-102.668,267.501,-52.982,-808.983,-501.561,45.886,1.246,110.714,-42.007,-5.963,-106.358,297.399,217.641,43.080,233.819,250.109,-185.581,177.324,584.922,161.983,-38.189,569.393,-64.405
110,0,158.217,-613.275,-173.632,138.415,-485.293,35.523,217.065,-416.360,128.814,59.764,-554.225,-57.768,337.831,-253.867,217.082,0.675,-619.432,-280.048,524.198,-106.534,283.070,-56.934,-814.843,-486.011,44.798,1.104,112.072,-40.820,-5.741,-107.694,297.339,218.071,45.830,236.989,248.042,-188.672,178.098,583.029,171.577,-33.699,565.166,-61.229
111,0,158.572,-614.364,-171.506,139.057,-486.759,39.997,218.300,-416.721,130.730,59.814,-556.796,-50.735,342.148,-259.594,214.434,0.876,-638.035,-247.255,526.020,-119.672,276.353,-60.137,-840.313,-420.854,44.291,0.411,113.111,-40.259,-4.689,-108.853,299.139,216.285,46.488,238.112,247.870,-190.807,179.092,571.328,187.991,-29.449,566.976,-47.197
112,0,169.065,-614.389,-155.136,141.384,-489.408,42.568,221.754,-417.330,132.511,61.015,-561.486,-47.376,347.686,-266.024,211.546,3.573,-655.800,-231.827,528.000,-135.289,272.467,-61.675,-863.735,-392.261,43.862,-0.225,114.502,-39.714,-3.792,-110.448,300.100,213.611,49.868,242.652,237.855,-196.327,179.440,559.778,200.989,-21.737,560.613,-39.986
113,0,173.805,-613.265,-160.336,141.721,-489.616,39.723,222.401,-417.925,130.737,61.042,-561.308,-51.291,347.342,-266.959,205.471,1.883,-647.588,-246.449,525.237,-132.984,247.955,-69.277,-853.203,-418.639,43.729,-0.984,115.065,-39.518,-2.874,-111.082,301.816,209.372,52.942,250.903,233.576,-196.331,179.903,551.922,204.886,-18.607,557.372,-30.950
114,0,177.543,-612.558,-163.529,143.008,-490.254,37.608,224.606,-418.934,127.909,61.411,-561.574,-52.693,350.292,-273.800,195.745,3.400,-658.235,-247.541,526.873,-142.474,230.344,-67.889,-864.601,-404.809,43.502,-1.938,116.642,-39.198,-1.799,-112.826,302.019,208.548,55.202,253.646,228.920,-199.265,180.214,549.170,206.683,-15.686,556.022,-33.504
115,0,179.561,-611.071,-163.880,142.957,-490.374,34.981,224.607,-419.365,125.335,61.308,-561.382,-55.373,350.468,-275.915,190.350,3.629,-662.464,-248.341,525.914,-145.353,223.518,-72.952,-876.177,-397.156,43.251,-2.902,117.703,-38.847,-0.708,-113.989,303.133,207.297,56.856,256.771,227.963,-201.997,180.329,545.839,209.616,-13.207,551.256,-33.527
116,0,178.776,-611.320,-161.909,142.898,-490.720,36.180,224.792,-419.601,124.613,61.004,-561.840,-52.254,350.734,-278.240,190.155,3.680,-670.360,-216.710,525.825,-148.934,222.684,-74.690,-884.808,-339.280,43.141,-3.503,117.905,-38.704,0.036,-114.244,305.952,202.174,56.536,257.732,220.502,-202.760,180.594,538.977,206.452,-9.342,548.363,-32.600
117,0,179.077,-611.230,-143.137,143.289,-490.821,48.548,223.509,-419.609,137.109,63.068,-562.034,-40.013,349.706,-279.264,203.392,9.297,-673.086,-191.016,523.546,-152.030,233.953,-73.050,-886.155,-303.952,42.213,-3.814,117.992,-37.713,0.406,-114.364,306.996,194.186,57.001,260.137,219.880,-202.327,180.068,533.691,204.323,-4.229,547.462,-30.623
118,0,182.828,-612.506,-129.473,142.619,-490.792,49.510,221.906,-419.581,140.911,63.332,-562.004,-41.892,345.907,-283.620,206.765,9.395,-669.236,-203.762,513.599,-164.822,237.421,-78.018,-881.747,-333.002,41.955,-4.035,118.231,-37.448,0.631,-114.598,307.105,189.056,56.402,260.410,216.574,-202.231,175.588,524.702,202.738,-2.360,543.442,-30.481
119,0,184.732,-613.249,-122.955,142.644,-491.064,49.498,220.778,-419.545,141.330,64.510,-562.583,-42.333,343.472,-284.468,206.275,9.712,-679.025,-195.342,511.136,-166.661,237.481,-79.419,-896.007,-304.250,41.309,-4.328,118.699,-36.746,0.925,-115.156,306.202,188.780,56.936,260.832,212.588,-202.042,172.372,524.610,202.870,-0.988,541.638,-29.759
120,0,191.839,-611.170,-127.518,143.324,-490.967,46.553,220.798,-419.290,139.059,65.849,-562.644,-45.953,344.029,-285.084,200.182,9.671,-680.541,-204.800,511.436,-166.661,230.897,-79.690,-897.742,-320.762,40.828,-4.706,119.611,-36.198,1.318,-116.188,306.046,189.622,57.843,262.052,212.839,-201.961,171.273,524.612,203.847,-0.080,541.223,-30.011
121,0,194.886,-608.617,-120.606,143.648,-490.945,44.442,220.666,-418.834,136.146,66.631,-563.056,-47.262,344.028,-285.988,192.569,7.731,-685.193,-205.344,511.574,-167.291,225.981,-86.827,-907.184,-314.237,40.359,-5.068,120.385,-35.632,1.685,-117.099,306.053,190.081,58.391,262.920,213.223,-201.845,168.630,523.588,204.241,0.091,539.296,-30.240
122,0,195.157,-609.222,-122.775,144.719,-491.155,43.649,220.929,-418.812,135.374,68.510,-563.498,-48.076,346.159,-290.226,194.689,7.809,-687.305,-208.249,513.092,-172.859,232.803,-88.235,-907.527,-325.503,39.969,-5.279,120.803,-35.220,1.909,-117.503,306.013,186.458,61.239,264.072,211.314,-201.794,168.911,518.611,209.873,1.726,539.066,-30.222
123,0,197.916,-604.492,-102.301,147.140,-491.179,53.064,218.753,-418.184,147.148,75.527,-564.175,-41.020,346.239,-294.966,225.233,12.455,-685.650,-196.908,514.402,-180.542,284.553,-86.955,-905.966,-315.963,38.016,-5.196,121.196,-33.242,1.820,-117.867,305.789,183.688,66.285,264.120,212.022,-202.343,166.608,514.534,216.268,4.174,539.348,-31.953
124,0,197.262,-599.876,-134.844,146.203,-490.662,31.606,218.714,-418.234,124.239,73.693,-563.091,-61.027,345.980,-296.375,204.089,6.870,-684.342,-215.730,514.734,-180.967,263.078,-94.451,-904.282,-328.728,38.212,-5.491,121.282,-33.413,2.075,-117.928,302.964,184.482,66.275,263.895,212.520,-202.542,160.586,514.234,218.851,3.488,536.816,-30.779
125,0,197.179,-596.789,-134.794,145.492,-490.187,31.769,217.490,-418.028,124.364,73.494,-562.347,-60.827,345.450,-299.844,203.765,6.770,-690.942,-208.526,514.596,-185.630,261.412,-96.056,-920.857,-306.828,37.961,-5.850,121.296,-33.170,2.431,-117.944,303.259,182.445,65.972,264.370,209.371,-202.519,161.045,512.625,218.387,6.461,531.836,-30.009
126,0,197.076,-591.685,-134.895,144.814,-489.760,31.531,216.320,-417.724,123.069,73.307,-561.796,-60.006,343.211,-304.374,214.780,5.373,-690.273,-206.172,514.693,-194.672,301.757,-96.035,-919.713,-309.558,37.442,-6.119,121.256,-32.660,2.765,-117.897,303.623,176.975,68.349,267.033,208.878,-202.480,161.539,505.784,218.614,13.861,525.336,-30.127
127,0,200.561,-586.124,-122.395,145.094,-489.300,36.589,213.811,-416.827,129.060,76.377,-561.772,-55.882,343.101,-304.648,222.896,8.483,-693.592,-196.967,514.413,-198.022,303.494,-95.173,-924.243,-293.040,35.902,-6.128,121.347,-31.098,2.768,-118.007,303.307,173.290,78.108,267.696,208.531,-202.664,158.974,500.650,225.805,16.318,523.070,-31.214
128,0,201.204,-583.650,-121.551,140.396,-487.787,35.407,204.650,-415.116,128.103,76.141,-560.458,-57.289,334.989,-303.897,220.913,7.977,-692.599,-198.838,506.517,-200.039,297.850,-97.056,-923.253,-301.421,34.500,-6.223,121.348,-29.718,2.849,-118.008,303.021,168.321,77.570,269.810,199.919,-202.640,154.333,495.610,225.039,19.611,511.581,-31.855
129,0,200.913,-582.294,-119.506,138.895,-487.291,34.787,200.502,-414.732,126.821,77.288,-559.851,-57.248,330.973,-303.542,214.170,7.451,-692.403,-198.606,505.395,-198.598,288.253,-98.320,-923.210,-300.219,32.989,-6.327,121.245,-28.185,2.929,-117.927,303.347,169.341,82.227,270.096,198.454,-202.655,154.861,497.153,228.968,20.459,510.737,-30.845
130,0,196.136,-585.585,-83.787,137.388,-488.403,49.857,197.651,-414.734,136.106,77.126,-562.072,-36.391,315.962,-304.292,213.728,6.273,-691.779,-173.810,480.819,-214.505,273.682,-96.641,-921.732,-270.684,32.028,-5.985,121.419,-27.230,2.554,-118.154,303.251,169.374,91.059,269.906,194.382,-199.823,148.928,497.739,227.707,19.573,507.092,-36.425
131,0,198.755,-585.322,-84.475,136.490,-487.604,47.102,194.521,-414.603,135.836,78.459,-560.606,-41.632,310.681,-304.666,213.498,5.074,-691.496,-176.886,481.679,-212.168,273.001,-100.633,-922.960,-280.588,31.139,-6.137,121.419,-26.375,2.681,-118.155,304.286,165.042,92.613,274.175,190.354,-199.988,147.725,490.788,231.269,21.971,506.063,-35.220
132,0,198.717,-581.980,-90.498,136.490,-487.526,46.524,194.679,-414.435,135.584,78.301,-560.616,-42.537,310.886,-311.535,222.802,6.070,-693.016,-180.660,482.479,-229.854,299.138,-97.743,-926.146,-276.695,30.992,-6.107,121.406,-26.258,2.656,-118.142,304.526,162.288,91.992,273.804,187.243,-199.348,146.924,486.001,230.204,24.969,500.168,-35.203
133,0,199.158,-579.137,-95.586,137.259,-487.261,43.674,192.779,-414.352,131.128,81.739,-560.169,-43.779,310.780,-311.876,212.010,6.065,-693.434,-182.868,481.380,-227.393,280.671,-98.225,-926.134,-281.729,29.537,-6.220,121.205,-24.785,2.729,-117.970,304.557,163.175,91.493,274.608,186.886,-198.814,147.449,487.395,231.138,26.525,501.916,-34.643
134,0,199.071,-576.352,-116.368,137.430,-486.600,37.575,193.300,-413.557,123.723,81.561,-559.644,-48.572,310.237,-312.139,203.000,5.983,-693.936,-184.813,480.181,-234.299,267.280,-97.851,-929.083,-276.029,29.564,-6.366,121.070,-24.812,2.894,-117.862,308.436,157.481,90.814,276.614,181.781,-196.931,147.801,479.922,230.844,30.333,497.352,-30.452
135,0,200.128,-573.387,-116.807,135.998,-484.572,39.239,190.274,-412.143,127.349,81.723,-557.001,-48.871,307.150,-311.771,207.038,5.993,-692.212,-186.015,478.972,-230.890,270.418,-97.623,-928.316,-278.513,28.797,-6.372,121.082,-24.089,2.894,-117.872,310.483,155.173,91.798,281.814,178.766,-196.290,147.318,474.466,230.675,36.435,494.066,-30.459
136,0,196.362,-575.837,-149.846,132.373,-483.902,15.875,184.925,-412.549,105.311,79.821,-555.255,-73.561,290.787,-312.445,177.940,1.149,-691.608,-201.175,464.654,-233.114,232.156,-99.131,-928.058,-279.382,28.821,-7.339,120.943,-24.114,3.771,-117.764,310.750,152.702,93.583,282.383,177.647,-193.039,147.434,470.784,230.454,36.027,492.598,-13.143
137,0,195.842,-577.547,-150.590,130.527,-485.880,16.447,181.560,-416.610,106.679,79.493,-555.150,-73.784,286.090,-322.017,194.249,0.459,-692.659,-202.457,461.211,-238.470,273.362,-99.314,-928.157,-278.246,28.653,-7.561,120.928,-23.986,3.936,-117.746,310.818,150.465,96.864,282.872,165.464,-190.372,146.572,464.692,230.403,38.112,485.554,-6.755
138,0,198.023,-581.209,-145.827,130.565,-486.151,20.694,180.983,-416.891,113.816,80.147,-555.410,-72.427,287.041,-325.366,204.434,1.428,-693.177,-201.971,461.395,-246.971,285.096,-98.731,-928.178,-273.193,28.387,-7.556,120.822,-23.792,3.916,-117.659,314.459,143.563,98.465,284.866,157.178,-187.160,148.191,454.685,228.183,42.439,477.935,-5.340
139,0,198.069,-581.207,-133.283,131.357,-486.114,27.552,181.684,-416.646,120.012,81.031,-555.581,-64.909,288.031,-326.155,228.950,1.743,-692.933,-193.090,460.636,-255.979,340.167,-96.633,-927.923,-263.248,28.274,-7.281,120.719,-23.703,3.638,-117.539,317.737,142.003,97.939,286.877,153.684,-187.380,147.006,451.455,216.528,45.328,467.702,-6.943
140,0,189.812,-581.759,-131.489,133.290,-486.274,20.333,182.266,-416.805,106.830,84.313,-555.742,-66.164,288.805,-326.510,220.428,1.896,-690.433,-196.335,460.372,-261.147,325.108,-94.923,-923.608,-274.051,27.904,-7.467,120.689,-23.321,3.815,-117.521,317.665,140.439,98.234,287.648,152.515,-186.183,145.374,453.560,216.415,45.532,463.398,-7.176
141,0,189.903,-581.863,-131.430,133.912,-486.461,20.485,183.655,-417.305,108.248,84.168,-555.618,-67.279,289.204,-327.265,209.101,2.040,-689.912,-195.568,461.416,-261.965,282.896,-91.779,-923.559,-268.753,27.898,-7.596,120.945,-23.309,3.939,-117.855,317.773,137.870,101.568,288.042,151.930,-186.305,146.411,452.083,219.817,45.068,462.448,-7.780
142,0,190.069,-582.151,-105.435,135.163,-487.490,36.765,183.991,-417.617,125.742,86.335,-557.362,-52.212,290.361,-329.435,235.987,5.041,-688.648,-186.979,462.088,-266.827,343.645,-87.092,-921.575,-267.578,26.352,-7.034,120.969,-21.804,3.352,-117.876,317.706,133.599,110.196,288.766,150.189,-182.245,143.695,446.585,223.181,45.604,456.141,-8.452
143,0,195.549,-581.177,-107.491,136.325,-487.744,34.364,184.498,-418.035,125.581,88.153,-557.453,-56.852,294.403,-333.050,233.471,7.008,-688.557,-196.188,463.430,-269.783,336.634,-86.714,-918.642,-282.478,26.250,-7.039,121.046,-21.701,3.347,-117.953,317.783,131.979,109.413,290.611,146.992,-182.455,142.820,442.352,224.358,46.987,455.749,-7.508
144,0,194.045,-581.231,-146.326,135.849,-487.406,18.820,184.312,-419.379,112.863,87.386,-555.432,-75.223,293.028,-336.070,206.397,6.832,-688.304,-202.729,463.825,-269.078,282.122,-87.890,-918.632,-280.773,26.235,-7.546,121.236,-21.683,3.854,-118.181,318.254,132.993,109.279,291.821,147.248,-180.713,143.214,443.890,230.115,47.603,457.697,1.853
145,0,194.556,-580.732,-135.644,136.737,-487.470,19.007,182.185,-419.515,112.792,91.288,-555.426,-74.778,293.423,-336.828,221.106,8.885,-688.275,-206.957,464.170,-272.070,344.651,-87.521,-918.014,-286.672,25.387,-7.691,121.241,-20.828,3.943,-118.183,318.046,129.674,113.351,295.156,148.030,-180.175,143.365,444.132,231.470,48.514,457.964,2.233
146,0,198.150,-580.596,-135.625,138.662,-488.303,18.813,185.546,-421.167,113.086,91.778,-555.439,-75.459,296.985,-337.159,223.645,10.391,-687.106,-208.561,467.175,-272.769,338.510,-85.330,-917.780,-288.700,25.395,-7.739,121.266,-20.835,3.993,-118.208,318.211,129.486,112.724,295.621,148.050,-180.328,144.624,443.627,231.548,48.805,455.637,5.670
147,0,201.097,-580.884,-129.849,139.205,-489.663,21.455,186.747,-422.730,116.644,91.663,-556.595,-73.735,298.235,-339.008,225.627,11.281,-687.138,-202.481,468.758,-276.828,333.419,-82.493,-919.093,-273.683,25.387,-7.760,121.470,-20.826,4.033,-118.436,318.154,130.738,112.622,294.998,150.529,-179.983,147.639,444.408,233.300,48.625,456.067,5.429
148,0,202.473,-581.300,-129.177,139.646,-489.771,22.351,186.796,-423.062,118.070,92.496,-556.479,-73.368,298.400,-340.553,226.477,11.933,-686.894,-202.437,468.590,-278.206,331.030,-82.520,-919.057,-273.651,25.282,-7.771,121.453,-20.736,4.043,-118.419,318.605,130.892,112.271,296.936,149.460,-179.470,148.437,445.146,234.323,49.738,456.802,10.458
149,0,202.911,-582.965,-133.886,139.653,-490.700,17.749,186.839,-424.971,114.970,92.468,-556.429,-79.472,298.780,-344.177,223.629,12.171,-687.090,-205.458,469.152,-279.231,327.775,-82.405,-919.068,-273.781,25.297,-8.400,121.631,-20.745,4.639,-118.607,318.352,131.142,114.062,296.236,151.164,-179.530,149.888,445.675,238.262,49.753,458.039,12.373
150,0,203.233,-581.862,-127.053,139.428,-490.933,21.360,186.714,-424.904,118.855,92.143,-556.961,-76.135,298.073,-344.780,244.621,12.090,-687.081,-205.939,468.975,-284.424,377.233,-81.936,-919.376,-279.006,25.287,-8.056,121.630,-20.739,4.303,-118.596,318.206,132.523,112.573,297.591,148.216,-180.631,148.830,448.500,226.477,49.742,450.109,10.833
151,0,203.028,-581.633,-125.474,138.100,-490.389,20.112,183.760,-424.527,116.019,92.441,-556.250,-75.796,296.558,-346.332,264.176,12.041,-687.016,-213.606,465.773,-288.837,451.641,-82.295,-916.552,-296.787,25.021,-8.101,121.759,-20.433,4.332,-118.678,315.831,133.936,116.323,297.462,148.415,-180.661,142.546,448.654,232.590,49.831,446.756,16.706
152,0,202.059,-583.938,-124.593,136.120,-491.339,17.923,179.848,-426.492,112.682,92.393,-556.187,-76.835,294.453,-358.352,260.098,12.377,-687.510,-221.966,463.147,-306.580,433.474,-82.202,-916.577,-305.391,24.651,-8.456,122.085,-20.021,4.592,-118.933,312.885,134.151,124.654,299.062,148.598,-176.392,138.687,445.619,258.934,50.142,445.618,18.524
153,0,202.015,-587.063,-118.208,134.108,-493.672,18.090,175.677,-430.592,112.816,92.539,-556.753,-76.636,292.721,-371.642,264.484,12.651,-690.396,-224.984,459.568,-316.555,447.436,-82.055,-917.691,-308.748,24.230,-8.634,122.093,-19.594,4.699,-118.931,306.856,135.101,130.675,299.133,148.744,-168.623,137.168,445.878,269.720,50.326,445.718,26.913
154,0,204.531,-588.332,-122.411,132.555,-494.902,12.873,172.658,-433.128,111.488,92.451,-556.676,-85.742,287.372,-373.405,263.214,12.284,-690.354,-239.421,446.230,-312.185,436.795,-83.260,-916.659,-321.493,24.089,-9.196,122.344,-19.460,5.099,-119.109,304.217,137.680,129.407,300.082,148.867,-167.324,137.043,447.538,268.846,54.808,446.160,32.687
155,0,207.344,-588.247,-106.055,131.713,-494.656,20.398,169.706,-431.737,117.841,93.719,-557.575,-77.044,283.455,-370.676,283.496,15.770,-690.472,-237.093,444.598,-315.142,477.826,-80.798,-916.162,-319.278,23.189,-8.846,122.189,-18.643,4.689,-118.915,302.744,137.755,133.571,300.087,147.539,-164.288,137.274,447.497,268.570,58.784,446.770,32.010
156,0,205.763,-587.621,-106.851,131.896,-494.568,18.157,170.120,-431.551,114.194,93.672,-557.584,-77.881,283.960,-370.304,279.434,16.074,-690.542,-239.032,444.917,-317.348,474.399,-80.212,-913.931,-330.008,23.184,-8.859,122.279,-18.633,4.697,-118.977,302.962,137.563,133.178,300.068,143.331,-165.785,136.357,447.149,266.412,58.511,443.141,33.163
157,0,205.467,-586.390,-110.451,131.284,-494.339,8.702,167.514,-431.826,103.384,95.055,-556.853,-85.980,283.264,-372.661,277.485,17.799,-689.468,-248.049,444.320,-320.198,465.914,-79.372,-910.422,-340.197,22.852,-9.555,122.473,-18.250,5.261,-119.153,302.415,136.083,140.561,301.774,143.563,-164.375,136.507,446.031,275.393,59.207,443.768,41.981
158,0,205.020,-586.597,-106.622,131.308,-495.287,13.808,167.795,-431.825,106.382,94.821,-558.750,-78.766,283.400,-375.077,283.415,17.734,-692.425,-240.333,445.071,-330.011,485.617,-77.132,-914.649,-332.033,22.784,-9.377,122.485,-18.185,5.105,-119.163,301.552,136.144,141.417,301.688,140.864,-164.081,136.637,446.102,273.254,59.045,439.813,41.518
159,0,204.945,-586.580,-82.094,128.281,-495.788,34.875,161.352,-430.254,128.503,95.209,-561.322,-58.753,273.815,-374.369,295.838,18.490,-692.972,-212.804,439.996,-329.411,492.580,-74.441,-918.951,-291.876,20.500,-8.038,122.494,-16.022,3.863,-119.171,301.238,135.495,142.417,302.034,137.254,-160.465,136.730,446.227,269.565,59.233,435.292,40.963
160,0,205.071,-588.110,-79.543,126.787,-495.034,38.311,157.720,-428.804,134.538,95.854,-561.264,-57.916,271.595,-373.826,297.079,21.441,-691.823,-212.900,439.452,-328.070,485.242,-72.147,-916.230,-293.179,18.943,-7.296,122.516,-14.513,3.083,-119.188,301.305,135.575,143.987,306.309,133.958,-160.768,138.871,446.294,268.779,63.897,433.691,40.052
161,0,205.446,-587.493,-80.640,127.081,-494.976,35.401,158.340,-428.730,134.059,95.823,-561.221,-63.256,270.960,-373.542,295.415,21.497,-689.929,-231.575,437.343,-329.569,487.557,-71.866,-906.036,-334.791,18.928,-7.098,122.604,-14.491,2.811,-119.242,299.970,137.350,143.263,307.125,131.301,-160.997,138.083,446.328,269.481,66.944,432.768,40.998
162,0,205.842,-587.580,-84.521,126.763,-495.092,34.240,157.520,-428.797,132.714,96.006,-561.387,-64.234,269.725,-376.199,295.073,22.247,-689.651,-236.132,435.896,-332.629,489.221,-70.899,-903.847,-342.784,18.768,-6.759,122.615,-14.345,2.431,-119.248,300.021,137.548,143.232,307.901,126.594,-160.432,137.712,445.035,273.976,69.116,428.766,48.537
163,0,208.466,-588.928,-80.696,125.800,-494.995,38.020,153.708,-428.620,137.594,97.891,-561.371,-61.553,268.406,-375.893,298.369,24.318,-689.403,-222.339,436.441,-332.684,486.558,-65.214,-904.497,-303.686,17.029,-6.300,122.650,-12.707,1.981,-119.280,299.327,140.114,145.654,307.843,127.000,-155.204,141.706,447.102,273.556,70.271,429.235,47.117
164,0,208.625,-588.901,-79.518,124.747,-494.921,38.311,150.835,-428.456,137.644,98.659,-561.387,-61.021,265.419,-375.320,299.516,25.075,-689.253,-220.806,433.829,-336.347,491.790,-64.297,-905.034,-300.233,16.232,-6.149,122.613,-11.963,1.851,-119.229,299.393,141.221,145.078,310.204,126.312,-152.786,142.221,446.640,273.215,75.053,428.553,49.731
165,0,209.421,-588.936,-69.484,125.900,-494.542,46.014,145.322,-427.716,146.447,106.479,-561.368,-54.419,262.154,-374.941,306.538,33.614,-689.229,-204.554,432.752,-337.003,500.228,-59.372,-907.100,-265.017,13.229,-5.808,122.633,-9.033,1.481,-119.242,298.249,143.350,144.070,312.828,125.891,-142.914,144.449,446.670,272.769,83.244,429.013,51.248
166,0,210.030,-588.950,-64.898,126.035,-493.695,51.284,145.283,-426.043,150.519,106.786,-561.346,-47.952,262.861,-374.711,310.809,34.171,-689.213,-198.344,432.933,-339.684,507.002,-59.461,-912.087,-263.572,12.283,-5.269,122.349,-8.180,0.975,-118.907,297.257,145.794,142.026,312.462,126.322,-142.063,145.206,447.651,268.921,82.196,429.407,50.155
167,0,209.569,-588.842,-63.511,125.077,-494.090,54.796,143.695,-425.456,153.150,106.460,-562.724,-43.559,262.285,-373.522,310.389,35.396,-691.883,-187.580,432.424,-340.882,502.865,-55.912,-921.567,-245.639,12.010,-4.534,122.307,-7.925,0.343,-118.875,297.673,146.199,140.441,312.988,126.524,-143.092,150.490,452.218,259.337,82.802,430.187,49.432
168,0,209.147,-585.179,-65.997,121.600,-492.829,53.242,136.879,-423.751,151.509,106.321,-561.908,-45.025,254.568,-370.363,309.536,35.381,-692.403,-190.524,428.163,-340.160,501.149,-56.446,-924.959,-250.483,11.089,-4.555,122.261,-6.979,0.364,-118.836,296.915,145.722,140.812,313.849,127.227,-143.900,155.843,453.884,257.983,83.900,431.358,49.105
169,0,209.779,-584.795,-71.386,120.812,-492.994,51.341,135.725,-424.107,151.000,105.899,-561.882,-48.319,252.705,-370.405,308.743,35.145,-691.570,-192.685,426.351,-341.134,500.295,-54.475,-923.877,-256.212,11.047,-4.578,122.034,-6.949,0.383,-118.575,,,,313.914,126.508,-142.431,156.571,453.161,260.383,86.519,431.530,50.470
170,0,209.409,-584.814,-75.294,120.160,-493.351,50.449,136.602,-424.059,149.850,103.718,-562.643,-48.952,253.291,-371.465,317.532,33.028,-693.871,-197.208,424.568,-344.437,526.433,-54.604,-925.411,-273.404,11.061,-4.508,121.514,-6.970,0.296,-117.962,,,,313.190,125.882,-141.866,157.280,451.457,266.890,90.752,433.714,49.980
171,0,210.513,-584.833,-74.444,119.000,-493.237,50.404,134.500,-423.622,150.016,103.500,-562.852,-49.208,248.312,-371.386,316.028,32.957,-693.969,-198.155,418.854,-347.710,521.339,-53.543,-927.719,-269.918,10.873,-4.275,121.342,-6.830,0.032,-117.781,,,,315.828,123.677,-135.425,161.316,451.434,271.753,100.184,434.716,54.091
172,0,209.074,-586.625,-74.618,117.789,-494.247,48.844,132.760,-425.269,149.604,102.818,-563.225,-51.916,248.054,-374.539,314.990,32.887,-691.078,-199.997,415.551,-351.215,517.285,-51.462,-921.828,-270.364,10.348,-4.224,121.456,-6.325,-0.089,-117.876,,,,315.864,124.386,-128.538,160.271,451.479,286.378,98.610,438.886,55.173
173,0,205.083,-587.486,-80.207,115.743,-494.138,47.488,131.023,-425.276,148.779,100.462,-562.999,-53.802,246.476,-375.250,314.894,30.883,-690.470,-203.402,414.294,-352.166,514.806,-51.024,-919.695,-277.024,10.293,-4.180,121.444,-6.277,-0.192,-117.850,,,,315.793,120.519,-129.487,161.384,451.446,284.885,101.464,440.077,54.609
174,0,202.659,-587.496,-88.231,111.965,-493.903,44.682,131.166,-425.320,146.008,92.765,-562.487,-56.643,246.984,-375.407,314.862,26.979,-688.541,-210.059,412.280,-351.945,514.187,-51.172,-917.332,-292.450,11.035,-4.173,121.475,-7.020,-0.210,-117.868,,,,315.577,119.010,-139.216,163.681,451.493,275.475,104.201,440.544,44.594
175,0,202.315,-584.562,-88.668,110.975,-493.185,43.285,131.670,-424.642,143.235,90.281,-561.728,-56.664,245.628,-374.133,314.483,25.086,-688.539,-209.888,410.255,-351.565,514.746,-50.027,-917.427,-292.027,11.286,-4.275,121.445,-7.260,-0.132,-117.838,,,,316.426,118.637,-149.009,167.995,452.096,269.353,107.089,442.631,38.100
176,0,202.401,-581.942,-74.099,110.433,-490.439,56.028,130.413,-419.908,153.512,90.453,-560.969,-41.456,240.287,-368.037,334.912,24.932,-687.264,-191.336,406.434,-351.073,553.357,-45.396,-918.125,-268.042,10.564,-3.941,121.414,-6.575,-0.496,-117.794,,,,317.083,118.224,-153.787,,,,110.187,442.942,6.916
177,0,190.264,-583.729,-69.414,107.771,-490.349,56.750,121.741,-419.985,152.812,93.800,-560.713,-39.312,231.594,-369.384,333.646,25.890,-689.090,-185.574,396.235,-354.182,544.296,-44.938,-920.100,-256.025,8.584,-3.931,121.241,-4.600,-0.518,-117.599,,,,317.035,118.137,-153.708,,,,109.102,443.003,2.120
178,0,190.513,-585.330,-70.259,107.511,-491.879,56.191,122.755,-423.008,152.083,92.267,-560.750,-39.701,233.059,-382.664,331.323,25.876,-693.569,-185.346,398.016,-363.453,542.774,-43.826,-924.748,-250.463,8.607,-4.014,121.213,-4.626,-0.441,-117.558,,,,316.302,121.086,-153.457,,,,109.216,451.936,5.689
179,0,190.575,-587.169,-73.979,107.060,-492.024,50.902,122.471,-423.068,146.327,91.649,-560.980,-44.523,230.890,-382.496,330.116,25.885,-694.077,-196.885,393.393,-364.830,539.748,-43.659,-925.733,-273.937,8.907,-4.137,121.048,-4.951,-0.342,-117.339,,,,315.430,131.025,-151.731,,,,110.642,460.907,30.143
180,0,190.038,-586.502,-79.183,106.364,-491.450,47.322,122.176,-423.056,144.042,90.551,-559.843,-49.399,229.107,-382.187,328.524,21.879,-680.788,-210.856,388.274,-367.626,541.339,-44.827,-910.344,-305.328,9.040,-4.126,121.002,-5.078,-0.441,-117.260,,,,314.536,129.903,-149.804,,,,110.180,459.786,31.811
181,0,190.390,-586.396,-72.706,106.343,-491.991,54.174,122.453,-422.999,147.569,90.234,-560.984,-39.221,227.978,-385.657,336.858,21.669,-683.939,-195.088,381.590,-376.645,560.080,-44.517,-915.728,-283.825,9.117,-3.505,120.632,-5.195,-1.080,-116.819,,,,309.424,129.816,-147.136,,,,110.410,461.012,31.800
182,0,190.908,-584.563,-72.078,106.141,-491.705,54.657,122.536,-421.789,148.149,89.747,-561.622,-38.834,226.771,-384.847,336.068,21.727,-689.892,-187.468,379.282,-375.720,557.677,-44.579,-929.382,-256.234,9.157,-3.505,120.610,-5.241,-1.080,-116.798,,,,307.465,137.952,-146.539,,,,110.719,465.350,33.721
183,0,190.434,-585.106,-66.561,104.555,-492.066,63.100,122.821,-422.157,157.235,86.289,-561.974,-31.036,224.536,-387.803,352.633,19.462,-668.969,-190.293,373.845,-383.774,586.523,-43.878,-900.382,-299.647,9.336,-2.341,119.688,-5.541,-2.297,-115.622,,,,300.266,140.477,-143.733,,,,110.743,471.761,30.504
184,0,187.615,-586.799,-29.389,102.395,-495.792,91.912,122.972,-421.931,179.567,81.818,-569.654,4.256,224.963,-390.448,369.898,19.015,-676.265,-160.143,369.723,-389.375,596.935,-44.238,-904.259,-269.706,10.854,-0.003,116.895,-7.319,-4.551,-112.567,,,,284.686,152.572,-136.604,,,,109.481,475.003,38.877
185,0,187.373,-586.898,-9.632,102.027,-498.289,103.877,123.210,-421.938,191.687,80.843,-574.639,16.067,223.257,-387.556,384.580,17.913,-667.520,-154.461,353.531,-387.049,611.380,-44.224,-892.795,-269.486,11.392,2.524,115.628,-7.980,-7.032,-111.152,,,,285.035,163.475,-133.212,,,,109.160,478.352,40.244
186,0,184.747,-586.771,-18.017,100.743,-499.075,92.006,123.372,-423.105,175.787,78.114,-575.044,8.226,223.514,-388.689,382.951,13.024,-669.061,-162.094,349.514,-394.861,599.178,-47.482,-895.788,-299.974,11.406,2.468,115.063,-8.001,-6.984,-110.556,,,,282.826,172.424,-130.352,,,,104.868,486.659,44.385
187,0,184.084,-585.008,-36.965,95.000,-499.446,85.656,123.773,-424.559,164.157,66.227,-574.332,7.156,219.256,-396.461,376.493,-4.653,-670.126,-173.589,337.224,-409.117,599.383,-62.028,-898.879,-307.552,15.698,1.842,112.054,-12.471,-6.372,-107.260,,,,267.150,169.725,-136.616,,,,99.522,484.926,44.966
188,0,184.323,-584.378,-37.530,96.739,-505.071,84.593,131.726,-430.522,167.907,61.751,-579.619,1.280,219.810,-407.823,376.708,-3.850,-670.770,-174.770,335.805,-426.889,604.802,-61.816,-900.261,-306.219,19.018,1.812,111.962,-15.885,-6.340,-107.151,,,,266.218,177.176,-144.525,192.185,538.858,197.720,99.620,493.898,42.383
189,0,241.142,-554.151,-81.009,101.727,-503.010,52.823,140.140,-433.374,142.258,63.313,-572.645,-36.612,208.622,-405.956,373.520,-19.232,-645.026,-232.556,308.329,-419.489,609.179,-72.757,-874.636,-356.359,21.955,-0.628,110.526,-18.819,-4.084,-105.863,,,,263.083,183.798,-143.660,173.886,535.329,204.014,80.184,491.598,82.621
190,0,197.950,-556.311,-84.573,104.177,-505.189,44.492,144.533,-437.825,128.413,63.822,-572.553,-39.429,220.319,-419.513,338.466,-18.401,-666.116,-219.501,319.151,-435.239,575.427,-71.067,-896.972,-294.135,24.023,-2.291,111.883,-20.571,-2.425,-107.421,,,,258.896,195.279,-149.432,180.284,553.214,205.841,82.219,509.935,66.806
191,0,248.546,-544.963,-138.852,110.227,-503.318,11.144,156.213,-443.106,104.207,64.242,-563.530,-81.920,216.387,-418.877,327.764,-19.638,-622.596,-293.437,302.699,-428.475,573.661,-70.861,-839.429,-430.834,27.484,-4.661,111.514,-24.017,-0.340,-107.062,,,,259.415,203.483,-134.316,168.427,545.659,222.726,75.631,506.787,116.540
192,0,210.809,-553.668,-151.628,111.250,-512.991,7.265,176.400,-460.314,90.274,46.099,-565.668,-75.744,242.384,-451.064,256.848,-23.874,-671.387,-271.017,311.442,-438.545,395.344,-77.514,-890.693,-382.234,36.720,-6.657,112.082,-32.559,2.026,-107.862,270.162,218.469,58.614,244.494,230.807,-141.758,185.541,554.625,206.648,79.598,530.901,82.218
193,0,217.358,-567.901,-174.278,121.393,-522.064,10.699,200.480,-472.064,92.163,42.306,-572.064,-70.765,247.393,-448.179,210.247,-44.799,-669.997,-254.646,302.871,-434.474,290.885,-95.689,-885.284,-371.154,42.186,-7.748,111.413,-38.126,3.379,-107.482,260.260,223.276,46.376,229.924,233.095,-141.816,183.365,567.093,180.901,70.775,539.034,70.486
194,0,218.994,-566.588,-188.445,123.471,-520.608,15.644,203.920,-469.051,98.970,43.023,-572.164,-67.682,248.192,-442.382,217.007,-42.164,-649.951,-264.880,307.337,-432.849,377.086,-92.110,-852.388,-406.973,43.014,-7.768,111.715,-39.033,3.399,-107.721,263.102,225.679,54.819,234.941,235.170,-142.397,185.460,565.266,187.314,71.403,535.839,71.420
195,0,218.277,-566.996,-176.166,121.604,-521.025,18.640,198.129,-467.538,103.091,45.078,-574.513,-65.811,247.545,-439.332,237.598,-49.811,-635.998,-270.671,306.294,-432.658,386.475,-95.896,-832.311,-429.056,44.042,-7.625,111.764,-40.182,3.223,-107.742,263.613,228.976,54.562,235.574,242.005,-141.898,189.329,574.216,187.074,73.027,542.467,69.928
196,0,213.241,-576.879,-187.600,119.385,-522.995,16.355,193.222,-470.581,102.656,45.548,-575.408,-69.946,227.988,-445.208,281.909,-55.523,-625.220,-298.317,297.019,-437.251,510.003,-96.515,-812.618,-482.385,44.170,-7.530,111.171,-40.556,3.034,-106.822,263.715,227.833,54.979,230.722,249.103,-129.341,189.690,573.600,185.947,72.448,544.208,96.421
197,0,184.505,-587.025,-212.581,112.895,-526.551,13.327,189.774,-477.648,97.327,36.015,-575.455,-70.672,224.028,-453.225,287.275,-75.346,-616.131,-305.888,281.681,-442.583,513.190,-110.745,-797.702,-489.251,44.655,-7.450,109.488,-41.261,2.909,-104.861,258.834,234.148,46.858,232.930,243.301,-128.515,187.752,582.978,172.027,68.223,542.264,101.204
198,0,154.881,-602.156,-211.470,104.836,-528.121,8.094,186.173,-479.976,89.033,23.500,-576.266,-72.846,,,,-85.261,-616.505,-305.610,273.598,-446.889,522.733,-118.039,-803.183,-486.770,45.207,-7.136,106.709,-41.997,2.557,-101.843,256.050,238.088,35.151,232.632,247.190,-118.270,189.320,590.485,157.056,69.271,538.660,134.023
199,0,138.641,-613.779,-208.643,94.034,-532.675,8.074,174.560,-489.125,90.039,13.509,-576.224,-73.890,,,,-93.501,-619.166,-302.184,267.944,-469.587,548.349,-134.925,-813.074,-471.811,45.256,-7.099,106.011,-42.149,2.526,-101.004,249.327,245.743,35.028,229.832,255.781,-119.288,192.317,602.165,161.553,70.191,541.963,123.364
200,0,114.837,-622.731,-206.258,81.495,-534.206,8.004,162.855,-491.636,89.029,0.134,-576.775,-73.020,,,,-104.271,-622.456,-295.573,259.877,-474.415,547.942,-149.342,-816.255,-460.721,45.747,-6.789,104.482,-42.790,2.119,-99.408,248.178,253.388,34.492,228.015,254.693,-120.284,198.497,613.188,159.772,74.188,544.060,117.509
201,0,115.383,-633.757,-205.003,73.926,-538.839,9.046,151.519,-497.153,90.460,-3.668,-580.524,-72.368,,,,-110.289,-622.990,-294.808,251.475,-509.630,587.838,-155.039,-819.603,-466.179,45.723,-6.669,104.375,-42.865,1.897,-99.206,248.342,259.970,37.467,225.283,255.190,-120.658,201.317,624.414,163.079,79.820,552.135,114.571
202,0,81.723,-651.913,-191.932,60.451,-543.279,10.713,128.647,-503.242,93.363,-7.744,-583.316,-71.937,,,,-108.390,-619.291,-306.389,244.597,-510.489,609.028,-156.587,-791.208,-511.190,45.439,-6.265,104.418,-42.747,1.196,-99.184,246.276,273.898,43.302,223.604,259.464,-121.330,208.945,639.637,165.257,83.462,565.545,105.593
203,0,39.918,-661.780,-168.095,45.710,-544.556,10.905,112.696,-502.560,93.548,-21.276,-586.553,-71.739,,,,-117.826,-615.175,-303.266,234.979,-511.042,615.677,-167.515,-793.478,-502.871,45.307,-6.157,104.008,-42.568,1.054,-98.528,246.756,269.394,30.591,210.786,259.291,-114.803,221.277,632.311,131.034,91.717,565.259,122.426
204,0,50.866,-662.302,-161.838,40.677,-547.856,13.030,108.621,-507.772,97.464,-27.268,-587.940,-71.405,,,,-123.145,-616.513,-301.604,224.429,-527.830,632.973,-167.892,-795.658,-496.363,45.263,-6.081,104.042,-42.637,0.879,-98.560,252.894,265.978,32.034,209.716,254.392,-120.189,224.001,628.886,137.961,93.482,562.134,121.692
205,0,58.664,-659.117,-133.013,35.897,-548.902,34.627,105.831,-505.610,119.227,-34.038,-592.194,-49.974,,,,-130.953,-627.573,-274.797,220.353,-531.241,651.182,-187.541,-807.223,-457.382,45.257,-5.491,103.022,-42.749,0.317,-97.352,256.684,268.816,18.613,204.784,255.315,-131.324,229.366,638.981,126.071,94.466,569.907,72.648
206,0,68.702,-656.372,-94.944,36.097,-544.628,53.443,105.407,-490.095,143.384,-33.213,-599.161,-36.498,,,,-131.007,-633.343,-241.303,142.909,-200.398,507.143,-192.096,-806.972,-423.100,46.422,-4.614,103.191,-44.033,-0.475,-97.570,264.140,268.239,-0.301,191.914,255.013,-165.530,236.513,636.234,109.237,94.105,574.147,4.863
207,0,70.406,-653.227,-62.220,34.075,-539.516,83.583,104.543,-476.423,168.764,-36.392,-602.609,-1.598,,,,-141.573,-651.596,-199.776,134.798,-203.940,525.964,-205.720,-809.500,-379.164,46.855,-3.814,102.419,-44.530,-1.152,-96.773,267.147,272.577,-19.487,188.728,258.364,-188.277,248.419,643.030,73.209,94.520,577.203,-30.521
208,0,69.024,-646.762,-57.471,23.689,-533.898,101.408,95.068,-463.497,188.210,-47.689,-604.300,14.606,,,,-160.585,-651.064,-186.861,157.722,-298.408,584.911,-222.339,-810.291,-363.158,46.797,-0.102,101.383,-44.472,-4.567,-95.613,267.378,287.931,-22.111,178.803,270.659,-178.496,260.458,659.707,53.675,94.507,590.874,-16.937
209,0,54.813,-640.507,-44.065,13.880,-526.597,109.683,96.335,-449.179,189.379,-68.575,-604.014,29.986,,,,-180.632,-634.258,-150.898,154.789,-71.916,335.157,-240.467,-790.363,-317.657,50.051,1.503,96.960,-47.802,-6.252,-91.874,268.538,289.612,-14.293,160.560,279.580,-175.180,263.857,656.543,57.471,93.842,610.483,-14.765
210,0,50.221,-638.166,-47.054,2.845,-528.235,101.198,85.234,-451.805,183.937,-79.544,-604.665,18.458,,,,-187.127,-609.922,-167.198,124.413,-114.992,292.075,-256.232,-762.566,-333.996,50.946,2.881,95.699,-48.867,-7.696,-90.879,268.370,296.409,-13.464,151.149,285.987,-155.752,262.438,661.098,63.950,94.075,628.548,-1.432
211,0,53.795,-618.411,-51.231,-4.791,-528.292,96.642,81.250,-453.442,178.931,-90.833,-603.143,14.354,,,,-192.022,-602.408,-175.406,143.237,-455.637,539.754,-262.976,-763.137,-350.336,51.627,3.368,95.325,-49.800,-8.391,-90.490,265.416,312.586,-7.123,144.934,287.317,-143.018,260.133,676.535,73.398,94.835,633.595,16.044
212,0,51.708,-618.826,-62.774,-12.751,-529.025,89.273,68.395,-455.243,174.807,-93.897,-602.807,3.738,,,,-190.728,-579.978,-184.956,147.107,-488.028,595.545,-269.480,-735.769,-355.109,51.530,4.781,95.778,-49.718,-10.037,-90.983,260.082,318.871,15.606,137.700,285.203,-129.690,257.719,684.893,87.070,95.694,633.061,24.928
213,0,43.286,-619.640,-65.000,-20.694,-529.196,79.646,63.480,-455.818,173.100,-104.868,-602.573,-13.808,,,,-192.576,-571.954,-213.507,150.482,-486.286,573.586,-276.599,-720.252,-386.737,51.574,5.426,96.098,-49.837,-10.889,-91.390,257.073,321.663,40.624,135.520,283.749,-118.084,259.431,689.242,115.179,97.973,632.485,29.160
214,0,32.121,-616.204,-66.122,-26.931,-526.431,73.394,64.396,-456.267,160.976,-118.258,-596.596,-14.188,,,,-196.189,-557.539,-211.789,138.636,-488.557,545.629,-292.652,-704.928,-372.922,53.368,5.565,93.918,-51.870,-11.084,-89.547,254.172,320.327,38.545,120.153,282.973,-109.825,267.691,686.699,106.522,96.838,632.187,42.299
215,0,8.997,-616.623,-79.873,-37.195,-524.159,64.810,60.511,-456.922,144.630,-134.900,-591.396,-15.011,,,,-205.008,-542.295,-214.748,130.819,-466.812,469.549,-297.799,-675.726,-387.553,54.644,5.510,92.353,-53.156,-11.060,-88.128,244.337,324.562,36.431,116.275,284.248,-109.372,266.964,691.291,100.700,97.982,635.403,42.273
216,0,-12.654,-616.989,-92.144,-45.939,-519.087,63.486,60.694,-457.250,137.210,-152.572,-580.924,-10.238,,,,-232.624,-523.789,-215.337,126.636,-452.362,458.032,-320.696,-647.616,-403.450,55.803,5.289,87.174,-54.540,-10.925,-83.093,232.174,337.733,26.488,110.320,291.230,-111.024,267.576,702.330,90.337,96.172,641.418,41.951
217,0,-28.506,-621.013,-65.442,-61.330,-516.706,88.873,46.800,-456.253,156.537,-169.461,-577.158,21.209,,,,-241.005,-509.263,-176.022,123.869,-444.430,462.929,-341.345,-621.260,-368.873,56.522,5.488,85.563,-55.446,-11.092,-81.456,229.914,344.563,13.452,110.221,297.394,-122.571,266.921,709.691,58.312,96.778,656.338,-21.937
218,0,-56.762,-616.544,-56.712,-72.512,-503.158,111.761,51.277,-452.608,157.202,-196.301,-553.708,66.320,,,,-291.407,-441.577,-120.098,109.321,-371.310,128.513,-363.609,-548.571,-318.300,63.843,4.589,77.785,-62.835,-10.416,-74.033,212.996,356.727,-30.857,79.814,302.044,-124.360,264.722,719.982,15.093,78.788,672.974,-19.269
219,0,-73.065,-608.386,-24.374,-81.848,-484.692,138.356,52.973,-437.050,172.947,-216.668,-532.335,103.765,,,,-290.758,-396.005,-77.725,98.526,-352.252,43.020,-370.807,-506.137,-281.657,70.348,4.252,72.801,-69.423,-10.188,-68.868,207.767,360.355,-60.353,76.299,304.587,-144.356,260.402,720.037,-9.043,71.226,685.636,-48.608
220,0,-77.551,-609.226,-31.209,-85.971,-484.329,133.677,49.316,-439.256,174.556,-221.259,-529.403,92.798,,,,-301.316,-392.347,-95.152,,,,-382.004,-469.840,-296.059,71.166,3.420,71.411,-70.435,-9.507,-67.564,198.256,368.757,-54.314,67.227,310.999,-142.851,255.411,730.403,-15.800,67.039,697.689,-42.870
221,0,-88.701,-607.688,-22.174,-83.076,-487.263,141.426,49.872,-444.119,179.552,-216.023,-530.407,103.300,,,,-286.977,-371.463,-86.718,,,,-374.270,-428.586,-303.329,72.760,3.234,69.422,-72.234,-9.375,-65.496,192.291,369.378,-64.178,66.034,313.022,-155.798,253.500,730.300,-64.089,68.873,699.005,-106.101
222,0,-111.334,-607.631,10.121,-95.644,-485.601,169.562,35.778,-445.111,209.380,-227.066,-526.091,129.745,,,,-293.739,-347.552,-59.769,,,,-377.175,-403.267,-286.424,73.564,3.362,68.153,-73.185,-9.525,-64.117,190.868,371.267,-73.006,63.969,311.922,-185.656,253.445,728.311,-95.184,66.530,694.198,-150.035
223,0,-103.685,-604.487,8.292,-92.758,-487.660,148.375,36.280,-452.973,187.355,-221.795,-522.347,109.395,,,,-290.851,-349.110,-68.894,,,,-371.654,-401.160,-283.492,74.923,0.998,67.053,-74.417,-7.521,-63.149,189.702,367.540,-68.380,58.266,313.467,-169.295,253.150,727.666,-58.425,68.069,704.547,-113.008
224,0,-118.818,-605.324,-6.802,-97.190,-485.258,147.151,35.748,-455.952,185.079,-230.128,-514.565,109.224,,,,-298.508,-328.742,-62.645,,,,-381.961,-371.792,-274.511,75.508,-0.025,66.298,-74.994,-6.658,-62.421,182.225,371.154,-67.027,49.376,314.288,-165.877,246.284,727.944,-59.852,59.958,704.316,-100.154
225,0,-135.292,-605.516,-7.761,-102.547,-486.171,154.284,34.897,-462.000,185.742,-239.990,-510.343,122.825,,,,-299.237,-327.611,-40.270,,,,-387.464,-348.341,-241.498,75.939,-1.442,65.001,-75.460,-5.402,-61.248,176.737,372.020,-63.092,46.995,320.096,-156.629,236.172,728.051,-48.562,61.370,717.576,-91.510
226,0,-149.397,-613.223,-17.949,-107.144,-491.944,140.665,28.316,-475.188,164.653,-242.603,-508.701,116.677,,,,-295.131,-328.647,-44.883,,,,-383.211,-333.513,-268.851,75.745,-3.094,63.008,-75.311,-3.993,-59.263,174.978,370.822,-62.485,46.681,318.948,-155.429,233.088,727.153,-41.204,62.263,714.601,-105.502
227,0,-160.919,-613.253,-60.542,-112.873,-486.438,114.476,24.028,-479.480,128.504,-249.774,-493.396,100.449,,,,-294.738,-312.455,-82.182,,,,-381.799,-305.862,-314.156,75.837,-5.041,58.808,-75.546,-2.323,-55.267,168.108,371.283,-60.805,34.931,318.366,-142.410,231.850,729.348,-39.766,61.995,715.470,-102.070
228,0,-185.562,-616.265,-98.494,-121.385,-495.220,71.307,22.027,-497.159,71.422,-264.798,-493.280,71.193,,,,-312.669,-314.094,-112.808,,,,-389.742,-302.644,-346.143,76.826,-9.670,52.074,-76.728,2.090,-48.765,167.967,372.966,-50.724,21.604,322.230,-119.154,231.946,730.609,1.436,62.788,730.431,-45.859
229,0,-223.582,-610.369,-134.919,-129.241,-493.985,33.153,14.696,-500.223,15.496,-273.178,-487.747,50.810,,,,-325.092,-321.684,-123.501,50.381,-404.262,-199.664,-397.749,-299.092,-348.040,77.202,-14.456,43.153,-77.252,7.015,-40.169,168.383,372.650,-35.966,7.202,326.825,-75.611,228.829,722.577,54.658,62.833,732.246,26.352
230,0,-238.753,-598.080,-119.482,-133.726,-497.582,17.765,-0.881,-506.488,-15.515,-266.572,-488.677,51.045,,,,-319.388,-316.321,-122.671,51.068,-404.333,-254.674,-393.697,-270.256,-343.697,77.141,-16.330,33.854,-77.144,9.018,-31.309,168.117,371.880,-29.595,2.845,328.601,-57.618,221.995,720.586,64.749,67.019,733.310,37.431
231,0,-245.029,-602.441,-132.507,-143.486,-499.573,24.308,-0.306,-517.094,-1.679,-286.665,-482.053,50.296,156.739,-501.044,-145.913,-327.079,-302.925,-120.670,54.737,-435.775,-245.279,-396.935,-252.325,-341.198,78.346,-19.349,32.913,-78.464,12.196,-30.266,164.974,373.387,-18.484,9.538,329.560,-63.012,217.001,726.328,83.783,67.142,752.351,30.727
232,0,-263.536,-602.726,-170.435,-154.795,-498.283,2.897,-9.146,-523.616,-36.057,-300.445,-472.950,41.852,143.371,-524.728,-190.644,-325.802,-293.670,-119.737,40.642,-452.627,-287.157,-399.567,-245.401,-339.860,80.206,-21.754,29.104,-80.572,14.776,-26.492,165.831,373.098,-0.792,14.170,332.372,-59.461,217.074,725.340,142.957,67.590,764.604,24.315
233,0,-284.270,-603.063,-187.361,-158.495,-497.490,-10.113,-14.585,-524.695,-62.862,-302.406,-470.285,42.636,134.092,-543.380,-214.287,-329.624,-303.216,-32.260,20.959,-458.090,-288.916,-401.978,-242.473,-141.380,82.656,-22.619,24.798,-82.954,15.804,-23.152,170.661,372.680,-4.030,12.462,332.660,-66.342,218.052,725.149,125.694,67.580,763.494,19.515
234,0,-287.417,-600.467,-204.544,-167.922,-496.273,-9.436,-19.608,-531.625,-58.739,-316.237,-460.921,39.867,125.143,-570.090,-203.192,-331.797,-282.341,-52.026,6.916,-471.404,-268.904,-401.363,-202.260,-206.265,85.695,-23.945,24.966,-86.233,17.107,-23.133,171.359,373.722,-6.646,14.726,332.228,-82.582,216.371,726.449,138.726,65.466,776.267,-18.518
235,0,-303.448,-575.673,-180.303,-185.191,-494.817,-25.802,-63.339,-529.338,-81.976,-307.043,-460.296,30.372,78.760,-578.851,-214.990,-262.970,-269.302,-93.127,-14.344,-485.541,-260.312,-373.750,-184.180,-261.756,83.050,-23.587,24.146,-83.799,16.736,-21.992,177.825,367.909,-5.276,6.196,310.964,-83.100,217.915,705.256,140.651,68.362,745.711,-28.009
236,0,-321.507,-558.567,-172.200,-187.557,-486.842,-22.785,-70.536,-528.767,-78.538,-304.578,-444.916,32.968,64.086,-595.607,-217.804,-250.149,-236.032,-93.469,-44.745,-487.584,-246.058,-359.068,-150.632,-267.481,82.999,-23.353,23.108,-83.732,16.588,-20.872,180.057,368.752,-2.557,-8.025,305.487,-83.990,213.348,702.846,174.781,62.134,745.138,-26.182
237,0,-321.899,-565.530,-183.033,-194.890,-483.204,-12.250,-61.475,-537.112,-58.613,-328.304,-429.296,34.112,67.040,-638.749,-186.775,-259.958,-218.244,-80.821,-38.351,-529.449,-223.264,-355.840,-139.499,-252.447,85.394,-24.504,23.790,-86.254,17.895,-21.627,178.547,374.063,-4.618,-3.718,306.126,-97.547,203.391,719.081,150.419,50.227,764.745,-31.463
238,0,-331.561,-568.347,-189.085,-203.748,-479.110,-6.502,-69.933,-536.116,-47.456,-337.562,-422.104,34.452,49.031,-668.131,-161.862,-265.422,-210.193,0.668,-49.660,-570.134,-103.387,-349.231,-119.806,-101.331,85.752,-24.303,23.386,-86.555,17.752,-21.616,175.912,379.604,-17.046,-2.845,311.871,-82.501,198.633,727.367,143.356,37.901,770.853,13.265
239,0,-332.980,-568.701,-193.140,-210.531,-473.059,-4.199,-75.102,-534.613,-43.146,-345.961,-411.505,34.748,31.061,-692.999,-86.565,-268.727,-215.201,32.671,-75.341,-596.857,25.267,-350.356,-122.336,-10.364,86.001,-24.196,23.894,-86.831,17.817,-22.112,175.634,379.256,-17.542,-2.843,313.171,-83.458,197.888,727.014,124.957,29.291,774.271,9.843
240,0,-349.200,-561.050,-206.478,-219.131,-463.508,-4.132,-85.579,-535.700,-38.769,-352.683,-391.315,30.505,19.427,-718.306,-75.892,-261.127,-191.778,24.665,-75.570,-627.680,7.426,-330.799,-103.219,-38.968,86.218,-25.010,24.236,-87.054,19.087,-22.508,175.702,379.008,-17.699,-2.808,318.585,-84.503,198.187,726.674,121.615,22.161,777.793,13.455
241,0,-358.399,-562.584,-199.290,-226.680,-466.048,4.573,-94.617,-546.807,-24.393,-358.742,-385.290,33.539,-4.051,-752.757,-63.678,-250.560,-173.420,13.859,-75.351,-662.803,8.598,-317.391,-90.302,-98.610,86.261,-25.803,24.301,-87.111,20.265,-22.550,177.060,379.430,-18.951,1.019,318.655,-89.951,199.112,727.522,120.244,22.051,776.941,12.256
242,0,-377.284,-559.572,-195.875,-238.076,-465.687,19.221,-111.248,-549.168,-4.393,-364.903,-382.206,42.835,-28.396,-770.517,-18.880,-247.588,-171.895,53.508,-94.785,-686.399,101.011,-310.156,-85.633,-20.778,86.197,-25.860,24.000,-87.075,20.523,-22.409,177.106,379.364,-18.953,0.715,317.516,-91.803,198.629,730.802,118.140,14.585,774.946,17.778
243,0,-397.685,-549.551,-178.294,-254.579,-462.118,39.510,-129.998,-554.143,11.278,-379.160,-370.094,67.742,-52.788,-786.674,-33.854,-240.181,-144.313,30.517,-101.543,-742.266,31.332,-301.337,-74.534,-149.403,86.155,-27.366,22.269,-87.031,22.337,-19.982,176.941,383.403,-23.588,2.027,317.652,-89.768,199.209,736.157,124.742,17.425,775.095,42.856
244,0,-396.494,-555.853,-146.088,-267.358,-463.857,54.301,-145.987,-560.115,37.546,-388.728,-367.599,71.057,-81.049,-792.976,-9.111,-236.277,-142.801,29.513,-113.196,-760.006,29.781,-291.383,-69.274,-186.371,85.946,-30.061,22.743,-86.892,25.286,-20.174,176.910,384.210,-24.638,5.457,319.396,-92.995,199.026,737.312,131.820,18.998,779.133,52.121
245,0,-407.738,-549.119,-130.790,-269.319,-464.634,62.155,-146.567,-560.181,36.802,-392.071,-369.087,87.508,-94.308,-809.722,-6.033,-232.535,-148.202,17.934,-119.794,-812.977,49.277,-277.537,-68.041,-192.424,85.914,-30.032,20.653,-86.851,25.345,-17.800,175.400,385.802,-46.569,5.613,320.218,-93.310,197.634,738.868,121.168,19.935,772.690,75.867
246,0,-414.601,-542.824,-121.166,-273.896,-459.434,69.236,-149.805,-558.303,47.842,-397.988,-360.565,90.630,-102.759,-808.315,44.804,-233.456,-132.134,9.323,-140.833,-853.154,142.245,-263.780,-52.285,-217.171,85.871,-30.954,20.738,-86.816,26.651,-18.047,174.694,385.534,-45.783,5.375,328.188,-90.970,193.675,737.140,123.276,14.442,769.359,98.781
247,0,-411.657,-541.753,-121.601,-277.527,-457.512,66.756,-153.368,-557.223,43.810,-401.686,-357.801,89.702,-116.592,-794.443,46.032,-233.024,-128.838,-9.066,-149.610,-877.015,130.226,-259.425,-54.417,-237.766,85.835,-31.971,20.441,-86.779,27.940,-17.262,170.682,385.358,-47.924,2.431,336.543,-80.050,188.670,735.919,126.844,9.607,762.714,136.564
248,0,-424.816,-527.595,-105.729,-282.355,-453.949,68.949,-162.259,-556.721,49.063,-402.452,-351.177,88.836,-132.464,-780.582,105.914,-235.120,-123.538,-35.097,-142.828,-895.001,241.530,-265.529,-59.033,-258.197,85.710,-35.429,21.447,-86.700,31.769,-17.473,168.041,383.520,-54.185,-1.171,339.547,-84.068,184.488,726.858,125.919,-0.389,752.043,135.321
249,0,-431.367,-521.840,-97.016,-286.307,-451.757,72.201,-169.064,-555.944,53.576,-403.550,-347.570,90.827,-144.478,-782.645,99.038,-235.415,-116.353,-39.764,-153.634,-925.741,213.252,-262.527,-54.538,-257.466,85.477,-36.929,22.032,-86.545,33.360,-17.610,163.122,382.829,-52.722,-4.285,339.804,-84.460,183.657,722.124,130.647,-1.027,751.185,133.453
250,0,-427.243,-503.118,-92.066,-294.232,-448.071,72.216,-183.835,-551.226,52.959,-404.629,-344.915,91.472,-149.851,-777.890,69.286,-229.621,-112.681,-39.630,-166.760,-924.005,133.396,-253.954,-54.686,-246.159,84.488,-37.406,22.128,-85.624,33.711,-17.737,159.036,381.092,-51.863,-11.065,342.433,-72.700,181.725,717.546,127.203,-1.157,748.205,138.974
251,0,-427.422,-505.076,-97.615,-295.773,-441.777,70.317,-185.405,-547.564,50.197,-406.140,-335.991,90.438,-160.900,-775.450,55.964,-230.165,-105.288,-45.034,-188.484,-950.006,108.848,-258.171,-53.519,-255.634,83.751,-38.131,21.903,-84.892,34.408,-17.298,151.680,377.300,-61.781,-13.306,343.384,-73.814,174.190,714.119,125.967,-7.887,745.114,139.439
252,0,-425.811,-501.613,-99.483,-297.597,-438.792,64.391,-189.755,-547.495,47.093,-405.439,-330.089,81.690,-179.308,-788.260,50.521,-231.092,-103.847,-72.118,-209.049,-988.794,87.062,-261.699,-57.421,-288.091,82.169,-38.716,21.820,-83.353,34.966,-17.091,148.820,373.790,-67.817,-12.911,342.867,-74.857,174.999,710.882,123.520,-6.488,740.630,137.068
253,0,-423.417,-487.252,-100.788,-300.808,-428.335,65.063,-195.128,-532.864,45.754,-406.489,-323.807,84.372,-194.004,-777.927,45.648,-231.820,-101.424,-71.014,-223.889,-968.511,79.383,-259.574,-58.676,-281.415,81.335,-39.296,21.604,-82.552,35.558,-16.642,149.050,373.273,-66.396,-14.992,344.024,-59.699,175.751,692.220,128.566,-5.225,731.224,160.471
254,0,-425.433,-480.940,-107.694,-300.542,-423.706,63.701,-194.647,-531.836,43.236,-406.437,-315.576,84.165,-202.045,-779.445,43.128,-237.348,-100.046,-65.218,-233.237,-983.162,76.544,-260.741,-60.499,-270.782,80.741,-40.213,20.578,-81.950,36.574,-15.293,149.674,369.998,-84.584,-17.821,348.087,-61.596,176.331,686.143,120.251,-8.129,731.264,156.907
255,0,-430.216,-481.753,-108.041,-302.016,-420.596,63.206,-196.912,-528.777,42.428,-407.119,-312.414,83.985,-210.567,-777.905,40.968,-246.882,-99.953,-63.407,-240.434,-981.310,76.059,-266.969,-61.985,-268.852,80.071,-41.069,20.359,-81.292,37.509,-14.940,150.240,368.903,-83.139,-18.481,353.016,-60.477,176.742,689.112,120.055,-9.624,731.608,163.190
256,0,-432.404,-463.427,-114.514,-306.183,-418.938,60.291,-203.820,-527.466,36.680,-408.545,-310.411,83.902,-221.189,-777.651,34.171,-248.565,-101.398,-61.313,-253.289,-988.008,63.254,-269.031,-70.473,-265.434,79.716,-41.454,19.576,-80.951,37.944,-13.946,160.527,362.709,-85.772,-19.957,352.421,-56.262,182.907,676.413,119.165,-10.432,724.429,172.291
257,0,-430.643,-453.466,-122.053,-308.880,-408.867,60.488,-208.595,-518.982,37.202,-409.165,-298.753,83.775,-230.176,-776.375,41.645,-252.411,-92.492,-59.850,-261.617,-982.954,70.070,-274.010,-71.058,-262.945,79.196,-41.947,19.579,-80.398,38.502,-13.905,166.297,363.098,-85.621,-19.565,361.368,-57.411,185.659,679.279,119.783,-9.913,725.324,169.866
258,0,-438.587,-438.594,-123.181,-309.494,-409.116,59.242,-210.305,-520.137,28.934,-408.684,-298.095,89.549,-237.405,-776.170,31.688,-250.862,-88.614,-38.114,-270.559,-972.798,61.196,-274.182,-74.348,-243.841,78.991,-42.253,15.362,-80.166,38.846,-9.516,174.365,358.722,-96.357,-19.421,361.246,-52.102,194.036,666.888,119.363,-7.177,719.067,188.794
259,0,-442.598,-430.346,-119.576,-315.796,-406.373,63.655,-220.002,-519.389,30.545,-411.590,-293.357,96.765,-250.014,-765.656,39.435,-251.806,-76.028,-21.310,-281.104,-964.342,79.110,-278.338,-75.026,-220.065,78.707,-42.831,14.837,-79.831,39.519,-8.876,179.509,355.277,-93.604,-19.218,360.851,-52.395,197.930,661.462,122.848,-5.547,713.212,197.856
260,0,-447.506,-433.084,-119.876,-319.418,-405.856,63.246,-224.841,-519.243,29.587,-413.995,-292.469,96.906,-256.926,-765.156,37.095,-252.635,-79.069,-21.322,-288.813,-962.501,73.819,-281.848,-77.377,-219.345,78.358,-43.153,13.911,-79.466,39.865,-7.941,180.834,353.043,-95.949,-19.231,360.528,-48.294,201.681,663.518,119.353,-5.349,713.853,196.190
261,0,-445.362,-426.720,-105.726,-319.742,-399.726,81.595,-225.766,-515.417,52.668,-413.717,-284.036,110.521,-259.945,-760.431,66.650,-248.454,-71.287,-7.959,-294.897,-959.689,112.167,-281.834,-76.179,-203.005,78.335,-43.419,13.755,-79.432,40.182,-7.702,185.459,349.747,-99.090,-21.600,360.713,-47.899,201.397,662.851,103.716,-7.123,707.698,199.434
262,0,-444.707,-422.313,-103.632,-320.503,-394.655,88.435,-227.447,-511.629,55.151,-413.560,-277.681,121.719,-266.180,-756.985,66.924,-248.467,-71.644,5.183,-302.836,-957.704,116.355,-286.879,-75.622,-192.130,78.225,-43.597,10.876,-79.318,40.380,-4.638,191.184,349.695,-105.835,-30.756,360.352,-41.040,202.635,664.475,83.262,-7.696,703.029,201.125
263,0,-439.212,-415.617,-81.459,-315.919,-386.547,113.222,-225.586,-505.338,82.585,-406.252,-267.756,143.859,-270.317,-748.506,92.687,-243.164,-68.292,26.984,-310.343,-951.644,152.320,-287.408,-75.611,-166.037,77.581,-44.180,10.087,-78.687,41.052,-3.705,201.680,347.768,-105.508,-35.286,356.207,-38.868,204.630,665.800,77.035,-10.030,688.387,204.464
264,0,-436.003,-412.430,-86.292,-315.485,-384.282,105.707,-225.545,-501.384,75.578,-405.424,-267.179,135.837,-278.302,-740.954,82.902,-243.226,-67.926,17.778,-325.115,-941.853,139.271,-291.366,-78.113,-175.098,77.540,-44.199,9.590,-78.651,41.070,-3.208,209.004,344.585,-109.053,-46.762,347.569,-40.011,210.251,663.130,65.790,-11.649,675.409,205.180
265,0,-426.345,-415.987,-87.546,-316.842,-379.787,104.322,-228.976,-495.812,77.056,-404.707,-263.763,131.588,-285.715,-722.099,91.238,-243.914,-65.727,13.070,-339.404,-923.780,146.807,-299.685,-78.020,-181.198,77.276,-44.315,9.671,-78.400,41.184,-3.308,210.683,342.990,-114.708,-51.664,346.843,-37.091,214.972,662.071,42.503,-13.012,675.111,212.971
266,0,-424.213,-414.688,-69.728,-318.905,-375.604,125.234,-233.452,-491.459,98.220,-404.357,-259.749,152.249,-294.964,-707.725,118.976,-244.338,-65.730,29.421,-352.954,-897.605,175.842,-303.228,-78.482,-165.454,76.948,-44.856,9.131,-78.124,41.696,-2.670,211.277,340.103,-113.726,-66.463,334.909,-37.958,215.193,655.397,47.443,-20.374,660.877,210.258
267,0,-425.198,-416.020,-68.015,-321.568,-372.100,125.622,-239.804,-490.744,94.150,-403.331,-253.456,157.094,-300.355,-700.108,110.757,-240.361,-63.413,34.226,-362.902,-879.368,166.211,-305.405,-68.476,-163.908,76.677,-45.521,6.790,-77.895,42.373,-0.361,214.266,340.154,-120.834,-66.965,334.309,-30.691,218.190,656.464,33.351,-19.749,659.935,220.985
268,0,-432.952,-413.352,-87.048,-324.071,-368.935,111.794,-242.551,-488.133,72.173,-405.591,-249.736,151.415,-314.285,-700.018,78.091,-241.888,-63.014,28.854,-389.060,-875.112,138.595,-319.878,-65.877,-168.715,76.656,-45.772,3.544,-77.874,42.630,2.723,217.710,339.348,-120.602,-72.895,335.202,-29.088,232.847,661.856,39.300,-23.493,664.735,217.735
269,0,-447.864,-414.913,-108.755,-331.185,-369.128,90.444,-251.707,-488.177,34.110,-410.662,-250.080,146.778,-325.572,-697.763,32.159,-253.996,-63.467,25.595,-405.603,-863.446,81.876,-340.370,-66.637,-171.748,76.186,-46.048,-1.157,-77.505,42.855,7.065,216.019,335.789,-119.407,-80.247,335.863,-15.888,243.309,666.941,41.902,-27.554,667.247,221.689
270,0,-461.403,-415.952,-113.780,-338.530,-367.859,89.357,-259.555,-487.061,34.698,-417.504,-248.657,144.017,-337.382,-691.173,37.410,-262.167,-61.904,26.779,-415.907,-843.517,88.804,-347.492,-66.021,-173.536,75.899,-46.144,-3.002,-77.260,42.968,8.831,214.775,337.904,-120.192,-82.599,337.816,-15.868,245.770,684.782,38.913,-33.109,675.374,226.410
271,0,-468.370,-412.388,-116.975,-341.699,-360.055,91.320,-261.816,-478.503,36.523,-421.582,-241.607,146.116,-345.692,-675.068,40.031,-263.530,-61.183,29.219,-430.915,-831.115,118.869,-350.066,-62.538,-176.195,75.795,-46.231,-6.085,-77.173,43.085,11.986,213.932,349.539,-131.467,-84.900,338.282,-14.034,244.274,696.188,22.981,-33.315,676.149,252.156
272,0,-475.312,-413.176,-121.980,-345.599,-355.751,87.743,-266.555,-477.457,36.357,-424.642,-234.044,139.128,-368.230,-682.157,44.391,-263.942,-60.556,8.847,-454.510,-837.150,161.271,-355.310,-57.685,-219.871,75.772,-46.346,-6.020,-77.161,43.278,11.903,221.592,351.250,-136.030,-86.743,338.858,-13.587,253.182,705.061,12.611,-40.852,682.383,259.221
273,0,-491.637,-413.593,-123.163,-351.108,-354.705,79.491,-273.743,-477.932,25.109,-428.473,-231.479,133.874,-387.613,-685.466,29.455,-266.107,-58.849,1.880,-480.220,-819.339,154.255,-360.536,-51.044,-234.629,75.712,-46.431,-7.871,-77.144,43.421,13.461,224.236,352.985,-137.122,-88.982,339.155,-5.792,259.954,709.984,16.499,-42.826,685.519,263.912
274,0,-493.935,-411.174,-126.261,-358.855,-348.747,78.277,-279.510,-473.415,27.750,-438.200,-224.079,128.805,-394.267,-686.027,31.202,-272.765,-49.714,-0.585,-497.810,-788.568,185.347,-365.977,-43.820,-229.695,75.684,-46.215,-8.109,-77.133,43.313,13.570,226.171,354.179,-135.538,-100.494,337.434,0.073,264.338,711.331,18.496,-50.633,686.776,269.817
275,0,-499.026,-403.889,-145.843,-361.636,-337.619,69.234,-281.313,-466.412,27.027,-441.959,-208.827,111.441,-399.992,-685.069,33.891,-273.409,-34.268,-24.989,-512.151,-752.979,224.844,-363.667,-26.290,-258.965,75.598,-46.194,-8.029,-77.113,43.332,13.428,231.956,354.236,-134.924,-100.520,338.216,-1.889,277.690,711.460,20.920,-59.045,691.045,273.563
276,0,-501.363,-390.470,-143.502,-364.684,-325.538,79.478,-286.196,-456.452,46.906,-443.173,-194.623,112.050,-409.140,-680.403,80.590,-271.506,-19.139,-22.836,-523.297,-709.559,285.211,-363.225,-4.624,-249.012,75.650,-46.019,-7.531,-77.266,43.299,12.790,248.261,356.110,-123.785,-99.735,337.811,-3.198,286.773,711.306,29.847,-62.235,691.103,271.848
277,0,-515.171,-374.618,-178.747,-368.200,-319.071,51.314,-291.086,-453.429,19.444,-445.314,-184.713,83.185,-416.585,-681.511,65.471,-268.529,-3.777,-50.110,-539.425,-681.400,260.236,-361.373,13.365,-283.874,75.638,-45.972,-7.526,-77.285,43.308,12.698,254.418,356.034,-123.778,-102.312,339.209,-4.179,299.332,710.124,30.382,-63.178,690.895,278.131
278,0,-523.734,-362.567,-197.973,-368.272,-316.705,29.606,-291.253,-451.774,-1.350,-445.291,-181.636,60.562,-405.753,-682.555,12.545,-263.446,-2.042,-66.370,-527.560,-642.326,218.951,-359.918,24.137,-286.487,75.806,-45.789,-7.319,-77.578,43.230,12.090,273.102,356.064,-117.347,-102.382,339.309,-7.305,315.796,710.285,35.560,-61.317,689.005,274.061
279,0,-532.599,-351.970,-221.090,-367.670,-315.091,14.649,-288.993,-447.339,-22.511,-446.347,-182.843,51.809,-406.735,-680.837,-19.817,-260.735,-8.354,-65.598,-528.203,-599.487,216.088,-357.851,25.468,-279.038,76.058,-45.411,-7.644,-77.925,43.005,12.123,275.221,355.364,-119.140,-104.070,339.324,-3.794,324.267,710.042,20.339,-60.470,688.484,284.665
280,0,-541.536,-343.054,-234.596,-369.183,-316.456,7.783,-288.543,-445.900,-33.290,-449.823,-187.012,48.856,-409.506,-671.845,-15.198,-260.709,-12.029,-61.917,-529.376,-590.477,224.780,-357.947,30.192,-274.382,76.106,-45.089,-8.000,-78.007,42.796,12.236,272.951,353.198,-121.877,-109.960,340.404,-2.370,332.856,707.167,3.795,-63.263,687.596,291.689
281,0,-548.860,-337.357,-221.334,-368.725,-315.875,5.877,-288.416,-442.637,-45.650,-449.034,-189.114,57.405,-407.010,-656.400,-47.109,-251.102,-11.600,-49.905,-524.802,-554.694,186.568,-357.323,37.834,-268.149,76.104,-44.429,-11.656,-78.020,42.224,15.320,277.210,354.712,-124.909,-115.533,340.658,6.672,348.266,707.261,3.457,-64.325,686.930,299.447
282,0,-544.306,-330.720,-225.366,-368.915,-310.226,7.408,-289.246,-437.540,-44.317,-448.584,-182.911,59.133,-408.898,-646.081,-30.350,-247.845,-3.666,-48.739,-532.844,-526.120,225.566,-357.113,47.772,-263.982,76.128,-44.230,-12.328,-78.075,42.086,15.825,282.368,353.294,-125.303,-119.395,341.009,5.347,361.620,705.099,-5.483,-65.599,685.940,296.356
283,0,-542.141,-337.377,-218.323,-374.663,-307.268,10.506,-299.824,-435.343,-40.396,-449.503,-179.194,61.408,-398.107,-606.409,-131.669,-248.088,-2.353,-44.118,-514.335,-470.112,-67.918,-356.794,51.260,-253.513,76.128,-44.225,-13.601,-78.087,42.033,16.851,284.044,352.512,-122.653,-130.969,331.674,3.710,374.370,707.313,-2.214,-67.567,685.108,270.466
284,0,-546.400,-337.924,-212.739,-381.635,-307.655,15.154,-308.327,-434.669,-41.604,-454.942,-180.641,71.913,-395.615,-588.921,-143.435,-248.298,-4.484,-23.675,-502.503,-454.084,-83.675,-356.373,55.455,-237.088,76.190,-44.222,-15.812,-78.199,41.990,18.834,288.315,351.108,-122.368,-138.601,332.271,2.865,386.681,707.458,-1.695,-75.342,688.668,251.357
285,0,-551.275,-325.760,-203.556,-387.223,-306.000,21.091,-313.946,-431.359,-44.065,-460.499,-180.641,86.247,-390.917,-573.626,-177.321,-260.396,-4.353,0.176,-490.862,-434.136,-161.019,-355.963,63.574,-208.071,76.194,-44.275,-18.903,-78.219,41.986,21.729,292.140,349.434,-123.640,-140.123,333.424,18.849,401.056,707.342,-8.031,-82.982,695.261,272.531
286,0,-548.745,-327.909,-200.524,-386.740,-302.050,18.626,-314.207,-422.356,-52.474,-459.272,-181.744,89.726,-365.579,-534.808,-208.188,-263.205,-5.387,31.821,-449.665,-398.021,-234.329,-352.771,68.312,-122.303,76.062,-44.360,-19.139,-78.107,41.979,21.856,297.857,348.450,-118.842,-139.169,333.253,11.808,413.863,707.076,-1.697,-82.897,696.271,244.725
287,0,-548.052,-327.060,-161.650,-381.335,-296.019,28.337,-312.598,-409.770,-50.466,-450.072,-182.267,107.140,-358.279,-523.390,-216.932,-259.480,13.588,99.972,-432.138,-382.984,-247.760,-232.824,181.909,36.216,74.820,-44.279,-20.648,-76.628,41.728,22.992,300.394,347.185,-118.164,-137.035,327.799,19.019,422.140,706.907,-2.332,-89.070,696.052,246.214
288,0,-546.731,-325.166,-68.096,-371.294,-293.450,91.391,-312.155,-406.615,5.839,-430.433,-180.285,176.942,-351.816,-496.345,-172.849,-257.713,31.734,179.311,-412.749,-312.015,-176.306,-225.339,219.408,138.014,71.416,-44.875,-22.002,-73.070,42.162,24.377,306.520,346.252,-127.030,-135.549,328.307,25.176,429.093,706.604,-27.890,-103.866,709.114,237.385
289,0,-546.828,-322.925,-34.474,-367.609,-294.661,119.180,-308.105,-405.950,26.147,-427.113,-183.371,212.213,-315.277,-450.909,-156.032,-266.391,24.838,185.534,-390.527,-283.803,-197.179,-253.725,179.408,103.761,71.001,-46.765,-22.651,-72.808,43.789,25.107,316.511,340.129,-136.968,-137.667,328.426,22.822,446.150,704.611,-40.302,-110.314,721.872,224.223
290,0,-553.881,-311.023,-49.390,-366.838,-297.987,114.342,-307.590,-403.000,17.639,-426.087,-192.975,211.045,-315.975,-416.212,-158.888,-276.627,1.840,228.718,-384.045,-248.736,-199.056,-265.597,166.061,206.903,70.855,-48.023,-23.291,-72.749,44.753,25.577,319.039,336.475,-133.820,-147.572,328.718,12.761,469.551,689.379,-35.327,-117.826,733.715,191.604
291,0,-553.799,-308.827,-40.452,-365.614,-295.809,128.859,-304.889,-397.914,31.663,-426.338,-193.704,226.055,-311.896,-375.050,-138.914,-283.752,1.484,236.418,-373.185,-218.408,-160.062,-270.035,141.648,194.884,71.407,-50.000,-23.350,-73.520,46.401,25.659,339.511,327.773,-124.562,-159.190,328.542,-21.411,497.777,666.672,-13.863,-127.828,735.909,143.887
292,0,-552.890,-308.118,-30.474,-361.394,-299.021,133.590,-302.070,-399.551,34.180,-420.718,-198.492,233.000,-302.954,-361.808,-137.985,-273.044,-4.420,230.922,-354.870,-200.099,-200.333,-272.270,129.247,167.708,71.434,-51.281,-23.284,-73.552,47.554,25.640,346.634,320.895,-124.328,-156.722,328.669,-26.199,504.262,653.455,-11.394,-124.986,736.954,143.585
293,0,-552.254,-297.559,-29.084,-360.322,-295.923,127.706,-301.498,-391.962,28.506,-419.147,-199.885,226.906,-297.713,-321.489,-156.082,-262.255,-4.087,203.547,-332.805,-170.182,-262.738,-253.159,132.464,118.537,71.278,-52.046,-23.011,-73.299,48.332,25.504,355.897,310.711,-123.306,-154.834,328.908,-24.420,515.279,626.634,-5.130,-122.073,735.687,160.480
294,0,-556.298,-287.542,-37.718,-360.899,-295.037,120.542,-301.772,-384.837,16.884,-420.026,-205.236,224.199,-294.877,-283.721,-178.851,-260.202,-8.265,201.067,-316.612,-134.271,-274.628,-255.971,133.191,113.218,71.014,-52.470,-23.696,-73.043,48.729,26.311,360.931,300.347,-123.342,-154.313,331.038,-22.268,527.679,611.161,-4.874,-120.318,733.035,163.022
295,0,-565.549,-285.244,-29.565,-361.384,-287.773,134.613,-301.715,-369.589,20.378,-421.053,-205.958,248.848,-292.901,-239.228,-100.463,-260.744,-6.191,237.142,-314.339,-98.289,-119.976,-251.308,147.515,141.535,71.021,-53.046,-24.992,-73.037,49.365,27.951,368.930,296.309,-122.698,-152.839,339.213,-31.376,546.581,603.690,1.767,-114.168,734.616,151.338
296,0,-565.148,-280.960,-61.649,-363.994,-277.784,115.007,-301.662,-349.939,-6.115,-426.326,-205.630,236.129,-282.589,-179.838,-70.449,-260.406,-2.038,214.373,-286.830,1.285,-29.817,-237.332,169.157,125.082,70.561,-53.219,-25.912,-72.574,49.605,29.316,371.140,288.600,-112.533,-148.779,346.835,-35.069,566.128,588.292,22.688,-96.289,734.626,141.975
297,0,-566.097,-277.432,-62.130,-363.587,-276.718,93.188,-300.173,-347.808,-45.330,-427.001,-205.629,231.705,-266.786,-196.082,-145.598,-259.687,0.269,198.100,-275.803,-22.524,-142.957,-230.039,179.785,71.908,69.875,-53.385,-28.829,-72.017,49.811,32.384,372.821,281.459,-112.352,-150.115,349.974,-32.480,574.645,566.823,21.343,-96.129,735.320,140.466
298,0,-565.242,-267.890,-63.205,-362.225,-276.043,84.854,-299.051,-343.702,-55.326,-425.399,-208.385,225.035,-255.820,-221.909,-198.833,-244.420,-7.022,205.377,-267.472,-51.672,-249.687,-184.706,169.582,122.450,68.649,-53.383,-29.701,-70.761,49.806,33.115,373.218,282.049,-108.157,-150.332,350.819,-30.707,582.161,556.220,24.261,-96.249,739.651,118.374
299,0,-565.075,-265.261,-60.745,-361.266,-274.930,87.842,-297.836,-341.162,-48.677,-424.696,-208.697,224.360,-247.945,-216.321,-194.157,,,,-256.569,-47.109,-253.373,-159.219,172.137,133.026,67.498,-53.499,-29.895,-69.563,49.920,33.332,374.180,278.464,-106.277,-150.406,352.072,-31.972,589.044,540.439,24.410,-96.397,739.046,97.444
300,0,-564.780,-267.281,-61.176,-361.710,-277.634,82.764,-298.740,-338.382,-59.042,-424.680,-216.885,224.570,-250.063,-225.309,-199.231,,,,-256.649,-43.397,-250.658,-142.566,170.013,158.117,65.763,-53.205,-31.297,-67.740,49.577,34.647,375.319,273.114,-103.851,-156.693,352.092,-30.936,599.906,532.689,30.935,-104.220,744.834,105.072
301,0,-564.352,-267.258,-51.098,-362.132,-279.538,95.062,-300.318,-332.438,-55.498,-423.946,-226.638,245.623,-241.561,-219.734,-184.016,,,,-247.633,-21.658,-235.763,-153.144,103.902,238.706,63.628,-52.384,-31.855,-65.563,48.681,35.130,382.639,267.185,-104.057,-156.075,353.240,-36.306,615.309,529.761,30.603,-103.774,757.122,91.516
302,0,-565.264,-259.035,-29.862,-360.411,-279.201,103.792,-300.950,-324.401,-53.621,-419.872,-234.001,261.205,-234.399,-219.221,-165.523,,,,-246.260,-15.375,-206.196,-155.843,70.392,237.322,61.166,-51.272,-32.322,-63.170,47.512,35.636,387.579,255.636,-107.864,-158.336,354.314,-51.491,623.574,508.358,18.373,-107.349,757.929,57.268
303,0,-566.405,-257.958,-32.404,-359.627,-277.443,105.493,-301.749,-316.705,-49.595,-417.505,-238.182,260.580,-229.982,-210.437,-164.057,,,,-244.544,-4.033,-197.001,,,,59.109,-49.602,-33.524,-61.178,45.725,36.825,388.858,249.725,-111.273,-160.087,354.079,-57.749,633.065,497.044,9.233,-111.026,764.485,45.212
304,0,-567.842,-259.948,-46.190,-361.731,-282.446,99.331,-303.894,-320.764,-55.744,-419.568,-244.128,254.405,-230.075,-211.471,-163.028,,,,-243.596,-3.554,-190.156,,,,58.583,-48.804,-34.552,-60.624,44.887,37.758,395.702,240.643,-112.318,-157.612,355.170,-55.907,648.464,486.512,9.982,-104.424,766.835,59.629
305,0,-577.276,-264.516,-71.268,-365.586,-288.162,65.392,-308.487,-319.714,-97.139,-422.684,-256.609,227.923,-229.415,-210.278,-188.446,,,,-236.490,1.685,-193.192,,,,58.124,-46.881,-36.715,-60.222,42.879,39.780,398.122,230.058,-112.370,-157.362,355.118,-58.327,665.020,463.914,8.337,-102.551,766.044,50.269
306,0,-577.012,-271.485,-126.401,-368.266,-293.114,42.595,-309.593,-318.937,-116.311,-426.939,-267.292,201.501,-223.431,-214.048,-204.787,,,,-220.884,-4.346,-205.886,,,,57.312,-43.408,-38.839,-59.387,39.258,41.799,404.051,217.070,-109.384,-155.035,354.875,-56.310,678.199,442.298,10.625,-102.026,769.384,51.578
307,0,-576.856,-271.592,-127.494,-369.411,-291.905,32.746,-310.240,-313.013,-128.713,-428.583,-270.798,194.206,-219.840,-205.828,-212.085,,,,-211.465,3.316,-204.725,,,,56.480,-41.655,-41.524,-58.645,37.504,44.467,408.145,208.708,-109.428,-154.938,354.784,-55.137,692.607,422.322,8.586,-101.486,768.633,54.991
308,0,-574.712,-271.690,-121.968,-370.860,-288.756,41.718,-309.635,-309.166,-111.711,-432.085,-268.345,195.147,-210.438,-189.752,-141.242,,,,-201.970,20.230,-69.440,,,,56.525,-41.648,-41.219,-58.687,37.554,44.242,419.386,205.240,-108.905,-152.991,354.718,-64.992,697.800,413.339,19.675,-95.416,769.096,51.383
309,0,-574.259,-271.037,-128.269,-370.964,-288.314,35.709,-308.906,-308.218,-119.539,-433.021,-268.410,190.957,-207.274,-182.755,-145.553,,,,-203.331,26.645,-102.947,,,,56.563,-41.278,-41.808,-58.726,37.269,44.876,425.832,194.605,-114.385,-150.586,356.906,-64.435,712.690,392.168,13.402,-86.137,774.595,54.411
310,0,-577.776,-272.864,-131.785,-372.531,-292.457,23.236,-311.668,-307.166,-142.912,-433.394,-277.749,189.384,-210.880,-178.781,-151.062,,,,-204.157,30.213,-80.738,,,,55.535,-39.193,-45.246,-57.771,35.295,48.307,424.567,191.991,-114.359,-148.911,357.364,-50.939,719.092,380.678,10.857,-82.430,775.922,74.615
311,0,-585.258,-272.907,-127.299,-374.003,-290.294,22.682,-314.815,-300.113,-145.789,-433.192,-280.475,191.153,-212.830,-170.591,-153.518,,,,-201.270,37.644,-50.041,,,,53.933,-37.166,-48.573,-56.375,33.316,51.821,426.202,190.448,-114.354,-147.996,359.728,-43.346,729.560,362.853,10.444,-77.405,784.437,81.163
312,0,-585.248,-275.910,-142.872,-374.670,-288.798,11.865,-314.898,-299.135,-153.591,-434.442,-278.461,177.321,-213.289,-171.087,-159.104,,,,-194.316,36.013,-73.906,,,,53.825,-36.935,-48.475,-56.268,33.120,51.726,431.934,180.204,-113.950,-142.121,360.942,-43.722,734.329,345.155,14.851,-67.095,782.742,80.970
313,0,-588.304,-277.954,-138.774,-374.832,-291.321,1.791,-315.761,-298.328,-172.916,-433.904,-284.315,176.497,-210.150,-169.589,-189.007,,,,-182.719,40.012,-86.444,,,,52.986,-35.981,-50.626,-55.498,32.183,53.748,432.054,172.918,-112.473,-140.655,364.740,-40.266,740.670,320.183,25.131,-60.441,791.389,80.475
314,0,-589.594,-279.217,-147.800,-374.739,-288.623,-6.892,-315.612,-294.706,-180.666,-433.865,-282.540,166.881,-206.756,-167.721,-197.582,,,,-181.139,38.647,-93.620,,,,52.596,-35.615,-51.344,-55.153,31.838,54.515,430.972,161.353,-112.434,-140.185,364.945,-39.824,738.841,302.134,24.850,-55.121,789.520,81.389
315,0,-586.416,-279.719,-198.236,-373.001,-287.618,-23.928,-311.593,-292.987,-193.750,-434.409,-282.249,145.894,-200.614,-159.452,-208.919,,,,-165.898,45.783,-102.661,,,,52.588,-35.669,-51.742,-55.119,31.908,54.900,429.663,152.608,-112.512,-137.917,368.070,-38.393,740.770,286.859,23.089,-47.743,791.685,81.300
316,0,-585.859,-283.566,-198.990,-371.171,-287.910,-27.083,-307.974,-293.654,-198.547,-434.367,-282.166,144.380,-197.452,-153.101,-210.984,,,,-158.022,51.961,-104.719,,,,52.553,-35.645,-52.286,-55.080,31.905,55.517,432.510,146.917,-109.352,-127.739,368.914,-35.871,748.697,264.942,34.700,-31.609,793.859,81.361
317,0,-585.570,-284.176,-195.806,-370.057,-285.426,-24.384,-306.659,-289.662,-196.710,-433.455,-281.190,147.942,-193.379,-144.845,-212.043,,,,-153.418,61.619,-106.048,,,,52.132,-35.674,-53.865,-54.685,31.939,57.164,432.033,141.100,-109.330,-126.596,368.935,-33.539,750.779,246.470,32.871,-24.141,796.144,78.537
318,0,-582.373,-288.501,-211.734,-366.994,-284.252,-31.532,-303.289,-287.351,-203.149,-430.699,-281.154,140.085,-185.965,-145.155,-219.853,,,,-147.181,57.455,-113.675,,,,51.779,-35.612,-55.147,-54.322,31.894,58.399,431.629,129.176,-109.582,-123.673,370.806,-32.309,764.923,224.768,19.509,-7.391,795.589,78.597
319,0,-582.736,-290.078,-201.152,-364.229,-284.396,-34.747,-302.627,-285.860,-209.075,-425.830,-282.931,139.582,-182.820,-147.117,-233.344,,,,-146.098,55.791,-132.232,,,,51.035,-35.368,-56.341,-53.673,31.660,59.541,431.114,118.836,-115.001,-124.334,368.763,-29.090,775.073,190.856,2.442,-4.316,794.678,78.731
320,0,-578.949,-291.238,-199.708,-359.714,-284.958,-36.392,-299.800,-286.205,-209.300,-419.627,-283.711,136.517,-174.691,-149.502,-236.564,,,,-138.627,53.613,-142.118,,,,50.202,-35.297,-56.967,-52.796,31.587,60.065,431.325,112.382,-120.864,-119.479,367.594,-25.078,789.751,159.993,-16.798,5.422,791.619,86.974
321,0,-574.370,-298.508,-215.075,-358.064,-286.694,-43.892,-297.817,-288.969,-214.846,-418.312,-284.420,127.063,-174.138,-150.972,-244.590,,,,-135.451,49.584,-155.435,,,,49.970,-35.341,-57.404,-52.514,31.627,60.468,431.064,107.639,-123.155,-113.572,364.946,-25.367,786.090,135.962,-13.776,19.753,791.827,84.576
322,0,-574.994,-306.021,-214.727,-357.838,-291.449,-51.667,-297.020,-294.399,-224.866,-418.655,-288.498,121.532,-166.841,-161.769,-255.322,,,,-127.642,43.904,-165.659,,,,49.947,-35.356,-57.705,-52.479,31.642,60.759,431.134,105.408,-124.115,-107.905,363.198,-24.611,787.076,124.431,-3.346,37.091,791.609,80.413
323,0,-569.950,-311.544,-209.271,-354.100,-297.147,-48.748,-295.305,-302.214,-220.526,-412.896,-292.081,123.031,-164.605,-170.812,-252.539,,,,-127.113,41.268,-172.015,,,,49.202,-35.366,-58.449,-51.615,31.649,61.393,431.012,104.927,-130.946,-109.433,360.386,-25.054,788.057,87.675,-6.022,37.217,790.038,77.860
324,0,-558.065,-312.605,-238.865,-349.701,-297.876,-59.733,-287.713,-303.261,-227.718,-411.689,-292.490,108.251,-149.062,-171.025,-267.059,,,,-113.774,41.056,-192.363,,,,49.062,-35.329,-58.978,-51.399,31.607,61.850,429.345,106.901,-140.339,-109.102,358.899,-24.462,792.330,66.326,-13.752,40.432,785.548,74.942
325,0,-558.149,-318.292,-234.836,-350.092,-302.795,-54.860,-288.172,-305.485,-223.787,-412.012,-300.106,114.068,-145.381,-171.840,-262.986,,,,-108.847,40.858,-185.118,,,,48.254,-34.751,-59.811,-50.318,31.025,62.660,428.234,109.690,-150.427,-96.968,358.327,-23.368,795.199,51.649,-18.820,58.198,781.861,74.930
326,0,-558.455,-326.520,-228.935,-350.322,-309.240,-52.902,-288.253,-311.156,-223.335,-412.390,-307.324,117.532,-144.611,-175.555,-265.831,,,,-106.429,39.402,-189.381,,,,47.428,-34.613,-60.268,-49.237,30.869,63.063,427.812,111.165,-161.471,-85.508,357.086,-23.135,798.064,18.623,-26.986,79.838,778.941,69.986
327,0,-558.472,-331.969,-227.089,-349.979,-312.244,-51.930,-287.197,-315.813,-223.602,-412.761,-308.675,119.741,-141.240,-180.234,-268.191,,,,-106.063,36.257,-198.274,,,,46.161,-34.670,-60.600,-47.490,30.934,63.339,427.763,111.163,-174.122,-61.562,357.345,-19.814,795.989,-14.288,-29.470,111.377,779.198,72.646
328,0,-554.554,-340.127,-241.581,-347.562,-318.740,-51.445,-282.148,-324.493,-223.812,-412.975,-312.987,120.922,-131.433,-183.065,-269.727,,,,-98.714,35.336,-205.340,,,,45.404,-34.674,-60.920,-46.341,30.940,63.618,428.008,111.930,-180.733,-57.158,359.610,-16.862,794.262,-40.749,-27.371,128.454,779.781,73.343
329,0,-546.999,-342.770,-239.300,-346.820,-326.857,-43.128,-281.266,-329.979,-213.905,-412.374,-323.735,127.648,-130.987,-186.681,-268.948,,,,-95.595,35.571,-200.414,,,,44.024,-34.068,-61.225,-44.620,30.345,63.919,428.066,112.594,-182.200,-63.892,361.259,-10.608,793.658,-61.893,-29.755,119.691,772.484,76.905
330,0,-548.146,-349.852,-214.214,-345.815,-335.288,-27.944,-281.239,-335.379,-203.444,-410.392,-335.197,147.555,-126.165,-198.619,-263.905,,,,-95.332,30.929,-197.597,,,,40.757,-33.104,-61.994,-40.753,29.485,64.646,427.206,112.506,-190.497,-58.741,361.677,-4.953,760.322,-90.206,-28.790,142.189,765.462,89.178
331,0,-538.584,-349.832,-231.172,-343.120,-336.207,-27.976,-279.444,-335.506,-202.871,-406.796,-336.908,146.920,-125.638,-198.072,-262.628,,,,-92.416,30.956,-196.157,,,,39.920,-31.784,-62.708,-39.697,28.245,65.386,427.753,112.799,-191.258,-61.473,361.340,0.774,753.716,-107.264,-28.063,134.296,754.131,91.309
332,0,-536.112,-348.250,-245.616,-339.567,-334.995,-36.491,-277.304,-334.054,-207.758,-401.829,-335.936,134.776,-123.104,-196.818,-266.527,,,,-90.957,31.757,-200.276,,,,38.713,-30.389,-62.884,-38.334,26.953,65.567,427.728,113.140,-189.663,-64.201,358.348,3.582,738.402,-116.711,-27.131,127.821,741.749,93.359
333,0,-529.044,-351.876,-265.038,-335.960,-335.226,-45.838,-273.157,-334.279,-213.848,-398.763,-336.173,122.172,-113.543,-198.960,-269.552,,,,-85.456,30.842,-206.014,,,,38.269,-29.588,-62.990,-37.756,26.188,65.662,430.755,113.248,-188.309,-60.397,356.652,7.918,732.959,-124.985,-25.730,135.499,737.522,98.455
334,0,-528.386,-354.501,-279.781,-334.394,-336.564,-54.952,-270.909,-335.277,-223.145,-397.879,-337.850,113.241,-110.805,-201.261,-278.820,,,,-86.648,29.632,-222.578,,,,38.124,-28.714,-63.218,-37.508,25.388,65.896,430.688,113.381,-190.104,-62.132,353.192,14.737,703.839,-148.340,-12.755,134.283,723.439,113.380
335,0,-529.023,-354.306,-273.756,-333.680,-338.236,-57.387,-270.049,-335.625,-226.420,-397.311,-340.847,111.645,-111.731,-201.014,-279.995,,,,-87.463,29.069,-220.724,,,,37.905,-28.299,-63.245,-37.238,25.008,65.916,430.625,113.616,-189.988,-62.497,351.227,13.541,704.925,-149.330,-10.469,135.368,719.408,114.160
336,0,-529.315,-355.353,-288.539,-331.883,-337.433,-70.745,-266.339,-335.215,-239.737,-397.427,-339.652,98.247,-108.284,-200.804,-287.599,,,,-87.841,26.778,-227.965,,,,37.924,-28.265,-63.233,-37.244,24.985,65.900,430.882,114.479,-192.065,-60.779,351.221,12.648,697.074,-154.047,0.127,142.471,716.091,115.644
337,0,-533.135,-354.960,-281.476,-331.578,-335.717,-79.245,-266.347,-332.273,-249.321,-396.809,-339.162,90.831,-108.339,-200.388,-291.589,,,,-88.860,23.160,-229.009,,,,37.329,-27.558,-63.442,-36.595,24.348,66.107,428.337,120.426,-192.843,-61.500,350.707,15.430,663.192,-169.114,5.649,143.975,711.207,121.366
338,0,-533.454,-358.340,-263.975,-331.757,-337.057,-69.977,-266.536,-333.451,-242.048,-396.977,-340.664,102.094,-109.706,-200.446,-283.122,,,,-89.472,21.222,-208.846,,,,37.345,-27.526,-63.412,-36.623,24.315,66.082,428.313,124.238,-194.693,-62.824,348.906,6.684,669.041,-167.531,5.822,145.807,698.741,107.620
339,0,-538.858,-358.899,-247.454,-335.336,-334.319,-63.141,-272.987,-329.396,-238.937,-397.684,-339.242,112.656,-115.936,-198.748,-277.231,,,,-97.990,21.398,-202.932,,,,36.827,-27.097,-63.890,-36.026,23.931,66.648,421.504,128.141,-197.343,-67.997,348.957,6.653,642.700,-172.464,19.263,143.093,698.402,109.273
340,0,-537.281,-358.305,-262.466,-341.695,-334.760,-54.740,-276.520,-330.594,-230.188,-406.870,-338.926,120.708,-120.441,-199.541,-259.519,,,,-99.022,19.565,-182.014,,,,37.217,-27.545,-63.840,-36.261,24.337,66.612,418.412,135.517,-199.087,-74.047,348.319,-4.442,630.594,-164.146,26.574,143.167,689.620,94.752
341,0,-548.782,-360.051,-257.315,-343.634,-333.913,-55.303,-276.594,-330.577,-231.409,-410.674,-337.249,120.804,-120.699,-199.866,-260.235,,,,-101.153,15.588,-185.762,,,,37.698,-28.334,-63.428,-36.728,25.045,66.223,414.497,137.603,-198.463,-84.168,343.141,-23.296,615.290,-169.069,53.518,144.100,677.467,68.633
342,0,-556.923,-359.711,-248.824,-345.161,-331.627,-55.822,-278.139,-329.441,-233.110,-412.184,-333.813,121.465,-124.512,-199.270,-260.566,,,,-105.498,15.894,-187.174,,,,37.762,-28.419,-63.439,-36.786,25.131,66.238,406.829,140.847,-199.446,-86.278,343.095,-20.898,603.655,-171.259,55.926,147.309,675.824,74.563
343,0,-560.353,-359.573,-250.253,-346.091,-330.253,-61.915,-278.607,-327.975,-239.133,-413.576,-332.530,115.303,-125.776,-197.855,-260.908,,,,-107.179,15.768,-187.402,,,,37.839,-28.449,-63.418,-36.859,25.169,66.216,405.038,143.510,-199.529,-87.060,343.273,-19.830,594.595,-177.261,53.326,147.792,672.113,93.138
344,0,-565.891,-359.762,-246.398,-346.807,-329.412,-63.677,-280.171,-327.129,-241.574,-413.443,-331.694,114.220,-127.249,-198.129,-261.346,,,,-108.334,14.875,-184.779,,,,37.817,-27.998,-63.610,-36.854,24.722,66.376,396.276,146.082,-198.208,-87.309,343.356,-14.793,572.745,-178.057,53.545,149.961,669.181,113.243
345,0,-568.341,-359.557,-231.158,-347.639,-327.208,-48.940,-280.401,-325.101,-228.379,-414.878,-329.315,130.500,-123.667,-197.416,-250.318,,,,-106.904,18.404,-171.432,,,,38.618,-28.368,-63.569,-37.761,24.871,66.176,396.329,150.080,-194.188,-88.298,343.495,-16.284,551.117,-176.232,61.994,151.513,669.814,107.477
346,0,-579.654,-361.306,-204.347,-348.999,-323.055,-45.409,-283.330,-321.062,-226.464,-414.668,-325.048,135.647,-122.805,-197.664,-251.725,,,,-106.994,18.602,-173.705,,,,38.831,-28.202,-63.921,-38.109,24.419,66.269,390.617,152.321,-193.179,-88.698,343.134,-15.268,541.913,-173.016,57.906,152.819,670.401,110.782
347,0,-582.662,-363.691,-199.029,-348.699,-322.852,-40.054,-283.347,-320.598,-222.566,-414.051,-325.107,142.458,-118.801,-207.188,-252.538,,,,-105.723,14.372,-181.199,,,,39.365,-28.196,-64.211,-38.927,24.183,66.300,388.609,151.966,-189.091,-88.176,342.990,-17.789,536.871,-173.725,56.207,155.848,670.737,105.325
348,0,-581.721,-363.232,-199.080,-349.115,-318.412,-30.212,-284.280,-318.160,-210.230,-413.951,-318.663,149.805,-118.443,-206.689,-243.603,,,,-106.502,17.168,-172.598,,,,39.987,-28.279,-64.154,-39.752,24.163,66.017,372.279,160.364,-186.490,-95.728,343.087,-26.291,500.180,-172.379,62.349,155.679,668.538,89.743
349,0,-580.584,-362.977,-194.159,-348.149,-318.423,-26.967,-284.503,-318.063,-207.136,-411.795,-318.783,153.203,-114.052,-207.348,-245.094,,,,-105.252,17.587,-173.861,,,,40.012,-27.805,-64.317,-39.832,23.343,66.068,375.112,159.831,-184.582,-95.367,342.223,-25.535,503.876,-171.098,62.125,155.200,669.039,90.296
350,0,-585.751,-362.874,-190.396,-347.995,-317.570,-28.446,-284.800,-317.046,-208.331,-411.190,-318.094,151.439,-110.661,-207.044,-242.340,,,,-104.426,17.710,-156.146,,,,40.192,-27.637,-64.301,-40.082,23.013,65.996,377.492,160.723,-182.098,-95.763,343.869,-24.512,498.880,-170.196,70.849,158.274,668.213,92.476
351,0,-585.361,-360.809,-193.987,-347.777,-317.207,-28.806,-284.525,-318.192,-207.850,-411.030,-316.222,150.239,-107.073,-206.814,-240.606,,,,-99.746,22.558,-159.192,,,,40.169,-27.633,-63.780,-40.022,23.013,65.619,378.802,170.667,-182.423,-88.982,350.560,-23.775,493.580,-165.468,77.387,171.218,668.775,98.002
352,0,-584.482,-352.700,-196.767,-348.541,-314.698,-27.702,-285.592,-316.422,-205.095,-411.490,-312.975,149.692,-107.718,-201.425,-230.263,,,,-100.134,25.172,-143.166,,,,39.849,-27.449,-62.860,-39.646,22.828,64.764,368.265,186.672,-176.897,-90.123,352.387,-26.326,464.595,-156.432,93.651,172.879,669.396,83.252
353,0,-583.607,-352.752,-202.159,-348.508,-312.675,-28.509,-285.555,-314.170,-205.269,-411.460,-311.180,148.251,-106.582,-201.110,-232.217,,,,-97.653,28.175,-147.023,,,,39.651,-26.577,-62.904,-39.472,21.753,64.769,363.073,194.451,-175.916,-80.204,352.261,-17.907,455.605,-153.915,93.179,182.458,668.348,87.530
354,0,-585.722,-348.518,-201.657,-349.839,-309.494,-29.128,-285.688,-311.156,-205.904,-413.989,-307.832,147.647,-106.792,-199.605,-232.532,,,,-98.115,30.841,-150.620,,,,39.656,-26.364,-62.757,-39.494,21.423,64.489,342.224,210.021,-170.340,-83.171,351.641,-29.061,429.575,-141.713,110.420,180.948,664.815,66.349
355,0,-585.542,-347.888,-214.839,-349.894,-308.784,-45.633,-284.761,-310.998,-223.053,-415.027,-306.571,131.787,-106.899,-199.996,-258.704,,,,-98.103,30.710,-196.162,,,,39.547,-25.954,-62.828,-39.439,20.862,64.494,327.127,217.061,-167.607,-71.888,351.026,-25.894,421.360,-134.134,113.520,192.167,665.342,70.073
356,0,-585.274,-348.033,-220.871,-349.359,-310.041,-50.520,-283.295,-313.346,-224.964,-415.423,-306.736,123.924,-105.245,-206.725,-270.176,,,,-97.344,26.886,-227.079,,,,39.429,-25.341,-62.776,-39.328,20.163,64.324,325.978,234.573,-166.596,-60.576,347.339,-25.602,417.031,-125.891,110.678,205.319,662.289,71.999
357,0,-585.024,-347.113,-229.789,-349.939,-311.270,-53.717,-282.158,-313.847,-226.931,-417.719,-308.693,119.497,-105.414,-207.870,-276.204,,,,-97.128,25.579,-233.352,-436.221,0.227,209.245,39.207,-25.084,-62.507,-39.145,19.814,63.796,318.179,246.492,-155.787,-54.714,347.002,-25.215,414.823,-113.985,118.891,216.620,662.649,62.756
358,0,-582.003,-347.136,-250.047,-349.980,-311.408,-61.995,-279.092,-314.023,-234.363,-420.868,-308.794,110.372,-100.949,-213.182,-285.969,,,,-94.701,23.368,-247.563,-447.240,8.136,214.181,39.196,-25.014,-61.269,-39.146,19.647,62.060,307.189,254.166,-147.043,-51.833,345.650,-35.322,406.684,-101.742,138.214,219.982,662.377,29.982
359,0,-579.326,-347.743,-253.915,-349.720,-312.384,-63.971,-276.540,-314.084,-236.184,-422.900,-310.684,108.243,-98.206,-214.405,-291.560,,,,-91.311,23.182,-257.772,-458.862,13.539,237.710,39.140,-24.579,-60.566,-39.132,19.005,60.913,291.330,266.346,-144.424,-45.944,342.593,-38.317,399.926,-91.766,140.705,228.484,661.802,14.439
360,0,-573.158,-347.961,-270.562,-349.665,-312.430,-70.421,-274.049,-314.099,-240.174,-425.280,-310.762,99.332,-97.536,-214.517,-298.810,,,,-89.062,23.122,-277.750,-472.251,20.975,243.249,39.162,-24.481,-58.880,-39.177,18.784,58.799,288.210,273.405,-140.681,-43.737,339.908,-37.404,386.639,-86.615,149.692,232.085,660.824,18.655
361,0,-572.339,-351.069,-272.972,-349.190,-312.989,-73.845,-271.619,-314.415,-244.774,-426.760,-311.564,97.084,-91.244,-217.415,-305.537,,,,-82.030,20.325,-281.409,-484.924,24.697,259.228,39.191,-24.230,-58.580,-39.246,18.411,58.370,290.486,275.223,-139.415,-36.899,339.794,-30.087,375.880,-78.533,150.884,243.178,661.003,22.557
362,0,-570.708,-351.716,-269.386,-347.990,-313.049,-77.096,-269.426,-314.480,-247.098,-426.554,-311.618,92.905,-86.221,-219.846,-304.157,,,,-74.116,18.214,-272.216,-488.307,28.736,256.410,39.211,-24.040,-57.243,-39.307,18.098,56.710,281.980,278.962,-124.292,-34.489,340.093,-29.946,361.869,-66.884,174.524,249.642,661.258,25.572
363,0,-569.407,-351.748,-269.669,-347.336,-313.090,-78.845,-266.458,-314.473,-248.771,-428.215,-311.708,91.081,-82.800,-221.318,-304.059,,,,-69.608,17.461,-269.123,-498.883,34.158,269.693,39.432,-24.033,-55.132,-39.746,18.082,54.401,263.140,286.312,-113.902,-34.003,342.898,-32.426,348.384,-39.911,198.319,256.682,661.363,15.601
364,0,-569.241,-352.177,-268.731,-347.441,-312.370,-78.823,-265.513,-313.184,-249.140,-429.370,-311.555,91.494,-81.753,-221.063,-305.485,,,,-70.327,16.084,-271.509,-508.887,37.526,269.694,39.449,-23.734,-54.925,-39.862,17.721,54.190,233.356,294.960,-118.869,-35.674,346.735,-31.140,336.600,-25.617,192.839,260.193,659.759,20.952
365,0,-568.172,-350.199,-270.217,-348.412,-309.980,-79.798,-264.817,-311.015,-249.530,-432.008,-308.945,89.935,-78.400,-220.814,-304.462,,,,-67.562,15.381,-269.853,-517.424,50.408,268.911,39.364,-23.481,-54.608,-39.855,17.427,53.836,213.313,298.557,-121.004,-31.649,351.516,-27.542,339.474,-14.161,189.485,267.640,664.211,24.288
366,0,-565.295,-351.563,-275.699,-349.387,-309.913,-80.955,-264.411,-312.081,-249.639,-434.362,-307.746,87.728,-77.650,-228.780,-303.519,,,,-65.769,6.626,-269.890,-523.929,49.460,267.675,39.350,-23.465,-54.543,-39.859,17.412,53.760,218.024,298.431,-122.438,-25.018,354.091,-21.914,340.835,-7.033,191.753,273.179,664.004,26.978
367,0,-561.181,-352.691,-278.371,-346.503,-310.725,-83.240,-258.153,-313.992,-250.994,-434.854,-307.458,84.515,-64.431,-235.143,-302.766,,,,-55.428,2.031,-268.069,-525.575,50.736,264.699,39.655,-23.633,-54.205,-40.237,17.533,53.359,217.035,302.300,-123.684,-8.431,358.431,-19.562,338.485,6.354,200.882,289.751,664.899,34.703
368,0,-560.731,-352.770,-278.126,-347.288,-310.268,-81.868,-258.539,-314.030,-250.112,-436.038,-306.506,86.376,-65.152,-240.949,-297.316,,,,-53.790,0.150,-256.507,-539.709,60.239,270.725,39.274,-23.608,-53.964,-39.953,17.484,53.108,184.687,300.915,-118.023,-6.928,358.286,-16.107,332.965,28.935,235.754,297.272,665.976,33.590
369,0,-561.954,-352.235,-261.677,-347.357,-309.610,-77.713,-258.587,-314.090,-246.865,-436.128,-305.131,91.439,-65.061,-241.916,-292.038,,,,-55.172,-2.724,-245.476,-544.541,61.230,266.826,39.268,-23.598,-53.898,-39.966,17.472,53.030,146.461,302.673,-121.734,-9.685,357.100,-15.539,324.581,52.252,227.695,296.069,667.291,34.134
370,0,-558.962,-351.482,-272.471,-348.368,-309.578,-77.477,-258.210,-314.255,-246.776,-438.527,-304.901,91.822,-62.741,-247.366,-291.375,,,,-53.681,-5.947,-244.030,-557.649,68.034,268.708,38.782,-23.396,-54.392,-39.628,17.217,53.502,133.173,305.424,-123.074,-10.706,356.789,-14.681,330.184,57.316,220.539,299.513,671.337,30.137
371,0,-558.268,-347.002,-270.215,-348.372,-307.563,-72.861,-258.232,-312.639,-241.387,-438.512,-302.488,95.665,-61.638,-247.005,-280.813,,,,-53.644,-5.663,-224.323,-562.366,73.640,279.676,37.829,-22.846,-54.728,-38.872,16.598,53.768,105.847,315.915,-124.244,-5.540,356.559,-12.969,320.885,76.461,217.627,308.382,681.471,29.213
372,0,-557.109,-339.328,-266.611,-350.077,-302.653,-67.020,-258.526,-308.750,-233.939,-441.628,-296.555,99.899,-62.454,-246.218,-271.794,,,,-54.334,-5.270,-217.010,-568.010,80.061,281.472,36.576,-22.563,-55.057,-37.697,16.272,54.018,91.358,319.320,-125.341,3.046,356.158,-11.701,322.219,90.296,210.749,318.669,694.700,27.415
373,0,-556.493,-336.618,-256.904,-352.781,-302.366,-53.491,-258.968,-308.448,-215.801,-446.595,-296.284,108.819,-63.094,-248.170,-255.976,,,,-54.655,-8.161,-203.562,-577.787,80.156,292.702,36.019,-22.198,-55.081,-37.309,15.869,54.033,83.501,321.312,-125.749,3.106,358.918,-10.937,323.451,98.899,208.765,315.686,701.379,22.202
374,0,-554.930,-337.150,-259.241,-356.008,-302.283,-50.081,-259.342,-308.538,-211.406,-452.674,-296.027,111.243,-62.996,-250.058,-257.671,,,,-55.024,-9.505,-208.081,-592.510,80.059,306.087,35.113,-22.019,-55.495,-36.642,15.706,54.504,54.731,326.046,-127.546,20.932,358.802,-6.567,321.436,120.583,194.374,327.317,714.572,22.960
375,0,-556.593,-337.342,-238.144,-357.868,-302.354,-42.421,-261.631,-308.487,-201.889,-454.105,-296.221,117.046,-63.354,-250.108,-253.750,,,,-56.290,-10.630,-208.252,-594.041,78.356,308.328,33.476,-21.595,-55.865,-35.213,15.285,54.790,31.777,326.058,-130.692,44.761,354.098,4.365,318.478,139.486,164.998,340.137,711.313,30.769
376,0,-560.329,-334.407,-236.087,-361.900,-300.622,-43.340,-265.000,-306.669,-203.572,-458.801,-294.576,116.893,-63.572,-249.626,-255.423,-427.583,-89.770,262.449,-58.207,-11.711,-210.761,-593.477,78.665,303.843,31.838,-21.319,-56.608,-33.690,15.007,55.464,28.233,325.653,-131.846,54.575,348.505,9.597,319.372,156.517,146.457,344.083,711.296,33.527
377,0,-562.661,-333.582,-228.015,-363.815,-299.364,-40.153,-266.132,-305.274,-198.183,-461.498,-293.455,117.878,-63.816,-249.137,-253.321,-430.947,-90.103,261.310,-59.646,-11.460,-211.632,-597.159,78.369,304.275,30.915,-20.877,-56.790,-32.891,14.552,55.586,25.701,330.308,-133.068,64.559,347.058,11.650,320.225,169.220,128.064,342.616,710.225,36.749
378,0,-567.612,-335.071,-208.942,-366.133,-301.985,-34.057,-269.236,-308.783,-189.265,-463.030,-295.188,121.152,-64.856,-257.659,-253.829,-430.587,-95.675,261.627,-61.864,-21.884,-217.294,-596.512,74.173,307.005,29.707,-20.514,-57.032,-31.785,14.193,55.762,12.589,328.684,-135.949,76.974,341.690,22.466,322.298,178.945,101.416,352.926,706.785,45.891
379,0,-567.473,-337.127,-209.442,-366.322,-308.203,-34.280,-269.118,-318.294,-189.305,-463.526,-298.112,120.745,-63.022,-266.301,-254.684,-428.987,-102.330,253.921,-61.696,-31.032,-225.118,-592.931,66.138,296.620,29.497,-20.556,-57.086,-31.561,14.232,55.780,-0.408,327.580,-143.026,88.889,334.802,26.341,323.660,204.887,90.799,366.403,703.321,48.825
