PEAK1=182,right_hand_TZ,Ball Toss
PEAK2=252,left_hand_TZ,Follow Through
SNAPSHOT=start_pose,252
SNAPSHOT=hand_cross,0
SNAPSHOT=flat_racket_arm,0
SNAPSHOT=peak_racket_arm,0
SNAPSHOT=contact,266
SNAPSHOT=hand_cross_2,307
SNAPSHOT=racket_deceleration,268
SNAPSHOT=finish_pose,288
,,head,,,chest,,,left_shoulder,,,right_shoulder,,,left_elbow,,,right_elbow,,,left_hand,,,right_hand,,,left_hip,,,right_hip,,,left_knee,,,right_knee,,,left_foot,,,right_foot,,
,,TX,TY,TZ,TX,TY,TZ,TX,TY,TZ,TX,TY,TZ,TX,TY,TZ,TX,TY,TZ,TX,TY,TZ,TX,TY,TZ,TX,TY,TZ,TX,TY,TZ,TX,TY,TZ,TX,TY,TZ,TX,TY,TZ,TX,TY,TZ
,,mm,mm,mm,mm,mm,mm,mm,mm,mm,mm,mm,mm,mm,mm,mm,mm,mm,mm,mm,mm,mm,mm,mm,mm,mm,mm,mm,mm,mm,mm,mm,mm,mm,mm,mm,mm,mm,mm,mm,mm,mm,mm
1,0,84.5421,-476.146,1419.72,136.904,-199.779,1279.77,240.712,-143.625,1261.95,33.0965,-255.933,1297.59,270.788,-96.6744,1042.8,99.6874,-312.258,979.508,301.805,-60.8819,795.698,112.46,-363.895,785.843,74.6361,93.8235,872.431,-72.3146,-92.6061,895.069,207.772,-8.05283,486.396,11.9415,-242.464,578.046,189.733,16.6665,92.155,-124.014,-331.399,132.722
2,0,93.1322,-473.276,1418.42,153.98,-196.979,1278.63,255.847,-141.392,1260.22,52.1135,-252.567,1297.03,292.42,-97.6087,1043.5,103.62,-311.92,982.82,320.86,-80.5827,797.346,126.133,-365.886,797.442,74.6398,93.8209,872.417,-72.2572,-92.5233,895.07,207.797,-7.65527,486.921,11.539,-232.838,570.385,191.659,35.5231,92.1161,-122.614,-312.116,129.196
3,0,107.018,-473.257,1415.56,168.399,-197.895,1274.49,269.671,-144.056,1254.55,67.1272,-251.734,1294.43,306.37,-110.565,1041.07,108.284,-311.334,986.956,340.503,-110.558,796.363,140.638,-369.268,814.677,74.8795,93.6341,872.427,-72.3059,-92.0639,895.034,207.801,3.11224,487.525,11.8771,-237.913,570.562,201.347,109.17,92.4504,-127.088,-300.985,129.726
4,0,115.101,-471.847,1414.38,173.873,-196.978,1272.96,275.541,-144.319,1252.2,72.2051,-249.637,1293.72,313.447,-113.13,1040.84,111.693,-308.372,989.342,349.565,-117.11,796.592,145.126,-368.858,820.078,75.1186,93.3202,872.426,-72.3567,-91.5072,895.009,206.264,4.99845,487.59,10.05,-236.734,568.363,209.373,103.298,91.5996,-131.257,-289.564,126.977
5,0,113.616,-469.598,1414.42,174.039,-196.417,1271.76,276.361,-145.476,1249.78,71.7163,-247.358,1293.74,312.293,-120.159,1040.22,112.972,-306.315,993.177,347.572,-126.639,796.632,149.285,-368.781,823.924,75.3564,92.8424,872.368,-72.4445,-90.833,895.039,204.957,5.23939,488.584,9.82457,-238.547,569.811,208.3,101.682,91.5952,-134.976,-293.883,127.062
6,0,113.141,-464.178,1415.38,173.881,-194.935,1271.81,276.451,-145.128,1249.79,71.3122,-244.743,1293.83,313.451,-120.287,1039.92,112.825,-303.838,995.37,347.235,-125.361,796.921,149.664,-366.878,824.395,75.5446,92.7236,872.362,-72.5108,-90.6346,895.039,204.365,6.70307,489.889,9.82164,-243.04,572.088,207.745,100.294,92.0277,-136.974,-297.486,127.244
7,0,112.046,-464.241,1415.68,173.385,-195.42,1271.5,276.149,-146.311,1249.29,70.6206,-244.529,1293.72,313.709,-122.454,1038.49,112.639,-303.302,995.121,348.395,-127.958,796.037,148.816,-366.848,822.872,75.6515,92.3638,872.365,-72.545,-90.1646,895.017,202.907,11.6544,489.822,9.83225,-242.759,571.598,207.656,117.315,90.1494,-140.979,-289.894,125.883
8,0,111.617,-464.008,1415.58,174.1,-195.231,1271.03,276.424,-146.348,1248.55,71.7761,-244.114,1293.51,314.774,-123.584,1037.48,113.577,-303.041,995.352,347.364,-127.021,796.047,148.659,-366.661,822.065,75.7189,92.3415,872.359,-72.5625,-90.1151,895.018,202.975,12.9617,490.724,10.2096,-246.818,574.422,207.665,116.14,92.3832,-140.529,-300.508,127.933
9,0,112.636,-464.153,1415.69,173.85,-195.837,1270.52,276.43,-147.491,1247.98,71.2694,-244.183,1293.05,315.871,-123.186,1037.3,113.418,-302.817,995.187,349.356,-123.884,796.024,147.922,-365.933,821.302,75.7542,92.1196,872.382,-72.5694,-89.8392,894.973,202.691,10.665,490.734,10.4929,-244.125,573.519,208.988,110.529,90.3656,-140.203,-296.098,126.846
10,0,113.781,-464.24,1415.71,173.671,-195.905,1270.5,276.078,-147.288,1248.07,71.2638,-244.523,1292.93,315.725,-122.784,1037.07,113.577,-303.066,995.055,349.717,-122.242,796.173,148.099,-365.896,820.77,75.766,92.159,872.409,-72.5578,-89.8614,894.925,202.778,10.3519,490.772,12.265,-244.43,573.547,209.256,106.3,90.5885,-139.398,-296.597,128.239
11,0,113.925,-464.151,1416.49,173.315,-195.314,1271.34,275.617,-146.031,1249.67,71.0123,-244.596,1293.02,315.036,-121.025,1037.83,113.462,-304.017,995.798,349.781,-120.99,796.473,147.908,-367.185,820.658,75.7416,92.4119,872.577,-72.4707,-90.0504,894.673,203.454,17.4013,490.779,14.728,-246.997,573.662,211.761,139.361,90.6701,-139.168,-292.165,129.936
12,0,113.613,-464.233,1416.54,172.947,-194.513,1271.32,275.256,-144.495,1249.7,70.6374,-244.532,1292.94,314.522,-115.679,1037.84,113.101,-303.63,995.869,350.292,-112.566,796.507,147.542,-366.084,820.67,75.7312,92.4821,872.592,-72.4268,-90.1018,894.644,203.598,16.772,490.832,18.1192,-247.115,573.654,211.748,128.759,89.7158,-138.948,-293.167,128.539
13,0,114.142,-462.219,1419.86,172.846,-192.546,1272.81,274.698,-140.509,1251.54,70.9942,-244.583,1294.08,314.239,-111.04,1038.1,113.012,-304.284,999.302,350.309,-108.622,796.618,147.422,-366.369,824.235,75.6344,92.9305,872.717,-72.2721,-90.4951,894.502,203.615,19.5563,490.891,18.7719,-250.469,573.999,213.435,130.217,90.3749,-137.651,-294.231,131.302
14,0,113.825,-462.163,1421.21,172.649,-191.843,1272.71,274.523,-139.252,1251.55,70.7753,-244.434,1293.87,313.954,-110.804,1038.1,112.97,-304.011,999.365,350.117,-108.804,796.945,147.236,-365.823,824.63,75.5506,93.0329,872.825,-72.1418,-90.5869,894.368,205.873,14.6049,494.119,24.8464,-252.561,575.14,214.962,126.907,91.8844,-137.446,-293.976,132.954
15,0,113.278,-462.225,1421.91,171.801,-192.135,1272.7,273.18,-139.445,1251.71,70.4224,-244.825,1293.68,312.364,-113.55,1038.45,112.864,-305.058,999.277,349.626,-114.706,798.532,147.153,-367.115,824.339,75.544,93.11,872.986,-72.1186,-90.6512,894.207,205.889,18.549,494.356,26.2562,-252.741,575.091,216.847,137.194,92.4006,-137.011,-294.421,133.028
16,0,111.696,-462.288,1422.79,170.589,-192.201,1272.74,271.665,-139.41,1251.92,69.5138,-244.992,1293.55,311.805,-114.292,1038.47,112.312,-305.987,999.323,349.479,-117.75,798.558,147.019,-368.166,824.115,75.4967,93.1597,873.167,-72.0455,-90.6897,894.02,206.726,18.1784,494.986,29.3182,-253.098,575.256,217.691,132.14,92.718,-136.167,-294.147,133.525
17,0,109.724,-461.48,1426.55,169.342,-191.435,1274.11,269.295,-137.855,1253.95,69.3893,-245.015,1294.27,308.395,-114.276,1039.42,112.123,-306.74,1001.49,348.7,-117.956,800.229,145.803,-369.343,826.148,75.1551,93.5038,873.278,-71.6389,-91.0152,893.885,206.711,26.9707,495.488,31.7433,-253.659,575.252,219.341,161.015,94.3299,-136.105,-286.2,135.398
18,0,109.003,-461.393,1427.08,168.496,-189.829,1274.88,268.094,-134.612,1255.3,68.8985,-245.046,1294.46,308.009,-107.851,1040.18,111.032,-306.896,1002.88,348.605,-108.52,800.661,144.864,-369.746,828.02,74.8865,93.8455,873.377,-71.3338,-91.3463,893.795,206.768,26.6573,495.467,32.8,-252.757,574.677,221.828,160.004,94.2282,-132.954,-285.999,135.381
19,0,108.235,-461.432,1428.96,167.14,-190.237,1275.29,266.13,-134.689,1256.05,68.1506,-245.786,1294.53,306.412,-107.152,1040.35,110.218,-307.697,1003.27,348.509,-105.491,801.188,144.157,-371.269,827.854,74.7143,93.9724,873.593,-71.1349,-91.455,893.581,206.036,35.2259,495.552,35.4117,-252.417,573.194,222.202,177.036,94.9681,-132.934,-275.12,135.385
20,0,107.416,-461.393,1430.23,166.92,-188.874,1275.61,265.79,-132.04,1256.09,68.0495,-245.708,1295.13,305.996,-101.811,1039.69,109.699,-307.453,1004.78,348.478,-96.5576,801.173,143.199,-371.438,829.06,74.6035,94.2722,873.608,-71.0163,-91.7355,893.565,206.459,36.367,495.565,39.9409,-254.464,573.207,223.297,177.186,94.9686,-132.913,-274.885,135.458
21,0,107.034,-461.048,1431.92,166.051,-187.665,1277.2,264.407,-129.582,1258.65,67.6959,-245.748,1295.76,305.031,-96.998,1040.53,108.309,-307.454,1005.39,348.388,-89.7226,802.677,142.382,-371.221,829.282,74.3395,94.8305,873.754,-70.7133,-92.266,893.412,206.461,35.691,496.155,45.676,-254.736,573.163,223.255,172.397,95.6847,-132.505,-274.285,136.315
22,0,106.884,-460.101,1436.14,165.328,-186.087,1278.72,263.633,-127.042,1260.2,67.0244,-245.132,1297.23,305.003,-94.5489,1041.56,108.117,-306.354,1007.13,348.669,-88.9435,804.883,142.234,-370.008,831.355,74.1756,95.0116,873.796,-70.5326,-92.4415,893.366,206.641,35.8872,496.159,47.6046,-254.597,572.638,223.833,170.896,95.4841,-131.904,-272.858,136.15
23,0,106.075,-458.934,1439.65,164.517,-184.522,1280.27,263.315,-125.189,1262.13,65.7187,-243.855,1298.41,307.142,-93.7076,1043.51,107.977,-304.95,1007.29,351.698,-89.6733,808.267,142.049,-367.832,832.384,73.9628,95.1855,873.828,-70.2851,-92.6342,893.325,206.544,35.2378,496.44,50.4379,-252.279,572.006,225.928,167.272,94.4389,-130.857,-273.269,133.372
24,0,104.731,-453.578,1442.49,163.434,-179.015,1283.24,262.269,-118.565,1265.78,64.5996,-239.465,1300.7,308.633,-88.3922,1047.51,107.768,-300.433,1009.42,355.573,-87.4867,813.721,141.993,-361.529,837.302,73.5762,95.6444,873.877,-69.8396,-93.128,893.261,207.535,31.9376,497.904,51.7991,-252.035,572.054,228.253,156.73,94.4599,-129.997,-274.424,132.477
25,0,104.644,-451.63,1444.71,163.129,-175.837,1285.29,262.041,-115.006,1268.13,64.2159,-236.667,1302.45,310.543,-83.6787,1049.61,107.749,-296.283,1010.31,359.066,-83.7622,815.19,141.8,-356.005,838.203,73.2728,95.8752,873.894,-69.501,-93.3807,893.24,208.68,31.5626,497.891,53.8598,-251.346,571.989,229.459,156.195,90.9263,-129.617,-270.838,131.43
26,0,103.672,-447.334,1448.99,162.347,-172.741,1287.28,261.082,-110.717,1269.83,63.6106,-234.765,1304.74,311.75,-74.4882,1050.42,107.741,-293.351,1011.43,363.238,-70.626,815.412,142.029,-352.195,839.303,72.7544,96.2845,873.921,-68.9372,-93.8076,893.192,208.66,32.2032,497.801,54.1598,-248.975,570.64,230.814,156.75,90.47,-128.31,-269.13,128.793
27,0,103.463,-441.674,1452.94,161.925,-169.347,1289.17,260.604,-106.104,1270.86,63.2456,-232.589,1307.47,314.831,-69.0053,1052.13,108.455,-290.775,1014.02,369.78,-64.1237,816.62,143.126,-346.968,841.366,72.3934,96.6225,873.936,-68.5544,-94.1863,893.172,209.411,26.0199,497.809,56.6767,-247.878,570.573,233.241,132.274,86.7427,-124.875,-269.679,127.028
28,0,102.631,-440.195,1454.96,160.198,-168.497,1290.29,259.004,-105.535,1271.21,61.3908,-231.46,1309.36,314.752,-67.9067,1052.01,108.471,-289.572,1015.41,369.06,-61.3512,816.42,143.737,-346.74,843.24,72.184,96.7703,873.957,-68.3498,-94.3357,893.143,211.587,25.9054,497.79,62.1729,-245.784,570.501,234.241,133.038,86.7645,-122.424,-265.144,126.666
29,0,102.734,-437.22,1458.17,159.94,-166.333,1291.37,258.723,-102.59,1271.38,61.1573,-230.077,1311.36,314.634,-63.4854,1051.93,109.286,-288.512,1017.38,369.487,-53.2359,816.298,146.107,-345.427,844.793,72.0296,97.1504,873.966,-68.2122,-94.7434,893.128,214.476,22.2471,497.804,65.5052,-245.066,570.977,235.895,125.164,86.1462,-116.483,-265.182,126.652
30,0,102.055,-429.684,1462.81,159.033,-160.496,1296.37,257.898,-95.9584,1275.32,60.169,-225.034,1317.42,315.425,-53.5518,1056.81,109.034,-283.757,1023.75,375.2,-39.4841,818.92,146.458,-338.165,849.241,71.7506,97.4619,873.971,-67.9207,-95.0696,893.113,216.437,22.1675,497.817,67.0233,-243.669,571.103,236.396,124.51,86.1459,-116.355,-265.242,125.303
31,0,101.875,-420.532,1468.47,157.597,-155.59,1299.5,256.422,-89.6675,1276.73,58.7726,-221.513,1322.28,315.364,-45.5054,1057.56,109.006,-280.641,1026.66,375.731,-28.6272,819.73,146.482,-333.415,850.429,71.474,98.2035,873.94,-67.6612,-95.8626,893.117,219.23,22.0152,497.978,69.836,-243.499,573.421,236.374,125.059,85.8755,-115.048,-264.632,125.181
32,0,101.004,-415.86,1471.55,155.973,-150.912,1303.67,254.48,-84.1638,1280.13,57.466,-217.661,1327.21,315.178,-37.269,1059.45,108.232,-278.281,1031.02,377.444,-16.9984,820.664,146.445,-331.593,852.228,71.2647,98.8569,873.925,-67.4551,-96.5496,893.112,222.344,34.1576,497.986,70.3209,-244.837,575.292,236.697,146.237,85.9474,-114.906,-264.751,125.176
33,0,100.973,-403.715,1475.44,154.912,-142.916,1307.38,252.559,-73.35,1283.06,57.2642,-212.482,1331.69,315.082,-25.0922,1063.5,108.168,-277.445,1036.14,380.556,-2.00708,823.606,146.501,-331.965,855.251,70.3687,99.8152,873.932,-66.5879,-97.5377,893.095,223.28,33.6176,498.05,72.6748,-241.116,574.773,238.491,144.234,86.0798,-111.312,-263.048,123.496
34,0,99.2014,-400.92,1477.05,153.463,-140.507,1309.36,251.221,-71.6816,1284.72,55.7047,-209.332,1333.99,314.954,-25.7423,1064.98,106.934,-275.768,1038.05,380.58,-5.0176,825.492,146.51,-332.182,857.306,70.1755,100.208,873.93,-66.415,-97.9325,893.088,225.473,33.227,498.264,72.8986,-240.621,574.832,238.448,143.207,86.7133,-110.415,-263.204,123.354
35,0,99.0603,-403.958,1476.54,153.483,-142.066,1309.07,251.265,-73.963,1284.36,55.7004,-210.17,1333.79,315.096,-28.1163,1064.74,107.694,-276.109,1038.23,382.615,-7.2313,825.469,149.975,-332.756,857.946,70.0465,100.474,873.917,-66.3063,-98.2126,893.093,226.877,35.5274,498.391,77.839,-239.557,574.326,240.595,151.017,86.6605,-106.489,-257.199,122.887
36,0,99.1224,-399.902,1478.02,153.192,-140.51,1309.67,251.155,-72.6647,1284.28,55.2284,-208.355,1335.06,315.095,-23.4492,1064.74,107.099,-274.743,1040.51,384.869,4.87702,825.388,150.652,-332.138,858.871,69.9642,100.731,873.906,-66.2341,-98.468,893.095,228.626,28.5413,498.428,82.0494,-241.314,577.591,240.497,131.897,86.766,-105.315,-257.744,124.758
37,0,98.9339,-399.757,1478.49,152.529,-140.454,1309.93,250.306,-72.3206,1284.26,54.7515,-208.587,1335.59,315.097,-23.5141,1064.54,108.547,-274.681,1042.01,384.514,5.42039,825.27,152.269,-329.802,859.922,69.7447,101.068,873.898,-66.0258,-98.8359,893.098,228.951,28.8121,498.887,86.3168,-242.526,581.074,239.82,132.111,87.0803,-104.687,-258.121,127.171
38,0,98.8498,-398.677,1478.78,151.488,-138.237,1311.26,248.327,-67.8721,1285.43,54.6483,-208.601,1337.09,315.134,-19.4564,1064.57,110.188,-276.105,1044.34,386.101,7.21622,825.149,154.724,-330.766,862.529,69.129,101.667,873.896,-65.4172,-99.4548,893.096,228.774,30.0943,499.148,86.0988,-243.095,583.584,240.178,132.427,87.5941,-103.635,-264.102,129.398
39,0,98.7712,-392.411,1479.78,150.554,-129.429,1312.77,246.96,-56.7356,1286.67,54.1481,-202.122,1338.86,315.088,-6.93429,1064.75,110.275,-272.199,1045.63,387.835,18.9017,825.172,154.992,-325.077,864.451,68.7142,102.039,873.777,-65.0165,-99.8542,893.191,228.342,30.0562,499.101,85.4176,-242.76,585.469,240.133,124.952,86.5711,-102.378,-265.365,129.954
40,0,98.458,-387.868,1481.19,149.912,-125.515,1314.11,246.009,-52.229,1288.03,53.814,-198.8,1340.19,315.09,-0.605353,1065.34,110.257,-270.045,1046.65,389.746,27.0658,825.771,155.864,-323.242,866.656,68.2519,102.501,873.703,-64.5591,-100.338,893.247,227.726,26.7034,499.212,85.3684,-243.041,586.928,239.919,108.419,83.7885,-100.85,-265.997,130.929
41,0,97.7362,-385.344,1482.69,149.08,-122.104,1315.78,245.065,-48.7725,1289.96,53.0955,-195.435,1341.6,315.07,4.87346,1067.23,110.162,-265.299,1047.66,390.707,34.2081,827.873,158.274,-318.455,868.936,67.9728,102.906,873.624,-64.2929,-100.757,893.311,227.647,21.9563,499.303,85.2948,-243.035,588.396,239.871,101.815,83.2678,-100.224,-265.989,135.027
42,0,96.8522,-379.169,1488.66,147.951,-118.129,1318.02,243.867,-43.9307,1291.23,52.0345,-192.328,1344.8,315.056,8.77421,1068.17,110.153,-264.964,1051.87,392.178,37.3405,829.15,162.064,-319.302,874.637,67.7347,103.25,873.591,-64.0765,-101.097,893.338,227.342,23.4414,499.29,86.7267,-242.334,588.552,240.165,103.475,83.1545,-99.839,-263.112,138.297
43,0,96.2612,-372.924,1493.92,147.204,-114.318,1319.92,243.344,-40.0996,1292.29,51.0641,-188.536,1347.54,314.959,12.0109,1068.89,110.136,-262.489,1054.46,393.557,41.0327,830.378,165.067,-319.326,880.342,67.6684,103.617,873.542,-64.022,-101.461,893.381,227.274,25.1322,499.373,88.5381,-242.748,589.877,240.443,104.301,83.1691,-99.2316,-262.936,141.349
44,0,96.0194,-370.385,1497.75,145.893,-112.21,1320.97,243.103,-38.5131,1292.86,48.6815,-185.907,1349.09,316.346,13.147,1070.32,109.702,-260.989,1056.04,400.232,41.1713,830.881,165.8,-319.255,884.866,67.638,103.659,873.451,-63.9977,-101.498,893.455,221.865,26.1733,497.912,89.4009,-237.948,587.964,242.039,106.87,78.6248,-98.4125,-259.861,141.215
45,0,95.2207,-367.477,1502.47,143.201,-111.29,1323.19,242.182,-37.6704,1294.76,44.2208,-184.91,1351.61,316.319,11.6984,1072.16,102.365,-262.549,1061.4,402.775,38.0992,831.925,165.541,-331.398,893.801,67.68,103.778,873.424,-64.0398,-101.597,893.496,216.361,40.3012,496.692,89.5364,-244.427,589.886,243.146,119.473,75.8562,-98.578,-269.807,141.564
46,0,95.2697,-364.546,1503.41,142.059,-107.968,1325.46,242.145,-33.0504,1296.37,41.9721,-182.885,1354.54,317.354,13.799,1073.46,99.8155,-266.423,1067.33,408.981,36.8842,833.503,166.432,-346.349,904.319,67.7414,103.919,873.322,-64.097,-101.708,893.601,213.964,45.9324,492.964,90.0249,-244.167,590.601,246.666,123.449,69.0623,-98.7659,-270.244,140.511
47,0,96.3885,-350.161,1509.75,140.289,-97.6229,1330.51,242.249,-21.233,1299.4,38.3278,-174.013,1361.61,317.614,23.1361,1075.36,91.4955,-266.533,1078.37,413.662,41.1448,836.557,167.143,-352.458,919.087,68.26,104.148,873.239,-64.6015,-101.886,893.681,210.28,52.2697,490.023,90.6362,-245.548,590.806,249.807,133.775,65.2749,-99.1172,-273.568,140.387
48,0,100.161,-345.148,1511.05,140.502,-91.7848,1331.43,243.205,-12.9141,1299.8,37.7988,-170.655,1363.05,319.525,31.797,1075.44,85.0335,-266.99,1082,421.702,49.2112,837.089,168.403,-357.121,921.937,68.4169,104.437,873.131,-64.7667,-102.141,893.794,206.934,50.9204,488.064,92.1265,-244.838,590.734,253.91,128.463,62.402,-98.7328,-274.458,136.95
49,0,101.262,-336.963,1515.13,140.453,-86.2955,1335.34,244.149,-7.04442,1301.29,36.7578,-165.547,1369.4,320.095,32.5679,1075.86,80.5976,-267.044,1092.43,422.091,47.2196,838.454,169.203,-361.135,933.665,68.6198,104.678,873.051,-64.9803,-102.342,893.864,204.349,52.2839,487.542,95.1722,-241.294,589.177,255.441,132.298,62.8167,-98.6138,-274.06,136.378
50,0,101.852,-337.182,1517.28,140.832,-87.0283,1335.53,245.779,-7.71791,1301.13,35.8848,-166.339,1369.93,320.956,30.4911,1074.37,77.1014,-276.598,1095.02,423.293,46.6029,837.805,169.138,-387.11,937.506,68.6581,105.789,873.043,-65.0181,-103.358,893.867,204.764,51.5081,487.641,98.4827,-240.378,588.35,264.071,132.212,62.8752,-96.9681,-273.189,136.097
51,0,102.309,-328.422,1519.4,140.482,-82.7127,1337.75,246.669,-3.8751,1301.38,34.2942,-161.55,1374.11,321.575,31.4943,1074.36,72.3042,-277.363,1100.98,424.332,45.201,837.776,169.135,-389.81,943.071,68.7374,106.145,873.029,-65.0951,-103.682,893.879,201.211,53.8375,487.554,98.5481,-236.742,585.842,265.53,135.833,61.5535,-96.1478,-265.586,132.401
52,0,103.479,-315.335,1521.23,140.83,-74.0575,1338.94,247.877,5.45456,1301.34,33.7824,-153.57,1376.55,322.333,37.9223,1074.21,66.7774,-276.306,1105.01,426.601,47.922,838.092,168.576,-386.288,949.75,68.767,106.26,872.95,-65.1378,-103.78,893.945,201.044,43.9593,488.595,100.215,-229.094,582.387,267.486,111.507,61.9361,-94.2542,-261.364,129.243
53,0,103.526,-310.676,1521.58,139.481,-67.2737,1342.24,247.716,14.7828,1303.3,31.2468,-149.33,1381.17,321.824,45.1654,1074.76,57.9429,-281.524,1112.94,427.584,50.3322,841.274,164.745,-409.388,962.052,68.7797,106.557,872.936,-65.1665,-103.978,893.958,201.167,42.9836,488.639,101.02,-227.822,581.834,267.179,112.37,62.0759,-92.4463,-261.463,129.281
54,0,107.125,-308.729,1522.8,139.536,-66.8583,1344.42,247.949,17.0312,1304.48,31.1223,-150.748,1384.36,322.236,46.0009,1074.85,56.1977,-288.301,1124.32,429.537,49.8045,842.971,163.327,-418.688,974.661,68.7137,107.547,872.911,-65.1116,-104.91,893.993,201.304,43.6713,488.872,105.513,-227.727,581.868,275.191,112.998,62.1901,-89.6879,-263.637,129.455
55,0,109.539,-307.311,1523.81,139.961,-68.1368,1345.11,248.954,15.4078,1304.41,30.9668,-151.681,1385.82,322.023,44.2855,1073.98,54.8029,-294.603,1128.37,428.839,45.3283,842.883,163.136,-429.709,979.198,68.7076,108.769,872.919,-65.1066,-106.129,893.99,203.412,44.3143,491.918,109.423,-227.973,582.07,278.339,113.926,65.391,-83.1149,-264.843,132.751
56,0,110.095,-306.277,1524.4,140.349,-68.8638,1346.1,250.096,13.904,1304.36,30.6019,-151.632,1387.84,322.125,43.7167,1073.65,51.8353,-302.694,1134.23,429.36,41.6135,842.817,161.991,-447.613,989.175,68.6595,109.401,872.917,-65.0579,-106.711,893.994,203.34,44.6604,494.527,110.337,-227.388,582.093,283.132,115.154,68.6021,-81.8141,-265.55,132.759
57,0,111.947,-301.046,1523.99,141.113,-61.6005,1347.8,251.457,22.0406,1304.31,30.7701,-145.242,1391.29,326.007,53.7363,1074.09,52.1886,-300.716,1139.95,436.477,58.2711,843.205,162.278,-441.307,994.723,68.5774,109.431,872.651,-64.9989,-106.725,894.25,203.419,32.4512,495.109,109.957,-222.899,581.377,286.466,87.9522,69.3116,-76.1975,-265.178,132.388
58,0,112.798,-289.818,1524.56,142.127,-56.9624,1348.71,253.495,24.5094,1304.28,30.7594,-138.434,1393.15,326.422,53.1844,1074.08,51.1753,-300.255,1143.03,436.06,41.3408,845.204,164.028,-448.605,1005.27,68.6068,109.498,872.643,-65.034,-106.777,894.255,207.917,22.5439,502.697,112.562,-222.396,581.4,288.478,83.0801,80.1203,-76.1942,-263.865,133.019
59,0,115.706,-281.252,1525.03,143.009,-46.8282,1352.12,254.47,37.3984,1304.23,31.5482,-131.055,1400.02,326.755,65.7309,1074.05,50.3576,-299.746,1154,439.505,62.7249,846.817,164.016,-457.427,1017.69,68.5095,109.546,872.169,-64.9673,-106.797,894.699,208.449,20.6334,503.08,114.069,-217.425,580.413,297.39,80.9468,80.835,-71.1505,-254.62,132.72
60,0,116.499,-277.851,1525.34,143.824,-45.5181,1352.16,256.196,36.7947,1304.1,31.4519,-127.831,1400.21,326.952,61.7511,1073.91,49.6708,-299.731,1153.72,439.281,62.0165,846.84,164.874,-459.369,1022.76,68.58,109.547,872.092,-65.0571,-106.788,894.771,209.181,9.53247,504.668,115.234,-217.606,580.609,295.178,60.7359,86.8685,-69.6916,-255.147,134.637
61,0,118.224,-271.649,1525.61,144.013,-41.9558,1353.53,256.419,40.4287,1303.72,31.6074,-124.34,1403.33,327.179,64.8123,1073.39,45.671,-301.841,1162.5,440.322,67.1378,846.751,164.192,-472.677,1030.93,68.5056,109.565,872.002,-65.0064,-106.795,894.849,214.583,11.6608,507.561,120.85,-217.461,580.275,297.54,68.2412,90.1544,-66.864,-253.392,135.696
62,0,121.222,-259.607,1526.48,145.116,-34.9232,1354.72,256.428,51.1784,1303.78,33.8043,-121.025,1405.67,328.683,75.7658,1073.59,46.3246,-302.983,1166.37,449.234,78.2578,846.817,164.181,-480.106,1033.94,67.9586,109.724,871.861,-64.4814,-106.893,894.98,217.172,12.5056,509.055,127.861,-216.961,579.523,305.618,71.9052,89.984,-60.871,-251.726,135.679
63,0,125.748,-261.166,1527.64,146.225,-35.4039,1355.93,256.317,52.2224,1304.18,36.1333,-123.03,1407.69,330.224,82.6583,1074.59,46.8932,-310.449,1168.27,456.187,90.6783,848.344,164.581,-490.798,1039.21,67.2892,109.958,871.835,-63.8548,-107.053,894.995,220.568,21.457,510.976,138.976,-213.181,576.052,316.359,91.5445,92.0675,-50.2098,-230.118,135.46
64,0,129.281,-265.446,1528.85,146.798,-38.8443,1357.53,255.949,49.0929,1305.68,37.6467,-126.781,1409.37,330.81,80.2643,1076.97,46.824,-328.022,1174.65,459.939,91.0237,849.71,164.559,-513.074,1053.68,66.8048,110.296,871.849,-63.4068,-107.308,894.965,224.033,37.6251,514.91,142.541,-213.396,575.673,321.632,125.955,96.4731,-47.3858,-227.721,136.217
65,0,131.867,-267.93,1528.77,147.902,-41.1474,1358.57,255.978,47.3357,1306.59,39.8264,-129.631,1410.55,332.633,78.6181,1078.32,47.0145,-339.358,1180.56,465.324,95.2206,850.825,164.071,-528.068,1066.86,66.2557,110.426,871.891,-62.8911,-107.403,894.909,226.133,49.933,518.219,148.268,-213.589,575.723,330.817,147.056,101.507,-43.5015,-224.423,138.21
66,0,133.929,-269.735,1528.59,148.275,-41.7896,1359.51,256.188,46.6073,1306.89,40.3626,-130.186,1412.13,335.055,76.9852,1080,46.5812,-345.236,1187.31,470.059,94.381,853.19,163.077,-537.704,1079.63,65.9784,110.459,871.963,-62.6254,-107.417,894.816,226.998,56.0183,520.83,150.181,-211.11,575.724,336.198,154.218,103.753,-40.756,-222.292,138.55
67,0,135.418,-271.597,1528.52,149.332,-44.9007,1359.51,256.878,42.3721,1306.77,41.7851,-132.173,1412.25,336.352,74.2556,1080.13,46.7531,-350.587,1190.36,468.855,91.8352,853.21,162.998,-544.123,1083.24,65.8461,110.484,872.09,-62.5166,-107.432,894.659,230.677,59.6184,524.252,152.839,-209.593,575.822,336.191,161.493,105.122,-39.9266,-212.027,139.339
68,0,135.76,-272.216,1528.6,150.034,-45.19,1361.21,257.232,42.102,1307.39,42.8357,-132.482,1415.03,338.082,74.4445,1083.41,45.7975,-352.857,1203.85,472.904,97.8277,856.495,160.993,-549.323,1101.73,65.385,110.947,872.199,-62.0513,-107.86,894.518,232.703,69.6593,527.052,155.333,-209.267,575.8,341.775,167.996,105.312,-34.9739,-213.27,139.952
69,0,136.861,-271.117,1528.58,150.505,-45.6486,1362.83,258.077,41.5237,1307.64,42.933,-132.821,1418.01,339.772,75.3458,1085.41,42.8006,-360.329,1216.77,475.058,102.435,859.921,158.171,-568.046,1120.55,65.1932,111.627,872.315,-61.8698,-108.482,894.386,234.325,81.9581,528.269,157.121,-209.258,575.901,347.271,180.056,104.844,-30.3666,-215.521,141.344
70,0,137.697,-265.779,1529.01,150.834,-45.8279,1365.41,258.147,40.9207,1307.96,43.5223,-132.576,1422.86,340.137,79.5528,1087.45,42.293,-364.166,1229.03,477.486,113.357,862.367,157.024,-578.484,1133.1,64.8186,112.156,872.349,-61.5145,-108.955,894.342,235.865,92.3261,529.085,161.709,-207.641,575.838,353.306,196.925,104.755,-25.4325,-217.146,142.046
71,0,138.712,-261.831,1529.24,151.604,-45.6575,1367.72,258.149,41.2256,1308.89,45.0603,-132.541,1426.55,340.227,82.0103,1090.69,39.9585,-370.56,1244.5,480.104,114.867,864.459,154.799,-590.226,1150.51,64.3189,112.57,872.423,-61.0436,-109.314,894.257,238.577,91.5428,530.909,163.789,-204.276,575.662,356.16,190.173,107.138,-21.8807,-217.133,143.644
72,0,138.498,-260.624,1529.52,151.53,-45.6293,1368.47,258.143,40.8777,1309.69,44.9166,-132.136,1427.26,341.738,84.4483,1094.05,31.2168,-379.482,1250.12,483.754,119.437,866.296,141.764,-609.307,1168.7,64.2385,112.596,872.615,-60.9735,-109.331,894.036,239.081,87.7166,532.975,162.851,-203.959,575.018,356.927,183.5,109.543,-19.2458,-215.961,144.279
73,0,139.842,-256.871,1529.37,151.665,-44.3734,1368.81,258.096,41.1322,1310.14,45.233,-129.879,1427.48,342.268,87.0952,1096.8,28.9326,-383.394,1260.97,483.183,123.634,869.322,135.623,-620.203,1193.1,63.8906,112.565,872.721,-60.6714,-109.258,893.927,238.863,90.6176,533.695,164.412,-201.856,575.297,357.162,193.034,116.643,-13.5988,-213.573,147.306
74,0,139.843,-256.846,1528.93,151.743,-44.9709,1369.2,257.847,39.759,1310.18,45.6388,-129.701,1428.21,341.736,86.3881,1098.42,27.8472,-390.914,1275.35,482.418,122.204,871.136,129.183,-635.308,1208.59,63.6062,112.446,873.051,-60.4147,-109.076,893.577,239.274,92.7886,537.319,165.494,-200.996,575.79,358.087,193.781,120.529,-10.5123,-213.294,151.72
75,0,140.161,-248.036,1529.21,151.623,-42.8615,1370.02,255.739,40.3278,1310.47,47.5065,-126.051,1429.57,339.201,90.8597,1098.83,28.3843,-391.776,1278.92,482.172,136.198,872.694,123.176,-643.347,1225.65,63.0723,112.029,873.084,-59.9484,-108.513,893.556,239.432,94.62,537.942,166.066,-198.044,576.112,358.481,198.695,121.391,-10.3962,-213.32,152.602
76,0,141.635,-230.282,1529.25,151.549,-35.25,1370.68,253.645,45.3994,1310.58,49.452,-115.899,1430.78,337.639,96.186,1102.18,28.9318,-389.422,1288.16,481.766,143.484,876.645,116.694,-647.463,1243.5,62.1605,111.268,873.111,-59.1282,-107.582,893.543,240.627,92.9865,539.673,166.885,-191.739,577.481,361.123,199.221,125.101,-7.17724,-213.681,155.253
77,0,142.543,-227.92,1529.24,149.527,-34.3377,1371.13,247.549,47.8153,1310.61,51.5051,-116.491,1431.64,335.368,98.6895,1104.4,32.8436,-395.679,1293.08,481.247,146.815,879.626,111.758,-658.229,1249.04,61.0162,110.657,873.128,-58.1037,-106.799,893.53,242.456,89.0567,542.87,167.023,-187.559,577.551,360.869,189.147,129.43,-4.68865,-213.96,157.079
78,0,142.745,-221.882,1528.53,148.06,-31.5685,1372.03,243.754,49.5341,1310.43,52.3655,-112.671,1433.62,333.595,100.603,1106.41,34.124,-395.663,1307.8,480.836,152.161,882.389,94.9765,-663.589,1268.99,60.2111,109.199,873.111,-57.3937,-105.165,893.561,245.296,80.2974,546.602,166.714,-186.872,579.618,360.319,175.324,134.712,-1.2831,-214.05,163.069
79,0,143.095,-223.228,1527.81,147.538,-30.6954,1371.5,242.256,49.2592,1309.25,52.8208,-110.65,1433.75,333.089,99.6717,1107.05,34.6628,-396.438,1314.8,480.781,150.54,886.072,82.234,-667.923,1285.82,59.9805,107.486,873.121,-57.2041,-103.314,893.552,249.023,75.9225,546.953,166.771,-187.472,580.36,359.784,172.526,137.074,0.281996,-215.472,166.828
80,0,145.818,-223.115,1525.1,148.374,-30.0536,1371,241.561,50.2909,1308.48,55.1858,-110.398,1433.51,333.075,99.9774,1106.72,38.827,-398.703,1314.51,481.829,152.387,886.245,86.0439,-670.129,1298.73,59.4966,106.924,873.13,-56.722,-102.731,893.553,251.811,72.1082,547.206,168.029,-183.756,580.834,360.756,171.586,137.506,1.85828,-212.292,166.964
81,0,145.92,-224.989,1524.56,147.144,-31.8482,1371,239.201,49.6487,1308.66,55.0862,-113.345,1433.33,332.805,100.119,1108.84,41.6825,-408.378,1314.12,482.79,154.99,891.377,86.5567,-678.2,1312.16,59.4539,106.67,873.231,-56.6813,-102.446,893.504,253.33,62.517,550.342,167.213,-174.005,580.781,358.781,150.108,139.878,2.44552,-206,166.726
82,0,145.648,-225.901,1524.14,146.61,-34.4278,1370.36,238.506,46.2622,1308.67,54.714,-115.118,1432.05,331.625,91.8544,1109.01,41.6757,-411.32,1311.1,482.69,146.67,893.984,85.8201,-679.783,1323.91,59.4433,105.821,873.362,-56.6679,-101.624,893.434,254.136,56.3407,554.135,166.949,-156.171,580.7,352.711,149.3,145.695,1.9308,-178.848,166.947
83,0,143.825,-246.011,1519.95,144.747,-46.4197,1367.17,237.24,32.5851,1308.68,52.2544,-125.425,1425.67,329.682,74.958,1108.93,41.3566,-416.184,1307.5,482.573,125.169,893.406,86.4545,-679.006,1335.43,59.8202,105.27,873.914,-56.993,-101.13,892.969,255.627,47.4254,563.038,165.135,-160.183,581.178,343.969,146.167,159.401,-4.54814,-180.251,169.795
84,0,138.522,-258.856,1515.01,141.197,-50.5929,1363.61,236.802,26.1054,1308.71,45.5923,-127.291,1418.51,329.043,69.7632,1108.77,39.5843,-416.412,1303.81,483.349,118.503,893.088,79.1975,-678.899,1350.85,60.4342,105.194,874.572,-57.5055,-101.067,892.393,263.021,49.1522,564.407,165.483,-163.096,581.168,345.233,156.132,159.972,-11.562,-173.581,169.413
85,0,137.839,-257.856,1513.32,138.792,-50.2364,1362.46,233.297,26.7641,1307.93,44.2879,-127.237,1416.98,327.473,71.0212,1108.02,41.0293,-420.431,1303.48,484.961,127.833,892.686,79.3163,-687.78,1365.59,60.4439,104.054,874.941,-57.5143,-99.8842,892.059,267.581,46.0528,566.855,165.758,-161.497,577.385,345.411,148.686,160.135,-12.5774,-170.099,167.591
86,0,136.358,-245.387,1510.74,136.605,-43.8546,1361.92,228.96,32.9547,1307.94,44.2501,-120.664,1415.9,323.552,79.8646,1108.1,39.5759,-418.578,1303.39,484.854,143.603,894.952,67.6788,-683.712,1389.45,59.8105,103.521,875.154,-56.8701,-99.3598,891.863,269.486,45.7339,571.38,169.182,-162.589,577.429,345.574,145.223,166.716,-9.77499,-171.333,167.407
87,0,134.591,-236.27,1511.06,133.727,-39.0736,1362.01,225.609,40.4389,1307.89,41.8451,-118.586,1416.13,325.7,87.4044,1107.19,39.0743,-417.353,1308.84,496.119,150.145,894.628,65.9877,-681.058,1411.28,59.5436,103.447,875.578,-56.545,-99.2905,891.451,276.581,46.6962,573.385,176.612,-161.198,577.177,345.695,145.68,166.614,-3.00119,-171.232,167.249
88,0,134.617,-236.579,1511.28,131.429,-38.8432,1362.53,222.189,41.5841,1307.81,40.67,-119.27,1417.26,327.152,91.0264,1107.26,36.175,-422.286,1329.67,506.108,155.023,895.958,55.9046,-688.307,1430.33,59.0506,103.447,876.414,-56.0069,-99.2928,890.652,277.596,54.7671,578.226,181.181,-151.026,577.245,343.98,150.66,173.092,1.49068,-157.381,172.945
89,0,141.57,-225.678,1510.99,130.279,-32.7966,1363.02,219.753,53.666,1308.34,40.8055,-119.259,1417.69,327.76,108.477,1107.53,37.7015,-421.827,1336.89,507.616,172.319,900.427,58.7297,-685.954,1448.52,58.0007,103.674,876.944,-54.8366,-99.5515,890.24,282.202,55.045,583.398,192.459,-149.959,578.211,340.945,148.619,176.228,7.61141,-156.557,178.122
90,0,147.271,-225.444,1499.73,130.171,-33.8568,1363.04,218.255,54.9819,1309.01,42.0866,-122.695,1417.08,327.982,113.847,1107.75,44.0854,-425.612,1335.88,508.29,178.581,902.172,60.2923,-687.065,1460.57,57.2118,103.873,877.422,-53.8991,-99.7288,889.867,288.228,46.2186,587.522,196.217,-150.03,578.398,340.422,138.913,181.046,10.585,-146.603,179.935
91,0,151.337,-226.936,1500.77,129.178,-42.2165,1363.63,216.24,53.0438,1310.91,42.1146,-137.477,1416.34,327.1,114.837,1109.28,41.9517,-437.263,1341.15,508.314,177.932,906.166,47.8371,-694.948,1472.54,57.0129,104.567,878.317,-53.6452,-100.37,889.135,289.621,45.9236,590.523,196.785,-148.747,579.956,330.527,138.278,182.629,12.3017,-135.695,183.939
92,0,156.173,-197.64,1501.68,130.275,-36.9448,1364.21,214.693,63.1989,1312,45.8577,-137.088,1416.41,326.506,131.765,1109.66,38.0416,-423.304,1340.61,509.357,197.769,908.649,42.1831,-662.25,1483.15,54.7489,105.664,878.535,-51.1273,-101.655,888.94,290.949,40.5149,596.912,205.337,-150.956,581.479,325.549,138.872,182.208,15.106,-125.24,184.901
93,0,155.602,-212.02,1497.91,130.598,-36.8525,1364.16,215.219,62.4786,1311.88,45.976,-136.184,1416.45,326.603,130.021,1109.82,34.4805,-422.915,1351.75,510.774,191.333,912.074,36.0406,-663.245,1509.22,54.761,105.843,878.621,-51.1431,-101.783,888.859,292.555,29.8359,602.436,203.55,-153.371,581.619,321.145,130.594,187.108,14.2255,-126.493,184.82
94,0,155.15,-213.885,1498.43,130.765,-32.2988,1364.39,215.538,64.2381,1310.26,45.9928,-128.836,1418.53,327.157,129.142,1109.8,29.9712,-417.284,1383.08,514.989,187.781,913.932,29.999,-661.428,1542.39,54.7687,105.708,878.655,-51.1524,-101.602,888.813,295.629,23.6285,603.539,201.781,-153.628,580.494,313.816,125.123,185.868,13.5056,-122.568,184.471
95,0,154.819,-214.9,1498.82,131.579,-28.6583,1364,215.796,68.5646,1308.57,47.3621,-125.881,1419.42,328.743,133.725,1109.79,28.6409,-409.729,1396.22,520.147,188.012,916.514,26.752,-654.681,1560.59,54.6337,105.924,878.705,-50.9852,-101.782,888.748,297.86,25.2103,610.444,201.945,-158.08,580.623,313.069,128.069,189.667,12.9777,-121.319,184.074
96,0,155.28,-216.464,1499.67,133.678,-18.3464,1363.35,217.131,79.4766,1305.93,50.2258,-116.169,1420.76,333.244,149.827,1109.76,28.7453,-391.893,1407.49,526.637,205.158,919.88,25.5538,-632.162,1580.72,54.4268,106.076,878.703,-50.7416,-101.922,888.736,300.945,29.0173,609.219,201.231,-161.752,580.555,313.999,149.694,191.398,12.7916,-122.032,183.748
97,0,155.89,-217.668,1500.13,134.853,-16.2415,1363.02,217.491,81.3668,1304.66,52.2157,-113.85,1421.39,334.249,148.655,1110.04,24.7845,-389.929,1414.04,525.821,201.949,922.536,19.9966,-629.531,1588.62,54.0622,106.385,878.739,-50.321,-102.213,888.687,300.416,30.0077,619.167,203.309,-163.639,581.956,306.291,149.08,197.861,12.4885,-123.825,184.763
98,0,155.844,-216.411,1501.79,136.586,-11.4059,1363.13,218.987,84.344,1301.91,54.1848,-107.156,1424.34,336.121,151.354,1110.4,23.1674,-382.174,1434.42,526.037,207.94,929.45,19.6641,-620.893,1615.56,53.7385,106.449,878.781,-49.9682,-102.273,888.617,299.764,31.3074,625.844,206.159,-164.99,583.718,302.669,150.885,202.166,12.2317,-125.669,184.905
99,0,155.821,-215.406,1502.83,137.209,-7.90128,1364.12,219.606,87.088,1299.64,54.8126,-102.891,1428.6,336.358,159.668,1110.71,20.7275,-374.355,1439.71,525.469,223.762,935.37,17.7626,-608.963,1621.19,53.6271,106.478,878.794,-49.8571,-102.294,888.59,298.879,32.2083,630.111,205.495,-167.622,583.776,296.425,149.927,204.482,12.0967,-126.5,184.789
100,0,156.927,-215.807,1502.91,138.128,-8.65474,1363.77,219.797,86.065,1298.66,56.4582,-103.374,1428.88,336.328,157.905,1111.1,17.7792,-375.578,1438.95,526.184,220.994,937.539,7.35481,-611.241,1621.11,53.3406,106.514,878.815,-49.5431,-102.328,888.565,298.742,34.7803,636.777,206.39,-168.115,586.674,293.653,150.359,211.553,12.1455,-127.672,187.451
101,0,157.039,-219.469,1502.49,138.281,-9.02717,1363.3,219.873,85.7126,1297.79,56.6896,-103.767,1428.8,336.292,155.649,1111.28,14.6317,-376.19,1440.64,525.723,219.213,940.333,-1.12939,-610.144,1627.87,53.1271,106.54,878.869,-49.3111,-102.36,888.495,298.403,34.9205,643.072,209.524,-168.73,593.381,291.685,149.473,218.432,12.3004,-128.168,197.974
102,0,156.96,-220.002,1500.04,138.324,-9.39775,1363.23,220,84.7049,1297.68,56.6489,-103.5,1428.78,336.261,154.312,1112.42,8.10282,-374.206,1443.1,526.151,216.956,946.944,-13.5103,-606.923,1633.01,52.6323,106.593,879.001,-48.8062,-102.406,888.315,298.06,32.4796,652.533,213.688,-170.843,599.961,284.213,147.549,225.134,14.9724,-129.443,204.125
103,0,157.246,-219.379,1498.4,138.471,-7.75329,1362.92,220.063,87.0435,1297.1,56.8791,-102.55,1428.74,336.125,160.278,1112.53,4.59522,-368.109,1441.86,526.311,223.941,951.938,-24.3649,-596.971,1630.71,52.1449,106.792,879.011,-48.3152,-102.599,888.297,298.324,31.8542,655.869,215.453,-173.709,604.712,277.676,145.232,228.35,17.173,-133.228,207.694
104,0,157.182,-216.365,1498.52,138.481,-4.91062,1363.02,219.945,89.2754,1297.07,57.0158,-99.0966,1428.98,336.21,161.828,1115.34,2.48541,-357.398,1451.58,526.466,223.398,958.586,-33.1001,-581.422,1645.02,51.3992,106.918,879.093,-47.5565,-102.729,888.176,298.226,32.0422,660.405,216.95,-175.868,608.154,267.297,148.481,230.021,18.2545,-133.334,207.78
105,0,157.153,-205.983,1498.65,137.981,5.02143,1363.51,218.602,100.587,1296.93,57.3606,-90.5437,1430.09,335.472,184.17,1117.25,2.06163,-340.962,1459.36,525.321,256.276,963.33,-38.7517,-559.006,1659.96,49.938,107.044,879.122,-46.1798,-102.827,888.107,298.334,31.8974,660.677,220.347,-177.356,609.167,261.678,148.54,233.361,19.2514,-134.348,214.833
106,0,157.346,-204.963,1498.76,136.874,6.79455,1363.72,216.124,103.517,1296.97,57.6233,-89.9277,1430.48,333.874,192.146,1118.16,1.42378,-343.56,1457.62,524.782,268.157,966.218,-41.171,-566.384,1653.3,48.4039,107.324,879.142,-44.7184,-103.049,888.066,298.404,37.7569,661.5,223.986,-177.51,613.011,253.98,156.925,237.971,19.0204,-133.828,220.215
107,0,157.343,-197.252,1498.75,137.157,13.5682,1363.45,216.241,108.863,1295.86,58.0733,-81.7266,1431.04,334.27,191.533,1118.7,0.762354,-328.053,1469.68,524.431,259.452,967.642,-44.4051,-547.135,1672.95,47.7365,107.788,879.236,-44.0351,-103.488,887.904,298.293,38.4915,660.977,225.66,-179.269,613.388,249.609,169.62,239.617,19.3218,-133.999,219.196
108,0,157.321,-195.394,1495.89,137.743,18.3157,1363.64,216.322,113.048,1295.88,59.1639,-76.4163,1431.4,335.442,197.187,1122.95,0.923969,-313.18,1482.9,524.911,266.391,970.853,-47.2363,-519.724,1680.11,46.8658,109.05,879.727,-43.0692,-104.733,887.302,298.258,43.1282,665.201,232.146,-181.439,618.433,244.982,176.116,244.492,23.9512,-129.572,223.864
109,0,157.34,-191.113,1495.84,138.106,23.1452,1365.24,216.952,117.738,1297.5,59.2613,-71.4471,1432.98,337.187,202.134,1133.24,0.437295,-300.223,1494.01,524.329,267.501,983.772,-52.9819,-501.561,1690.09,45.8858,110.714,879.859,-42.0066,-106.358,887.068,297.399,43.0803,663.464,233.819,-185.581,630.996,242.579,183.047,247.566,26.5895,-122.903,234.032
110,0,158.217,-173.632,1494.38,138.415,35.5233,1366.4,217.065,128.814,1297.47,59.7645,-57.7677,1435.33,337.831,217.082,1134.97,0.675346,-280.048,1500.54,524.198,283.07,987.639,-56.934,-486.011,1695.95,44.7981,112.072,880.001,-40.8205,-107.694,886.846,297.339,45.8297,663.033,236.989,-188.672,633.063,244.675,194.183,250.914,32.307,-118.68,239.232
111,0,158.572,-171.506,1495.47,139.057,39.9973,1367.86,218.3,130.73,1297.83,59.8136,-50.735,1437.9,342.148,214.434,1140.7,0.876498,-247.255,1519.14,526.02,276.353,1000.78,-60.1374,-420.854,1721.42,44.2914,113.111,880.693,-40.2588,-108.853,885.794,299.139,46.4884,664.82,238.112,-190.807,633.234,243.657,218.024,264.072,34.0493,-98.3741,238.44
112,0,169.065,-155.136,1495.49,141.384,42.5677,1370.51,221.754,132.511,1298.44,61.0152,-47.3758,1442.59,347.686,211.546,1147.13,3.57267,-231.827,1536.9,528,272.467,1016.39,-61.6748,-392.261,1744.84,43.8621,114.502,881.33,-39.7138,-110.448,884.897,300.1,49.8683,667.494,242.652,-196.327,643.25,239.719,232.687,273.044,36.487,-90.6422,241.765
113,0,173.805,-160.336,1494.37,141.721,39.723,1370.72,222.401,130.737,1299.03,61.0422,-51.291,1442.41,347.342,205.471,1148.06,1.88255,-246.449,1528.69,525.237,247.955,1014.09,-69.277,-418.639,1734.31,43.7285,115.065,882.089,-39.5177,-111.082,883.979,301.816,52.9417,671.733,250.903,-196.331,647.528,239.417,236.367,278.34,35.8383,-80.0028,241.777
114,0,177.543,-163.529,1493.66,143.008,37.6081,1371.36,224.606,127.909,1300.04,61.411,-52.6933,1442.68,350.292,195.745,1154.9,3.39996,-247.541,1539.34,526.873,230.344,1023.58,-67.8886,-404.809,1745.71,43.5016,116.642,883.043,-39.1976,-112.826,882.903,302.019,55.202,672.557,253.646,-199.265,652.185,240.36,238.696,282.562,37.0267,-85.1469,243.171
115,0,179.561,-163.88,1492.18,142.957,34.9812,1371.48,224.607,125.335,1300.47,61.3076,-55.3727,1442.49,350.468,190.35,1157.02,3.62862,-248.341,1543.57,525.914,223.518,1026.46,-72.9525,-397.156,1757.28,43.251,117.703,884.006,-38.8467,-113.989,881.813,303.133,56.8559,673.808,256.771,-201.997,653.142,239.561,243.065,284.361,37.1309,-83.6533,247.201
116,0,178.776,-161.909,1492.42,142.898,36.1796,1371.82,224.792,124.613,1300.71,61.0045,-52.2538,1442.94,350.734,190.155,1159.34,3.67997,-216.71,1551.46,525.825,222.684,1030.04,-74.6901,-339.28,1765.91,43.1409,117.905,884.608,-38.7038,-114.244,881.068,305.952,56.5358,678.931,257.732,-202.76,660.603,237.396,238.861,291.924,40.2179,-81.9109,251.364
117,0,179.077,-143.137,1492.33,143.289,48.5483,1371.93,223.509,137.109,1300.71,63.068,-40.0127,1443.14,349.706,203.392,1160.37,9.29659,-191.016,1554.19,523.546,233.953,1033.14,-73.0501,-303.952,1767.26,42.2125,117.992,884.919,-37.7131,-114.364,880.699,306.996,57.0014,686.919,260.137,-202.327,661.224,234.496,235.725,296.834,44.5311,-78.5588,253.061
118,0,182.828,-129.473,1493.61,142.619,49.5096,1371.9,221.906,140.911,1300.69,63.3321,-41.8918,1443.11,345.907,206.765,1164.72,9.39485,-203.762,1550.34,513.599,237.421,1045.93,-78.018,-333.002,1762.85,41.9552,118.231,885.14,-37.448,-114.598,880.473,307.105,56.4018,692.048,260.41,-202.231,664.531,229.647,233.127,306.437,48.8884,-79.8669,258.883
119,0,184.732,-122.955,1494.35,142.644,49.4985,1372.17,220.778,141.33,1300.65,64.5096,-42.3333,1443.69,343.472,206.275,1165.57,9.71173,-195.342,1560.13,511.136,237.481,1047.77,-79.4186,-304.25,1777.11,41.3086,118.699,885.433,-36.7456,-115.156,880.18,306.202,56.936,692.325,260.832,-202.042,668.517,225.285,235.09,306.72,51.6284,-78.1316,260.963
120,0,191.839,-127.518,1492.27,143.324,46.5532,1372.07,220.798,139.059,1300.39,65.8494,-45.953,1443.75,344.029,200.182,1166.19,9.67061,-204.8,1561.65,511.436,230.897,1047.77,-79.6899,-320.762,1778.85,40.8276,119.611,885.811,-36.1982,-116.188,879.786,306.046,57.843,691.483,262.052,-201.961,668.266,224.938,237.729,308.24,54.0887,-78.5481,262.262
121,0,194.886,-120.606,1489.72,143.648,44.4421,1372.05,220.666,136.146,1299.94,66.6309,-47.2618,1444.16,344.028,192.569,1167.09,7.73093,-205.344,1566.3,511.574,225.981,1048.4,-86.827,-314.237,1788.29,40.3594,120.385,886.173,-35.6315,-117.099,879.42,306.053,58.3911,691.023,262.92,-201.845,667.882,223.94,240.481,308.765,56.8585,-79.385,265.121
122,0,195.157,-122.775,1490.33,144.719,43.6491,1372.26,220.929,135.374,1299.92,68.5102,-48.0763,1444.6,346.159,194.689,1171.33,7.8089,-208.249,1568.41,513.092,232.803,1053.96,-88.2351,-325.503,1788.63,39.9686,120.803,886.384,-35.2203,-117.503,879.196,306.013,61.239,694.647,264.072,-201.794,669.791,224.635,246.476,314.644,57.5642,-79.4243,266.502
123,0,197.916,-102.301,1485.6,147.14,53.0643,1372.28,218.753,147.148,1299.29,75.5269,-41.0196,1445.28,346.239,225.233,1176.07,12.4555,-196.908,1566.75,514.402,284.553,1061.65,-86.955,-315.963,1787.07,38.0161,121.196,886.301,-33.2416,-117.867,879.285,305.789,66.2852,697.416,264.12,-202.343,669.082,221.006,256.883,318.911,63.7932,-79.9058,267.005
124,0,197.262,-134.844,1480.98,146.203,31.6061,1371.77,218.714,124.239,1299.34,73.6926,-61.027,1444.2,345.98,204.089,1177.48,6.87046,-215.73,1565.45,514.734,263.078,1062.07,-94.4507,-328.728,1785.39,38.2124,121.282,886.596,-33.4127,-117.928,879.03,302.964,66.2751,696.623,263.895,-202.542,668.585,211.499,259.056,318.931,62.6823,-78.4592,270.265
125,0,197.179,-134.794,1477.89,145.492,31.7686,1371.29,217.49,124.364,1299.13,73.4936,-60.8273,1443.45,345.45,203.765,1180.95,6.77025,-208.526,1572.05,514.596,261.412,1066.73,-96.0558,-306.828,1801.96,37.9611,121.296,886.954,-33.1704,-117.944,878.674,303.259,65.9717,698.66,264.37,-202.519,671.733,212.748,256.565,318.16,64.8922,-74.2133,273
126,0,197.076,-134.895,1472.79,144.814,31.5313,1370.86,216.32,123.069,1298.83,73.3072,-60.0065,1442.9,343.211,214.78,1185.48,5.37292,-206.172,1571.38,514.693,301.757,1075.78,-96.0355,-309.558,1800.82,37.4423,121.256,887.223,-32.6596,-117.897,878.34,303.623,68.349,704.13,267.033,-202.48,672.226,213.663,259.253,325.954,73.9217,-71.9268,278.534
127,0,200.561,-122.395,1467.23,145.094,36.5894,1370.4,213.811,129.06,1297.93,76.3771,-55.8816,1442.88,343.101,222.896,1185.75,8.48335,-196.967,1574.7,514.413,303.494,1079.13,-95.1727,-293.04,1805.35,35.9018,121.347,887.233,-31.0984,-118.007,878.336,303.307,78.108,707.814,267.696,-202.664,672.574,209.088,272.274,328.725,79.2089,-71.8047,280.387
128,0,201.204,-121.551,1464.75,140.396,35.4071,1368.89,204.65,128.103,1296.22,76.1408,-57.2886,1441.56,334.989,220.913,1185,7.97742,-198.838,1573.7,506.517,297.85,1081.14,-97.0561,-301.421,1804.36,34.5004,121.348,887.328,-29.7182,-118.008,878.256,303.021,77.5696,712.784,269.81,-202.64,681.186,207.693,269.409,334.575,86.0147,-72.1621,295.015
129,0,200.913,-119.506,1463.4,138.895,34.7866,1368.4,200.502,126.821,1295.84,77.2877,-57.2481,1440.96,330.973,214.17,1184.65,7.45052,-198.606,1573.51,505.395,288.253,1079.7,-98.3204,-300.219,1804.32,32.9892,121.245,887.432,-28.1847,-117.927,878.176,303.347,82.2272,711.764,270.096,-202.655,682.651,207.669,277.246,332.539,85.234,-67.3602,295.145
130,0,196.136,-83.7866,1466.69,137.388,49.8571,1369.51,197.651,136.106,1295.84,77.126,-36.3914,1443.18,315.962,213.728,1185.4,6.27341,-173.81,1572.88,480.819,273.682,1095.61,-96.641,-270.684,1802.84,32.0276,121.419,887.09,-27.2301,-118.154,878.551,303.251,91.0589,711.731,269.906,-199.823,686.723,200.293,274.569,331.373,83.862,-72.0854,294.615
131,0,198.755,-84.4754,1466.43,136.49,47.102,1368.71,194.521,135.836,1295.71,78.4588,-41.6318,1441.71,310.681,213.498,1185.77,5.07405,-176.886,1572.6,481.679,273.001,1093.27,-100.633,-280.588,1804.06,31.1393,121.419,887.242,-26.3751,-118.155,878.424,304.286,92.6134,716.063,274.175,-199.988,690.751,194.159,279.168,336.839,85.199,-68.7697,297.053
132,0,198.717,-90.4983,1463.09,136.49,46.5237,1368.63,194.679,135.584,1295.54,78.3014,-42.5366,1441.72,310.886,222.802,1192.64,6.07012,-180.66,1574.12,482.479,299.138,1110.96,-97.7432,-276.695,1807.25,30.9919,121.406,887.211,-26.2584,-118.142,878.449,304.526,91.9917,718.817,273.804,-199.348,693.862,192.127,277.268,342.127,90.888,-68.1705,301.402
133,0,199.158,-95.5865,1460.24,137.259,43.6744,1368.37,192.779,131.128,1295.46,81.7395,-43.7792,1441.27,310.78,212.01,1192.98,6.06537,-182.868,1574.54,481.38,280.671,1108.5,-98.2253,-281.729,1807.24,29.5375,121.205,887.325,-24.7848,-117.97,878.375,304.557,91.4931,717.93,274.608,-198.814,694.219,193.571,280.205,340.132,91.2789,-66.5878,300.387
134,0,199.071,-116.368,1457.46,137.43,37.5755,1367.71,193.3,123.723,1294.66,81.5608,-48.572,1440.75,310.237,203,1193.24,5.98322,-184.813,1575.04,480.181,267.28,1115.4,-97.8507,-276.029,1810.19,29.5639,121.07,887.47,-24.8121,-117.862,878.21,308.436,90.8142,723.624,276.614,-196.931,699.324,193.965,278.928,349.292,92.4299,-60.397,305.466
135,0,200.128,-116.807,1454.49,135.998,39.239,1365.68,190.274,127.349,1293.25,81.7227,-48.8707,1438.11,307.15,207.038,1192.88,5.99274,-186.015,1573.32,478.972,270.418,1112,-97.6226,-278.513,1809.42,28.7966,121.082,887.477,-24.0892,-117.872,878.211,310.483,91.7983,725.932,281.814,-196.29,702.339,193.432,278.211,355.966,102.952,-60.7955,312.295
136,0,196.362,-149.846,1456.94,132.373,15.8752,1365.01,184.925,105.311,1293.65,79.821,-73.5605,1436.36,290.787,177.94,1193.55,1.149,-201.175,1572.71,464.654,232.156,1114.22,-99.1313,-279.382,1809.16,28.8206,120.943,888.443,-24.1142,-117.764,877.334,310.75,93.5827,728.403,282.383,-193.039,703.457,193.981,277.719,361.099,100.993,-39.9688,314.718
137,0,195.842,-150.59,1458.65,130.527,16.4473,1366.99,181.56,106.679,1297.71,79.4929,-73.7839,1436.26,286.09,194.249,1203.12,0.458752,-202.457,1573.76,461.211,273.362,1119.57,-99.3141,-278.246,1809.26,28.6535,120.928,888.665,-23.9861,-117.746,877.168,310.818,96.8639,730.64,282.872,-190.372,715.641,191.209,277.909,366.941,100.871,-30.8797,321.517
138,0,198.023,-145.827,1462.31,130.565,20.6944,1367.26,180.983,113.816,1298,80.1466,-72.4275,1436.51,287.041,204.434,1206.47,1.4282,-201.971,1574.28,461.395,285.096,1128.08,-98.7307,-273.193,1809.28,28.3875,120.822,888.661,-23.7917,-117.659,877.189,314.459,98.4652,737.542,284.866,-187.16,723.927,191.533,275.041,377.825,104.328,-30.396,330.805
139,0,198.069,-133.283,1462.31,131.357,27.5517,1367.22,181.684,120.012,1297.75,81.0308,-64.9087,1436.69,288.031,228.95,1207.26,1.74251,-193.09,1574.04,460.636,340.167,1137.08,-96.6334,-263.248,1809.03,28.2736,120.719,888.386,-23.7031,-117.539,877.467,317.737,97.9389,739.102,286.877,-187.38,727.42,187.498,263.739,380.507,107.457,-32.474,339.939
140,0,189.812,-131.489,1462.86,133.29,20.3326,1367.38,182.266,106.83,1297.91,84.3134,-66.1644,1436.85,288.805,220.428,1207.61,1.89568,-196.335,1571.54,460.372,325.108,1142.25,-94.9234,-274.051,1804.71,27.9042,120.689,888.572,-23.3206,-117.521,877.29,317.665,98.2339,740.666,287.648,-186.183,728.59,187.333,263.103,379.473,108.246,-31.9214,346.405
141,0,189.903,-131.43,1462.97,133.912,20.4845,1367.57,183.655,108.248,1298.41,84.1679,-67.2789,1436.72,289.204,209.101,1208.37,2.04013,-195.568,1571.02,461.416,282.896,1143.07,-91.7787,-268.753,1804.66,27.8984,120.945,888.7,-23.3089,-117.855,877.166,317.773,101.568,743.235,288.042,-186.305,729.174,188.354,268.695,384.455,108.48,-33.3725,347.886
142,0,190.069,-105.435,1463.26,135.163,36.7647,1368.59,183.991,125.742,1298.72,86.3353,-52.2124,1438.47,290.361,235.987,1210.54,5.04053,-186.979,1569.75,462.088,343.645,1147.93,-87.0921,-267.578,1802.68,26.3524,120.969,888.139,-21.8036,-117.876,877.753,317.706,110.196,747.506,288.766,-182.245,730.915,185.115,272.582,390.682,111.9,-33.9832,355.18
143,0,195.549,-107.491,1462.28,136.325,34.3643,1368.85,184.498,125.581,1299.14,88.1532,-56.852,1438.56,294.403,233.471,1214.15,7.00752,-196.188,1569.66,463.43,336.634,1150.89,-86.7144,-282.478,1799.75,26.2502,121.046,888.144,-21.7006,-117.953,877.758,317.783,109.413,749.126,290.611,-182.455,734.113,182.135,274.084,394.119,113.552,-31.6985,355.931
144,0,194.045,-146.326,1462.34,135.849,18.8197,1368.51,184.312,112.863,1300.48,87.3864,-75.2235,1436.54,293.028,206.397,1217.18,6.83211,-202.729,1569.41,463.825,282.122,1150.18,-87.8896,-280.773,1799.74,26.235,121.236,888.651,-21.6826,-118.181,877.251,318.254,109.279,748.111,291.821,-180.713,733.856,183.159,282.111,392.121,114.098,-17.7528,354.046
145,0,194.556,-135.644,1461.84,136.737,19.0067,1368.58,182.185,112.792,1300.62,91.2884,-74.7784,1436.53,293.423,221.106,1217.93,8.88475,-206.957,1569.38,464.17,344.651,1153.17,-87.5206,-286.672,1799.12,25.3871,121.241,888.796,-20.8283,-118.183,877.162,318.046,113.351,751.431,295.156,-180.175,733.075,183.612,282.896,391.303,113.983,-16.4032,354.632
146,0,198.15,-135.625,1461.7,138.662,18.813,1369.41,185.546,113.086,1302.27,91.7781,-75.4595,1436.54,296.985,223.645,1218.26,10.3908,-208.561,1568.21,467.175,338.51,1153.87,-85.33,-288.7,1798.89,25.3949,121.266,888.844,-20.8353,-118.208,877.112,318.211,112.724,751.619,295.621,-180.328,733.055,186.768,283.501,392.858,114.282,-7.92354,357.146
147,0,201.097,-129.849,1461.99,139.205,21.4549,1370.77,186.747,116.644,1303.84,91.6632,-73.7345,1437.7,298.235,225.627,1220.11,11.2808,-202.481,1568.24,468.758,333.419,1157.93,-82.4927,-273.683,1800.2,25.3874,121.47,888.865,-20.8264,-118.436,877.072,318.154,112.622,750.367,294.998,-179.983,730.576,195.649,286.432,392.444,114.313,-9.0593,356.227
148,0,202.473,-129.177,1462.4,139.646,22.3515,1370.88,186.796,118.07,1304.17,92.4959,-73.3676,1437.58,298.4,226.477,1221.66,11.9326,-202.437,1568,468.59,331.03,1159.31,-82.5198,-273.651,1800.16,25.2821,121.453,888.876,-20.7358,-118.419,877.062,318.605,112.271,750.213,296.936,-179.47,731.645,195.583,288.35,392.102,114.229,-2.08088,355.06
149,0,202.911,-133.886,1464.07,139.653,17.749,1371.8,186.839,114.97,1306.08,92.4679,-79.4721,1437.53,298.78,223.629,1225.28,12.1714,-205.458,1568.19,469.152,327.775,1160.34,-82.4054,-273.781,1800.17,25.2971,121.631,889.505,-20.7454,-118.607,876.466,318.352,114.062,749.963,296.236,-179.53,729.941,198.884,293.825,391.147,114.512,-0.729614,354.55
150,0,203.233,-127.053,1462.97,139.428,21.3603,1372.04,186.714,118.855,1306.01,92.1426,-76.1349,1438.07,298.073,244.621,1225.88,12.09,-205.939,1568.19,468.975,377.233,1165.53,-81.9357,-279.006,1800.48,25.2868,121.63,889.161,-20.7393,-118.596,876.802,318.206,112.573,748.581,297.591,-180.631,732.889,198.337,276.196,389.652,115.228,-1.89247,362.397
151,0,203.028,-125.474,1462.74,138.1,20.1115,1371.49,183.76,116.019,1305.63,92.4407,-75.7957,1437.35,296.558,264.176,1227.44,12.0407,-213.606,1568.12,465.773,451.641,1169.94,-82.2951,-296.787,1797.66,25.0205,121.759,889.206,-20.4331,-118.678,876.773,315.831,116.323,747.169,297.462,-180.661,732.69,194.643,284.97,388.853,114.675,8.28568,364.678
152,0,202.059,-124.593,1465.04,136.12,17.9232,1372.44,179.848,112.682,1307.6,92.3926,-76.8352,1437.29,294.453,260.098,1239.46,12.3766,-221.966,1568.61,463.147,433.474,1187.69,-82.2022,-305.391,1797.68,24.6507,122.085,889.561,-20.0209,-118.933,876.513,312.885,124.654,746.954,299.062,-176.392,732.507,188.917,317.235,391.905,114.587,8.33067,366.467
153,0,202.015,-118.208,1468.17,134.108,18.0902,1374.78,175.677,112.816,1311.7,92.5387,-76.6358,1437.86,292.721,264.484,1252.75,12.6513,-224.984,1571.5,459.568,447.436,1197.66,-82.0546,-308.748,1798.8,24.23,122.093,889.739,-19.5945,-118.931,876.405,306.856,130.675,746.004,299.133,-168.623,732.36,187.973,328.146,391.401,114.513,16.0245,366.403
154,0,204.531,-122.411,1469.44,132.555,12.8731,1376.01,172.658,111.488,1314.23,92.4515,-85.7423,1437.78,287.372,263.214,1254.51,12.2843,-239.421,1571.46,446.23,436.795,1193.29,-83.2599,-321.493,1797.76,24.0892,122.344,890.301,-19.4604,-119.109,876.005,304.217,129.407,743.425,300.082,-167.324,732.238,188.462,328.648,387.421,117.41,21.037,365.843
155,0,207.344,-106.055,1469.35,131.713,20.3983,1375.76,169.706,117.841,1312.84,93.7189,-77.044,1438.68,283.455,283.496,1251.78,15.7695,-237.093,1571.58,444.598,477.826,1196.25,-80.7976,-319.278,1797.27,23.1893,122.189,889.951,-18.6435,-118.915,876.416,302.744,133.571,743.35,300.087,-164.288,733.566,186.241,328.133,387.271,121.009,21.9954,365.19
156,0,205.763,-106.851,1468.73,131.896,18.1565,1375.67,170.12,114.194,1312.66,93.6722,-77.8806,1438.69,283.96,279.434,1251.41,16.0737,-239.032,1571.65,444.917,474.399,1198.45,-80.2124,-330.008,1795.04,23.1839,122.279,889.964,-18.6326,-118.977,876.407,302.962,133.178,743.542,300.068,-165.785,737.774,183.186,324.892,387.186,119.479,25.9474,366.304
157,0,205.467,-110.451,1467.5,131.284,8.70162,1375.44,167.514,103.384,1312.93,95.0546,-85.9805,1437.96,283.264,277.485,1253.77,17.7993,-248.049,1570.57,444.32,465.914,1201.3,-79.3723,-340.197,1791.53,22.8524,122.473,890.66,-18.2503,-119.153,875.843,302.415,140.561,745.022,301.774,-164.375,737.541,183.359,335.403,387.287,119.781,36.5862,365.897
158,0,205.02,-106.622,1467.7,131.308,13.8084,1376.39,167.795,106.382,1312.93,94.821,-78.7655,1439.85,283.4,283.415,1256.18,17.7339,-240.333,1573.53,445.071,485.617,1211.12,-77.1315,-332.033,1795.75,22.784,122.485,890.481,-18.185,-119.163,876,301.552,141.417,744.961,301.688,-164.081,740.241,183.489,332.583,387.19,119.648,37.6338,370.057
159,0,204.945,-82.0939,1467.68,128.281,34.875,1376.89,161.352,128.503,1311.36,95.2089,-58.7534,1442.43,273.815,295.838,1255.47,18.4902,-212.804,1574.08,439.996,492.58,1210.52,-74.4411,-291.876,1800.06,20.4997,122.494,889.143,-16.0221,-119.171,877.242,301.238,142.417,745.61,302.034,-160.465,743.851,183.612,328.66,387.119,122.202,34.9666,376.725
160,0,205.071,-79.543,1469.22,126.787,38.311,1376.14,157.72,134.538,1309.91,95.8538,-57.916,1442.37,271.595,297.079,1254.93,21.4415,-212.9,1572.93,439.452,485.242,1209.17,-72.1471,-293.179,1797.33,18.9429,122.516,888.401,-14.5127,-119.188,878.021,301.305,143.987,745.53,306.309,-160.768,747.147,185.897,327.622,387.581,127.969,33.2997,380.905
161,0,205.446,-80.6395,1468.6,127.081,35.4013,1376.08,158.34,134.059,1309.83,95.8232,-63.2565,1442.33,270.96,295.415,1254.65,21.4968,-231.575,1571.03,437.343,487.557,1210.67,-71.8662,-334.791,1787.14,18.928,122.604,888.203,-14.4911,-119.242,878.294,299.97,143.263,743.755,307.125,-160.997,749.804,183.662,329.595,387.74,129.566,36.8302,382.04
162,0,205.842,-84.5214,1468.68,126.763,34.24,1376.2,157.52,132.714,1309.9,96.0065,-64.234,1442.49,269.725,295.073,1257.3,22.2471,-236.132,1570.76,435.896,489.221,1213.73,-70.8995,-342.784,1784.95,18.7683,122.615,887.864,-14.345,-119.248,878.674,300.021,143.232,743.557,307.901,-160.432,754.511,181.625,338.409,388.819,130.923,50.5871,386.621
163,0,208.466,-80.6958,1470.03,125.8,38.0202,1376.1,153.708,137.594,1309.72,97.8913,-61.5533,1442.48,268.406,298.369,1257,24.3181,-222.339,1570.51,436.441,486.558,1213.79,-65.214,-303.686,1785.6,17.029,122.65,887.405,-12.7072,-119.28,879.124,299.327,145.654,740.991,307.843,-155.204,754.105,186.311,337.07,388.423,135.269,47.675,385.475
164,0,208.625,-79.5183,1470.01,124.747,38.3113,1376.03,150.835,137.644,1309.56,98.6592,-61.0213,1442.49,265.419,299.516,1256.42,25.075,-220.806,1570.36,433.829,491.79,1217.45,-64.2968,-300.233,1786.14,16.2316,122.613,887.254,-11.963,-119.229,879.254,299.393,145.078,739.884,310.204,-152.786,754.793,186.373,335.966,390.152,140.059,52.8292,388.456
165,0,209.421,-69.4844,1470.04,125.9,46.0139,1375.65,145.322,146.447,1308.82,106.479,-54.4194,1442.47,262.154,306.538,1256.05,33.6137,-204.554,1570.33,432.752,500.228,1218.11,-59.3719,-265.017,1788.2,13.2288,122.633,886.913,-9.03327,-119.242,879.624,298.249,144.07,737.755,312.828,-142.914,755.214,187.729,335.881,391.96,155.107,54.4747,389.224
166,0,210.03,-64.8983,1470.05,126.035,51.2836,1374.8,145.283,150.519,1307.15,106.786,-47.9517,1442.45,262.861,310.809,1255.82,34.1711,-198.344,1570.32,432.933,507.002,1220.79,-59.4611,-263.572,1793.19,12.2834,122.349,886.374,-8.17995,-118.907,880.13,297.257,142.026,735.311,312.462,-142.063,754.783,187.744,333.011,391.324,152.963,53.4984,388.75
167,0,209.569,-63.5114,1469.95,125.077,54.7956,1375.19,143.695,153.15,1306.56,106.46,-43.5586,1443.83,262.285,310.389,1254.63,35.3958,-187.58,1572.99,432.424,502.865,1221.99,-55.9118,-245.639,1802.67,12.0101,122.307,885.638,-7.92489,-118.875,880.762,297.673,140.441,734.906,312.988,-143.092,754.581,192.131,321.639,383.299,153.498,51.9948,384.559
168,0,209.147,-65.9972,1466.28,121.6,53.2425,1373.93,136.879,151.509,1304.86,106.321,-45.0245,1443.01,254.568,309.536,1251.47,35.3806,-190.524,1573.51,428.163,501.149,1221.26,-56.4459,-250.483,1806.06,11.089,122.261,885.659,-6.97942,-118.836,880.741,296.915,140.812,735.383,313.849,-143.9,753.877,201.482,319.973,381.112,153.421,50.9687,381.832
169,0,209.779,-71.3863,1465.9,120.812,51.3405,1374.1,135.725,151,1305.21,105.899,-48.3189,1442.99,252.705,308.743,1251.51,35.1451,-192.685,1572.67,426.351,500.295,1222.24,-54.4746,-256.212,1804.98,11.0475,122.034,885.682,-6.94867,-118.575,880.722,296.177,141.719,735.49,313.914,-142.431,754.597,202.048,323.929,381.787,155.884,53.1852,381.477
170,0,209.409,-75.2937,1465.92,120.16,50.449,1374.46,136.602,149.85,1305.16,103.718,-48.9524,1443.75,253.291,317.532,1252.57,33.0282,-197.208,1574.98,424.568,526.433,1225.54,-54.6044,-273.404,1806.52,11.0608,121.514,885.613,-6.97037,-117.962,880.809,291.801,145.479,737.778,313.19,-141.866,755.223,203.324,333.243,382.705,160.811,52.7115,379.135
171,0,210.513,-74.4438,1465.94,119,50.404,1374.34,134.5,150.016,1304.73,103.5,-49.2079,1443.96,248.312,316.028,1252.49,32.957,-198.155,1575.07,418.854,521.339,1228.81,-53.5425,-269.918,1808.82,10.8728,121.342,885.38,-6.82991,-117.781,881.073,291.733,145.978,737.302,315.828,-135.425,757.428,204.141,341.483,381.571,172.162,58.8656,376.951
172,0,209.074,-74.6184,1467.73,117.789,48.8437,1375.35,132.76,149.604,1306.37,102.818,-51.9162,1444.33,248.054,314.99,1255.64,32.8874,-199.997,1572.18,415.551,517.285,1232.32,-51.462,-270.364,1802.93,10.3481,121.456,885.329,-6.32491,-117.876,881.194,283.55,153.721,735.681,315.864,-128.538,756.718,203.777,356.357,381.803,170.955,57.9171,375.655
173,0,205.083,-80.2066,1468.59,115.743,47.4882,1375.24,131.023,148.779,1306.38,100.462,-53.8022,1444.1,246.476,314.894,1256.36,30.8827,-203.402,1571.58,414.294,514.806,1233.27,-51.0238,-277.024,1800.8,10.2928,121.444,885.285,-6.27698,-117.85,881.297,282.802,155.447,737.23,315.793,-129.487,760.586,205.548,353.844,381.906,174.003,57.415,373.845
174,0,202.659,-88.2308,1468.6,111.965,44.6824,1375.01,131.166,146.008,1306.42,92.7652,-56.6432,1443.59,246.984,314.862,1256.51,26.9794,-210.059,1569.65,412.28,514.187,1233.05,-51.1719,-292.45,1798.44,11.0346,121.475,885.277,-7.02031,-117.868,881.315,282.987,153.596,740.189,315.577,-139.216,762.094,209.164,340.05,381.993,176.697,45.5188,373.025
175,0,202.315,-88.668,1465.67,110.975,43.2854,1374.29,131.67,143.235,1305.75,90.2806,-56.6642,1442.83,245.628,314.483,1255.24,25.0859,-209.888,1569.64,410.255,514.746,1232.67,-50.027,-292.027,1798.53,11.2864,121.445,885.38,-7.25964,-117.838,881.236,283.34,153.044,742.736,316.426,-149.009,762.468,215.016,332.888,381.59,179.155,40.1571,369.139
176,0,202.401,-74.0994,1463.05,110.433,56.0278,1371.54,130.413,153.512,1301.01,90.4532,-41.4559,1442.07,240.287,334.912,1249.14,24.9318,-191.336,1568.37,406.434,553.357,1232.18,-45.396,-268.042,1799.23,10.5641,121.414,885.046,-6.57476,-117.794,881.6,282.422,152.65,748.503,317.083,-153.787,762.88,224.591,316.731,387.465,187.007,6.69587,369.792
177,0,190.264,-69.4138,1464.83,107.771,56.7496,1371.45,121.741,152.812,1301.09,93.8003,-39.3124,1441.82,231.594,333.646,1250.49,25.8895,-185.574,1570.19,396.235,544.296,1235.29,-44.938,-256.025,1801.2,8.58385,121.241,885.036,-4.60018,-117.599,881.623,275.41,153.278,749.898,317.035,-153.708,762.968,228.884,313.605,388.724,184.904,-0.908482,369.848
178,0,190.513,-70.2587,1466.43,107.511,56.191,1372.98,122.755,152.083,1304.11,92.2673,-39.7012,1441.85,233.059,331.323,1263.77,25.8756,-185.346,1574.67,398.016,542.774,1244.56,-43.8263,-250.463,1805.85,8.60748,121.213,885.119,-4.62572,-117.558,881.546,275.617,152.215,745.773,316.302,-153.457,760.018,229.893,315.91,381.923,185.963,4.48753,361.218
179,0,190.575,-73.9794,1468.27,107.06,50.902,1373.13,122.471,146.327,1304.17,91.649,-44.5235,1442.08,230.89,330.116,1263.6,25.8854,-196.885,1575.18,393.393,539.748,1245.94,-43.659,-273.937,1806.84,8.90687,121.048,885.242,-4.95109,-117.339,881.447,276.256,149.212,735.585,315.43,-151.731,750.08,231.278,317.507,368.194,186.64,27.0738,355.122
180,0,190.038,-79.1833,1467.61,106.364,47.3216,1372.55,122.176,144.042,1304.16,90.5514,-49.3993,1440.95,229.107,328.524,1263.29,21.8789,-210.856,1561.89,388.274,541.339,1248.73,-44.8266,-305.328,1791.45,9.04011,121.002,885.231,-5.0785,-117.26,881.546,269.127,159.506,742.805,314.536,-149.804,751.202,229.622,332.377,375.177,186.642,28.2788,356.001
181,0,190.39,-72.7062,1467.5,106.343,54.174,1373.1,122.453,147.569,1304.1,90.234,-39.2209,1442.09,227.978,336.858,1266.76,21.669,-195.088,1565.04,381.59,560.08,1257.75,-44.5173,-283.825,1796.83,9.11693,120.632,884.609,-5.19536,-116.819,882.185,269.956,157.64,736.204,309.424,-147.136,751.288,229.438,331.179,362.153,188.088,28.4194,350.904
182,0,190.908,-72.0781,1465.67,106.141,54.6571,1372.81,122.536,148.149,1302.89,89.7468,-38.8344,1442.73,226.771,336.068,1265.95,21.7269,-187.468,1571,379.282,557.677,1256.82,-44.5794,-256.234,1810.49,9.15659,120.61,884.61,-5.24092,-116.798,882.185,270.564,154.581,732.799,307.465,-146.539,743.153,229.339,325.262,359.832,188.464,31.0509,347.119
183,0,190.434,-66.5607,1466.21,104.555,63.0999,1373.17,122.821,157.235,1303.26,86.2895,-31.0358,1443.08,224.536,352.633,1268.91,19.4622,-190.293,1550.07,373.845,586.523,1264.88,-43.8776,-299.647,1781.49,9.33562,119.688,883.446,-5.54146,-115.622,883.402,268.312,154.476,732.697,300.266,-143.733,740.628,228.822,321.827,359.488,189.515,25.7147,339.681
184,0,187.615,-29.3887,1467.9,102.395,91.9118,1376.9,122.972,179.567,1303.04,81.8176,4.25623,1450.76,224.963,369.898,1271.55,19.0148,-160.143,1557.37,369.723,596.935,1270.48,-44.2377,-269.706,1785.36,10.8543,116.895,881.108,-7.31865,-112.567,885.655,268.853,137.527,716.434,284.686,-136.604,728.533,233.206,286.659,337.334,187.771,31.4244,334.207
185,0,187.373,-9.63238,1468,102.027,103.877,1379.39,123.21,191.687,1303.04,80.8426,16.0667,1455.74,223.257,384.58,1268.66,17.9127,-154.461,1548.62,353.531,611.38,1268.15,-44.2241,-269.486,1773.9,11.3917,115.628,878.58,-7.97968,-111.152,888.137,269.301,134.105,701.819,285.035,-133.212,717.63,241.671,277.728,326.467,187.653,33.7611,328.414
186,0,184.747,-18.0167,1467.88,100.743,92.0064,1380.18,123.372,175.787,1304.21,78.1136,8.22554,1456.15,223.514,382.951,1269.79,13.0245,-162.094,1550.17,349.514,599.178,1275.97,-47.482,-299.974,1776.89,11.4063,115.063,878.637,-8.00065,-110.556,888.089,263.513,129.718,682.314,282.826,-130.352,708.68,241.176,278.802,304.455,180.763,36.3632,320.095
187,0,184.084,-36.965,1466.11,94.9997,85.6564,1380.55,123.773,164.157,1305.66,66.2267,7.15552,1455.44,219.256,376.493,1277.57,-4.65279,-173.589,1551.23,337.224,599.383,1290.22,-62.028,-307.552,1779.98,15.698,112.054,879.263,-12.4709,-107.26,887.476,266.464,95.7139,683.027,267.15,-136.616,711.38,244.701,255.383,302.125,168.466,35.6691,321.027
188,0,184.323,-37.5302,1465.48,96.7386,84.5932,1386.18,131.726,167.907,1311.63,61.751,1.27963,1460.72,219.81,376.708,1288.93,-3.84994,-174.77,1551.88,335.805,604.802,1307.99,-61.8159,-306.219,1781.37,19.0178,111.962,879.293,-15.8848,-107.151,887.444,266.668,83.1944,678.217,266.218,-144.525,703.928,247.226,241.74,289.43,168.654,28.9322,310.996
189,0,241.142,-81.0089,1435.26,101.727,52.8227,1384.11,140.14,142.258,1314.48,63.3134,-36.6124,1453.75,208.622,373.52,1287.06,-19.2319,-232.556,1526.13,308.329,609.179,1300.59,-72.7566,-356.359,1755.74,21.9552,110.526,881.733,-18.8191,-105.863,885.189,266.828,89.9023,678.164,263.083,-143.66,697.307,230.744,248.691,295.901,152.661,70.4599,311.67
190,0,197.95,-84.5731,1437.42,104.177,44.4916,1386.29,144.533,128.413,1318.93,63.8218,-39.4294,1453.66,220.319,338.466,1300.62,-18.4012,-219.501,1547.22,319.151,575.427,1316.34,-71.067,-294.135,1778.08,24.0231,111.883,883.395,-20.5711,-107.421,883.529,270.346,82.7172,672.13,258.896,-149.432,685.826,242.339,249.069,277.9,155.028,40.6181,294.096
191,0,248.546,-138.852,1426.07,110.227,11.1437,1384.42,156.213,104.207,1324.21,64.2417,-81.9196,1444.63,216.387,327.764,1299.98,-19.6384,-293.437,1503.7,302.699,573.661,1309.58,-70.861,-430.834,1720.53,27.4841,111.514,885.766,-24.0171,-107.062,881.444,263.337,86.4433,674.409,259.415,-134.316,677.621,229.959,255.425,283.868,149.089,96.0656,298.54
192,0,210.809,-151.628,1434.77,111.25,7.26496,1394.1,176.4,90.2736,1341.42,46.0993,-75.7437,1446.77,242.384,256.848,1332.17,-23.8744,-271.017,1552.49,311.442,395.344,1319.65,-77.5137,-382.234,1771.8,36.72,112.082,887.762,-32.5592,-107.862,879.079,270.162,58.6137,662.636,244.494,-141.758,650.297,250.785,238.93,279.078,153.449,36.1117,271.85
193,0,217.358,-174.278,1449.01,121.393,10.699,1403.17,200.48,92.1626,1353.17,42.306,-70.7647,1453.17,247.393,210.247,1329.28,-44.7988,-254.646,1551.1,302.871,290.885,1315.58,-95.6894,-371.154,1766.39,42.186,111.413,888.853,-38.1259,-107.482,877.726,260.26,46.376,657.829,229.924,-141.816,648.01,249.348,210.791,271.548,147.005,24.1715,263.926
194,0,218.994,-188.445,1447.69,123.471,15.6442,1401.71,203.919,98.9703,1350.16,43.023,-67.6818,1453.27,248.192,217.007,1323.49,-42.164,-264.88,1531.06,307.337,377.086,1313.95,-92.1105,-406.973,1733.49,43.0139,111.715,888.873,-39.0329,-107.721,877.706,263.102,54.8187,655.426,234.941,-142.397,645.935,253.162,219.353,276.617,154.765,30.298,272.497
195,0,218.277,-176.166,1448.1,121.604,18.6399,1402.13,198.129,103.091,1348.64,45.0782,-65.8115,1455.62,247.545,237.598,1320.44,-49.811,-270.671,1517.1,306.294,386.475,1313.76,-95.8962,-429.056,1713.42,44.0425,111.764,888.73,-40.1817,-107.742,877.881,263.613,54.5617,652.129,235.574,-141.898,639.099,263.089,210.53,270.323,159.164,25.4418,271.655
196,0,213.241,-187.6,1457.98,119.385,16.3552,1404.1,193.222,102.656,1351.69,45.5476,-69.9459,1456.51,227.988,281.909,1326.31,-55.5227,-298.317,1506.32,297.019,510.003,1318.36,-96.5147,-482.385,1693.72,44.1704,111.171,888.635,-40.5561,-106.822,878.071,263.715,54.979,653.272,230.722,-129.341,632.002,264.015,204.438,269.15,158.213,51.5358,273.66
197,0,184.505,-212.581,1468.13,112.895,13.3273,1407.66,189.774,97.327,1358.75,36.0146,-70.6723,1456.56,224.028,287.275,1334.33,-75.3458,-305.888,1497.24,281.681,513.19,1323.69,-110.745,-489.251,1678.81,44.6549,109.488,888.554,-41.2607,-104.861,878.196,258.834,46.8585,646.957,232.93,-128.515,637.803,262.445,186.306,257.693,152.88,62.6637,277.734
198,0,154.881,-211.47,1483.26,104.836,8.0936,1409.23,186.173,89.033,1361.08,23.5001,-72.8458,1457.37,215.7,290.078,1333.6,-85.2614,-305.61,1497.61,273.598,522.733,1327.99,-118.039,-486.77,1684.29,45.2068,106.709,888.241,-41.9974,-101.843,878.548,256.05,35.1509,643.017,232.632,-118.27,633.915,265.149,168.458,247.96,147.476,105.932,279.522
199,0,138.641,-208.643,1494.88,94.0345,8.07418,1413.78,174.56,90.0386,1370.23,13.5092,-73.8902,1457.33,207.294,302.802,1355.42,-93.501,-302.184,1500.27,267.944,548.349,1350.69,-134.925,-471.811,1694.18,45.2561,106.011,888.204,-42.149,-101.004,878.579,249.327,35.0285,635.362,229.832,-119.288,625.324,269.87,175.846,238.936,147.148,95.7039,274.014
200,0,114.837,-206.258,1503.84,81.4947,8.00421,1415.31,162.855,89.0287,1372.74,0.134481,-73.0202,1457.88,202.95,305.252,1354.22,-104.271,-295.573,1503.56,259.877,547.942,1355.52,-149.342,-460.721,1697.36,45.7467,104.482,887.893,-42.79,-99.4081,878.986,248.178,34.4925,627.716,228.015,-120.284,626.412,276.338,170.927,228.688,147.519,89.1129,272.254
201,0,115.383,-205.003,1514.86,73.9255,9.04608,1419.94,151.519,90.4603,1378.26,-3.66837,-72.3682,1461.63,192.184,327.164,1376,-110.289,-294.808,1504.1,251.475,587.838,1390.73,-155.039,-466.179,1700.71,45.7235,104.375,887.774,-42.8647,-99.2061,879.208,248.342,37.4669,621.135,225.283,-120.658,625.915,277.525,177.229,211.082,148.761,84.2223,263.605
202,0,81.7235,-191.932,1533.02,60.4513,10.7129,1424.38,128.647,93.3627,1384.35,-7.74423,-71.9369,1464.42,172.051,339.576,1384.14,-108.39,-306.389,1500.4,244.597,609.028,1391.59,-156.587,-511.19,1672.31,45.4386,104.418,887.37,-42.7466,-99.1843,879.909,246.276,43.3018,607.207,223.604,-121.33,621.641,287.43,178.865,193.122,152.312,66.226,248.869
203,0,39.9184,-168.095,1542.89,45.7097,10.9047,1425.66,112.696,93.5485,1383.66,-21.2765,-71.7392,1467.66,150.899,341.761,1379.61,-117.826,-303.266,1496.28,234.979,615.677,1392.15,-167.515,-502.871,1674.58,45.3074,104.008,887.262,-42.5675,-98.5277,880.051,246.756,30.5912,611.711,210.786,-114.803,621.813,296.973,133.336,197.611,158.927,89.0463,248.631
204,0,50.866,-161.838,1543.41,40.6766,13.0299,1428.96,108.621,97.4644,1388.88,-27.2676,-71.4046,1469.04,143.203,354.415,1394.2,-123.145,-301.604,1497.62,224.429,632.973,1408.93,-167.892,-496.363,1676.76,45.2635,104.042,887.186,-42.6369,-98.5596,880.226,252.894,32.0337,615.127,209.716,-120.189,626.712,297.442,145.165,196.376,160.096,87.1418,250.58
205,0,58.6639,-133.013,1540.22,35.8967,34.6265,1430.01,105.831,119.227,1386.71,-34.0376,-49.9736,1473.3,144.453,370.297,1391.12,-130.953,-274.797,1508.68,220.353,651.182,1412.35,-187.541,-457.382,1688.33,45.2575,103.022,886.596,-42.7489,-97.3521,880.787,256.684,18.6126,612.289,204.784,-131.324,625.79,306.052,132.154,186.582,161.189,28.1837,240.166
206,0,68.7016,-94.9443,1537.48,36.0972,53.4428,1425.73,105.407,143.384,1371.2,-33.2127,-36.4984,1480.27,104.905,342.736,1234.15,-131.007,-241.303,1514.45,142.909,507.143,1081.5,-192.096,-423.1,1688.08,46.4221,103.191,885.718,-44.0331,-97.5701,881.58,264.14,-0.301036,612.865,191.914,-165.53,626.092,314.869,111.581,184.083,160.575,-64.6473,237.794
207,0,70.4058,-62.2196,1534.33,34.0753,83.5831,1420.62,104.543,168.764,1357.53,-36.3923,-1.59788,1483.71,106.24,347.43,1224.22,-141.573,-199.776,1532.7,134.798,525.964,1085.04,-205.72,-379.164,1690.6,46.8548,102.419,884.918,-44.5296,-96.773,882.257,267.147,-19.4869,608.528,188.728,-188.277,622.741,342.108,69.0171,177.494,162.11,-104.942,234.838
208,0,69.0239,-57.4706,1527.87,23.6893,101.408,1415,95.0676,188.21,1344.6,-47.689,14.6056,1485.4,115.983,386.313,1261.27,-160.585,-186.861,1532.17,157.722,584.911,1179.51,-222.339,-363.158,1691.4,46.7968,101.383,881.207,-44.4716,-95.6129,885.672,267.378,-22.1107,593.174,178.803,-178.496,610.445,355.429,45.6866,162.038,162.478,-85.1678,219.951
209,0,54.8129,-44.0645,1521.61,13.8799,109.683,1407.7,96.3346,189.379,1330.28,-68.5748,29.9864,1485.12,110.379,287.069,1133.98,-180.632,-150.898,1515.36,154.789,335.157,953.021,-240.467,-317.657,1671.47,50.0512,96.9601,879.602,-47.8023,-91.8735,887.357,268.538,-14.293,591.493,160.56,-175.18,601.525,347.12,43.2383,169.673,162.841,-99.7163,209.831
210,0,50.2208,-47.0538,1519.27,2.84534,101.198,1409.34,85.2344,183.937,1332.91,-79.5438,18.4583,1485.77,88.7192,257.146,1148.47,-187.127,-167.198,1491.03,124.413,292.075,996.097,-256.232,-333.996,1643.67,50.9459,95.6995,878.224,-48.8675,-90.8793,888.801,268.37,-13.4635,584.696,151.149,-155.752,595.118,340.821,63.4753,163.969,165.696,-78.0935,195.271
211,0,53.7953,-51.2306,1499.52,-4.79145,96.6424,1409.4,81.25,178.931,1334.55,-90.8329,14.3537,1484.25,103.556,338.228,1243.68,-192.022,-175.406,1483.51,143.237,539.754,1336.74,-262.976,-350.336,1644.24,51.6272,95.3252,877.737,-49.7998,-90.4896,889.496,265.416,-7.12344,568.519,144.934,-143.018,593.788,338.892,75.7889,145.645,169.989,-74.9673,179.288
212,0,51.7084,-62.7741,1499.93,-12.7512,89.2728,1410.13,68.3949,174.807,1336.35,-93.8974,3.73844,1483.91,109.565,369.78,1284.76,-190.728,-184.956,1461.08,147.107,595.545,1369.13,-269.48,-355.109,1616.87,51.5296,95.7779,876.324,-49.7181,-90.9827,891.142,260.082,15.6064,562.234,137.7,-129.69,595.902,336.788,81.6776,133.321,175.552,-67.0134,175.045
213,0,43.2862,-65.0004,1500.75,-20.6943,79.646,1410.3,63.4796,173.1,1336.92,-104.868,-13.8077,1483.68,119.655,364.148,1293.3,-192.576,-213.507,1453.06,150.482,573.586,1367.39,-276.599,-386.737,1601.36,51.5735,96.0984,875.679,-49.8374,-91.3895,891.994,257.073,40.6242,559.442,135.52,-118.084,597.356,333.762,105.915,127.612,182.939,-59.6255,174.286
214,0,32.1214,-66.1223,1497.31,-26.931,73.3943,1407.54,64.3962,160.976,1337.37,-118.258,-14.1876,1477.7,127.785,344.961,1291.9,-196.189,-211.789,1438.64,138.636,545.629,1369.66,-292.652,-372.922,1586.03,53.3676,93.9176,875.54,-51.8698,-89.5474,892.189,254.172,38.5451,560.778,120.153,-109.825,598.132,332.479,94.0026,128.5,182.077,-49.6637,175.907
215,0,8.9968,-79.8727,1497.73,-37.1947,64.8096,1405.26,60.5108,144.63,1338.03,-134.9,-15.0108,1472.5,141.982,309.818,1290.95,-205.008,-214.748,1423.4,130.819,469.549,1347.92,-297.799,-387.553,1556.83,54.6443,92.3532,875.595,-53.1558,-88.1279,892.165,244.337,36.4311,556.543,116.275,-109.372,596.857,331.936,80.9772,128.962,181.424,-50.6475,176.777
216,0,-12.654,-92.1444,1498.09,-45.9391,63.4858,1400.19,60.6943,137.21,1338.35,-152.572,-10.2381,1462.03,148.629,300.206,1281.06,-232.624,-215.337,1404.89,126.636,458.032,1333.47,-320.696,-403.45,1528.72,55.8033,87.1742,875.816,-54.5404,-83.0933,892.03,232.174,26.4884,543.372,110.32,-111.024,589.874,334.39,63.3662,125.373,175.56,-54.2761,171.803
217,0,-28.5061,-65.4422,1502.12,-61.3302,88.8725,1397.81,46.8002,156.537,1337.36,-169.461,21.2086,1458.26,148.578,309.768,1280.94,-241.005,-176.022,1390.37,123.869,462.929,1325.53,-341.345,-368.873,1502.36,56.5216,85.5635,875.617,-55.4458,-81.456,892.197,229.914,13.4522,536.541,110.221,-122.571,583.711,337.288,30.1648,121.208,178.97,-128.814,159.261
218,0,-56.7624,-56.7115,1497.65,-72.5117,111.761,1384.26,51.2773,157.202,1333.71,-196.301,66.3203,1434.81,152.052,168.104,1214.74,-291.407,-120.098,1322.68,109.321,128.513,1252.42,-363.609,-318.3,1429.68,63.8427,77.7854,876.516,-62.8355,-74.0329,891.521,212.996,-30.8567,524.378,79.8136,-124.36,579.061,327.815,-21.1961,110.881,155.324,-133.709,147.715
219,0,-73.0649,-24.3737,1489.49,-81.8476,138.356,1365.8,52.9725,172.947,1318.15,-216.668,103.765,1413.44,155.555,137.471,1184.71,-290.758,-77.7249,1277.11,98.5257,43.0196,1233.36,-370.807,-281.657,1387.24,70.3477,72.8009,876.853,-69.4234,-68.8682,891.293,207.767,-60.3528,520.75,76.2994,-144.356,576.518,318.269,-42.6699,108.807,144.946,-171.12,137.973
220,0,-77.5512,-31.2092,1490.33,-85.9715,133.677,1365.43,49.3163,174.556,1320.36,-221.259,92.7983,1410.51,155.928,183.766,1202.16,-301.316,-95.1521,1273.45,96.8449,175.506,1240.52,-382.004,-296.059,1350.94,71.1656,71.4107,877.685,-70.4349,-67.5644,890.612,198.256,-54.3138,512.347,67.2266,-142.851,570.106,307.573,-55.0127,97.2511,140.69,-164.122,122.212
221,0,-88.7006,-22.174,1488.79,-83.0756,141.426,1368.37,49.8722,179.552,1325.22,-216.023,103.3,1411.51,159.121,208.379,1207.39,-286.977,-86.718,1252.57,102.463,239.985,1245.99,-374.27,-303.329,1309.69,72.7602,69.422,877.871,-72.2338,-65.4961,890.48,192.291,-64.1782,511.727,66.0335,-155.798,568.082,301.58,-115.959,99.6343,143.167,-239.701,119.45
222,0,-111.334,10.121,1488.74,-95.644,169.562,1366.71,35.7783,209.38,1326.22,-227.066,129.745,1407.2,151.03,233.374,1212.29,-293.739,-59.7687,1228.66,99.7668,272.501,1248.06,-377.175,-286.424,1284.37,73.5638,68.1526,877.743,-73.1851,-64.1171,890.63,190.868,-73.0064,509.838,63.9686,-185.656,569.183,296.944,-154.03,102.31,140.25,-285.355,126.345
223,0,-103.685,8.29188,1485.59,-92.7575,148.375,1368.76,36.28,187.355,1334.08,-221.795,109.395,1403.45,157.692,138.895,1217.9,-290.851,-68.8942,1230.21,101.191,65.8643,1239.45,-371.654,-283.492,1282.26,74.9227,67.0529,880.107,-74.4165,-63.1493,888.626,189.702,-68.38,513.565,58.2657,-169.295,567.637,294.253,-107.13,99.2284,141.878,-226.387,117.301
224,0,-118.818,-6.80183,1486.43,-97.1902,147.151,1366.36,35.748,185.079,1337.06,-230.128,109.224,1395.67,156.459,137.556,1221.51,-298.508,-62.6455,1209.85,87.8311,65.1827,1236.67,-381.961,-274.511,1252.9,75.5085,66.2978,881.13,-74.9935,-62.4213,887.763,182.225,-67.0268,509.951,49.3763,-165.877,566.816,280.599,-113.944,93.8773,129.49,-231.021,117.102
225,0,-135.292,-7.7614,1486.62,-102.547,154.284,1367.28,34.8965,185.742,1343.1,-239.99,122.825,1391.45,157.347,131.996,1237.74,-299.237,-40.2696,1208.72,82.194,60.4354,1239.73,-387.464,-241.498,1229.45,75.9395,65.0006,882.546,-75.4599,-61.2477,886.506,176.737,-63.0919,509.085,46.9952,-156.629,561.009,273.242,-96.4966,90.829,131.082,-224.133,102.367
226,0,-149.397,-17.9489,1494.33,-107.144,140.665,1373.05,28.3158,164.653,1356.29,-242.603,116.677,1389.81,154.914,117.588,1268.5,-295.131,-44.8834,1209.75,68.7321,77.1605,1244.85,-383.211,-268.851,1214.62,75.7453,63.008,884.198,-75.3107,-59.2628,885.098,174.978,-62.4848,510.283,46.6808,-155.429,562.157,266.618,-87.6219,89.3635,132.292,-242.734,100.565
227,0,-160.919,-60.5416,1494.36,-112.873,114.476,1367.54,24.0278,128.504,1360.59,-249.774,100.449,1374.5,154.77,62.2577,1284.79,-294.738,-82.1822,1193.56,53.0297,19.2708,1253.59,-381.799,-314.156,1186.97,75.837,58.8075,886.146,-75.546,-55.2673,883.428,168.108,-60.8048,509.822,34.9308,-142.41,562.739,266.192,-89.3914,83.6128,121.117,-228.13,95.8107
228,0,-185.562,-98.4942,1497.37,-121.385,71.3073,1376.32,22.027,71.422,1378.26,-264.798,71.1927,1374.38,154.66,-36.5011,1315.12,-312.669,-112.808,1195.2,46.1431,-111.348,1265.8,-389.742,-346.143,1183.75,76.8258,52.0743,890.775,-76.7275,-48.7654,879.015,167.967,-50.7239,508.139,21.6044,-119.154,558.874,267.819,-40.9453,76.8618,115.648,-173.236,67.513
229,0,-223.582,-134.919,1491.47,-129.241,33.1529,1375.09,14.696,15.4963,1381.33,-273.178,50.8095,1368.85,159.553,-118.325,1342.19,-325.092,-123.501,1202.79,50.3808,-199.664,1285.37,-397.749,-348.04,1180.2,77.2016,43.153,895.561,-77.2521,-40.1687,874.089,168.383,-35.9661,508.454,7.20201,-75.6112,554.28,258.903,22.0266,76.4913,107.009,-93.9463,55.6241
230,0,-238.753,-119.482,1479.19,-133.726,17.7647,1378.69,-0.880594,-15.5151,1387.59,-266.572,51.0445,1369.78,156.848,-168.801,1357.9,-319.388,-122.671,1197.43,51.0681,-254.674,1285.44,-393.697,-343.697,1151.36,77.1412,33.8542,897.434,-77.1444,-31.3088,872.087,168.117,-29.5945,509.225,2.84516,-57.6182,552.504,247.075,34.2774,75.6359,110.136,-76.5975,50.6924
231,0,-245.029,-132.507,1483.55,-143.486,24.3083,1380.68,-0.30603,-1.67947,1398.2,-286.665,50.296,1363.16,156.739,-145.913,1382.15,-327.079,-120.67,1184.03,54.7367,-245.279,1316.88,-396.935,-341.198,1133.43,78.346,32.9133,900.454,-78.4638,-30.2657,868.908,164.974,-18.4841,507.718,9.53847,-63.0119,551.545,240.463,47.1467,66.0365,108.747,-95.365,35.2344
232,0,-263.536,-170.435,1483.83,-154.795,2.89728,1379.39,-9.14561,-36.0573,1404.72,-300.445,41.8518,1354.05,143.371,-190.644,1405.83,-325.802,-119.737,1174.77,40.642,-287.157,1333.73,-399.567,-339.86,1126.51,80.2062,29.1041,902.859,-80.5716,-26.4924,866.329,165.831,-0.792241,508.007,14.1703,-59.4609,548.733,234.928,113.912,64.3,107.335,-106.418,21.9676
233,0,-284.27,-187.361,1484.17,-158.495,-10.1133,1378.59,-14.5846,-62.8622,1405.8,-302.406,42.6356,1351.39,134.092,-214.287,1424.49,-329.624,-32.2597,1184.32,20.9586,-288.916,1339.19,-401.978,-141.38,1123.58,82.6556,24.7979,903.723,-82.9536,-23.1522,865.3,170.661,-4.02974,508.425,12.4616,-66.3418,548.445,238.187,95.1339,61.1126,106.028,-107.315,23.6253
234,0,-287.417,-204.544,1481.57,-167.922,-9.43583,1377.38,-19.6077,-58.7391,1412.73,-316.237,39.8674,1342.03,125.143,-203.192,1451.19,-331.797,-52.0263,1163.45,6.91639,-268.904,1352.51,-401.363,-206.265,1083.36,85.6949,24.9663,905.049,-86.2333,-23.1333,863.998,171.359,-6.64608,507.383,14.7262,-82.5817,548.877,233.235,108.49,52.1244,99.9371,-162.145,12.0041
235,0,-303.448,-180.303,1456.78,-185.191,-25.802,1375.92,-63.3388,-81.9761,1410.44,-307.043,30.372,1341.4,78.7602,-214.99,1459.96,-262.97,-93.127,1150.41,-14.3439,-260.312,1366.65,-373.75,-261.756,1065.28,83.0497,24.1464,904.692,-83.7991,-21.9922,864.369,177.825,-5.27603,513.196,6.19588,-83.1002,570.141,235.562,123.714,65.6874,101.373,-159.88,36.5402
236,0,-321.507,-172.2,1439.67,-187.557,-22.785,1367.95,-70.5359,-78.5385,1409.87,-304.578,32.9685,1326.02,64.0857,-217.804,1476.71,-250.149,-93.4691,1117.14,-44.7453,-246.058,1368.69,-359.068,-267.481,1031.74,82.9992,23.1083,904.458,-83.7319,-20.8717,864.517,180.057,-2.55658,512.352,-8.0252,-83.9897,575.618,228.587,164.638,66.0827,88.9012,-148.125,37.9196
237,0,-321.899,-183.033,1446.63,-194.89,-12.2505,1364.31,-61.475,-58.6127,1418.22,-328.304,34.1118,1310.4,67.0401,-186.775,1519.85,-259.958,-80.8208,1099.35,-38.3508,-223.264,1410.55,-355.84,-252.447,1020.6,85.3936,23.7901,905.609,-86.254,-21.6266,863.21,178.547,-4.618,507.042,-3.71824,-97.5474,574.979,217.34,136.261,54.4799,75.4505,-161.616,24.4543
238,0,-331.561,-189.085,1449.45,-203.748,-6.5019,1360.22,-69.9335,-47.4559,1417.22,-337.562,34.4521,1303.21,49.0308,-161.862,1549.24,-265.422,0.668173,1091.3,-49.6604,-103.387,1451.24,-349.231,-101.331,1000.91,85.752,23.3864,905.407,-86.555,-21.6164,863.353,175.912,-17.046,501.501,-2.84476,-82.5013,569.234,216.63,129.033,42.5784,61.643,-104.719,19.488
239,0,-332.98,-193.14,1449.81,-210.531,-4.19871,1354.16,-75.1019,-43.1458,1415.72,-345.961,34.7484,1292.61,31.0613,-86.5647,1574.1,-268.727,32.6715,1096.31,-75.341,25.2666,1477.96,-350.356,-10.3639,1003.44,86.0007,23.8939,905.301,-86.8313,-22.1122,863.288,175.634,-17.5416,501.848,-2.84341,-83.4577,567.933,217.402,99.9833,42.8729,55.8692,-109.778,17.8958
240,0,-349.2,-206.478,1442.16,-219.131,-4.13202,1344.61,-85.5788,-38.7686,1416.8,-352.683,30.5046,1272.42,19.4272,-75.8925,1599.41,-261.127,24.6651,1072.88,-75.5701,7.42551,1508.78,-330.799,-38.9676,984.324,86.2175,24.2364,906.115,-87.0539,-22.5083,862.018,175.702,-17.6986,502.096,-2.8076,-84.5035,562.52,219.354,98.3692,40.7169,49.5961,-106.396,12.6133
241,0,-358.399,-199.29,1443.69,-226.68,4.57309,1347.15,-94.6172,-24.3931,1427.91,-358.742,33.5393,1266.39,-4.05111,-63.6782,1633.86,-250.56,13.8592,1054.53,-75.3509,8.59842,1543.91,-317.391,-98.6103,971.407,86.2615,24.3008,906.907,-87.1114,-22.55,860.84,177.06,-18.9514,501.675,1.01863,-89.9512,562.45,220.692,96.0819,33.7126,48.393,-106.853,12.4106
242,0,-377.284,-195.875,1440.68,-238.076,19.2207,1346.79,-111.248,-4.39348,1430.27,-364.903,42.8349,1263.31,-28.396,-18.8796,1651.62,-247.588,53.508,1053,-94.7848,101.011,1567.5,-310.156,-20.7777,966.738,86.1975,24.0001,906.965,-87.0747,-22.4085,860.582,177.106,-18.9529,501.74,0.715427,-91.8034,563.588,221.55,92.6037,25.1965,38.8165,-93.2668,13.97
243,0,-397.685,-178.294,1430.66,-254.579,39.5104,1343.22,-129.998,11.2784,1435.25,-379.16,67.7424,1251.2,-52.7877,-33.8542,1667.78,-240.181,30.5173,1025.42,-101.543,31.3316,1623.37,-301.337,-149.403,955.638,86.1552,22.2688,908.471,-87.0314,-19.9824,858.767,176.941,-23.5884,497.701,2.02743,-89.7679,563.453,221.618,99.9403,18.3791,38.4507,-67.6659,13.9838
244,0,-396.494,-146.088,1436.96,-267.358,54.3011,1344.96,-145.987,37.5455,1441.22,-388.728,71.0566,1248.7,-81.0492,-9.1105,1674.08,-236.277,29.513,1023.91,-113.196,29.7809,1641.11,-291.383,-186.371,950.379,85.9461,22.7428,911.166,-86.892,-20.1737,855.819,176.91,-24.6385,496.895,5.45664,-92.9954,561.709,219.624,113.105,20.6613,38.0499,-55.6382,11.9791
245,0,-407.738,-130.79,1430.22,-269.319,62.1552,1345.74,-146.567,36.8019,1441.29,-392.071,87.5084,1250.19,-94.3082,-6.03293,1690.83,-232.535,17.9341,1029.31,-119.794,49.2771,1694.08,-277.537,-192.424,949.146,85.9141,20.6532,911.137,-86.8512,-17.8002,855.759,175.4,-46.569,495.303,5.61346,-93.3096,560.887,215.382,106.969,17.9361,33.8859,-17.2939,16.7518
246,0,-414.601,-121.166,1423.93,-273.896,69.2358,1340.54,-149.805,47.8417,1439.41,-397.988,90.63,1241.67,-102.759,44.8041,1689.42,-233.456,9.32331,1013.24,-140.833,142.245,1734.26,-263.78,-217.171,933.39,85.8711,20.7376,912.059,-86.8156,-18.0468,854.454,174.694,-45.7827,495.571,5.3745,-90.9704,552.917,209.49,107.782,19.3845,24.7575,7.3361,18.9889
247,0,-411.657,-121.601,1422.86,-277.527,66.7561,1338.62,-153.368,43.8102,1438.33,-401.686,89.702,1238.91,-116.592,46.0322,1675.55,-233.024,-9.06554,1009.94,-149.61,130.226,1758.12,-259.425,-237.766,935.522,85.8355,20.4407,913.076,-86.7793,-17.2622,853.165,170.682,-47.9242,495.747,2.43078,-80.0495,544.561,199.744,113.081,17.9984,15.3914,55.5233,21.8458
248,0,-424.816,-105.729,1408.7,-282.355,68.9491,1335.05,-162.259,49.0627,1437.83,-402.452,88.8356,1232.28,-132.464,105.914,1661.69,-235.12,-35.097,1004.64,-142.828,241.53,1776.11,-265.529,-258.197,940.138,85.7096,21.4475,916.534,-86.7001,-17.4728,849.335,168.041,-54.1847,497.585,-1.17121,-84.0682,541.558,194.067,112.167,19.0119,4.91486,62.696,29.0944
249,0,-431.367,-97.0156,1402.94,-286.307,72.2015,1332.86,-169.064,53.5763,1437.05,-403.55,90.8266,1228.67,-144.478,99.0375,1663.75,-235.415,-39.7643,997.458,-153.634,213.252,1806.85,-262.527,-257.466,935.642,85.4767,22.032,918.033,-86.545,-17.61,847.745,163.122,-52.7219,498.276,-4.28482,-84.4598,541.3,192.561,123.245,19.7189,5.47182,60.2762,29.2508
250,0,-427.243,-92.0659,1384.22,-294.232,72.2157,1329.18,-183.835,52.9591,1432.33,-404.629,91.4723,1226.02,-149.851,69.2861,1658.99,-229.621,-39.6303,993.785,-166.76,133.396,1805.11,-253.954,-246.159,935.791,84.4883,22.128,918.511,-85.6235,-17.7374,847.394,159.036,-51.8628,500.013,-11.0655,-72.7003,538.672,187.133,121.204,20.3119,5.54952,69.365,32.4023
251,0,-427.422,-97.6154,1386.18,-295.773,70.3174,1322.88,-185.405,50.197,1428.67,-406.14,90.4378,1217.1,-160.9,55.9643,1656.55,-230.165,-45.0341,986.392,-188.484,108.848,1831.11,-258.171,-255.634,934.624,83.7506,21.9033,919.236,-84.8922,-17.2975,846.696,151.68,-61.781,503.805,-13.306,-73.8139,537.721,173.951,118.878,21.486,-8.43388,70.0824,39.9706
252,0,-425.811,-99.4831,1382.72,-297.597,64.3915,1319.9,-189.755,47.0926,1428.6,-405.439,81.6904,1211.19,-179.308,50.5208,1669.36,-231.092,-72.1179,984.952,-209.049,87.062,1869.9,-261.699,-288.091,938.526,82.1688,21.8201,919.821,-83.3533,-17.0906,846.139,148.82,-67.8173,507.314,-12.9106,-74.8569,538.238,172.453,117.312,23.3692,-11.0945,70.696,43.7908
253,0,-423.417,-100.788,1368.36,-300.808,65.063,1309.44,-195.128,45.7542,1413.97,-406.489,84.3717,1204.91,-194.004,45.6479,1659.03,-231.82,-71.0138,982.529,-223.889,79.3833,1849.62,-259.574,-281.415,939.781,81.3347,21.6038,920.401,-82.5521,-16.6416,845.547,149.05,-66.396,507.832,-14.9922,-59.6988,537.081,167.977,130.384,50.4244,-7.80417,98.2729,62.9694
254,0,-425.433,-107.694,1362.05,-300.542,63.7007,1304.81,-194.647,43.2359,1412.94,-406.437,84.1655,1196.68,-202.045,43.1282,1660.55,-237.348,-65.2179,981.151,-233.237,76.5444,1864.27,-260.741,-270.782,941.604,80.7411,20.5781,921.318,-81.9496,-15.2927,844.531,149.674,-84.5837,511.107,-17.8207,-61.5961,533.018,163.636,126.103,55.9848,-17.7082,91.3847,65.9859
255,0,-430.216,-108.041,1362.86,-302.016,63.2065,1301.7,-196.912,42.4281,1409.88,-407.119,83.9848,1193.52,-210.567,40.9679,1659.01,-246.882,-63.4071,981.058,-240.434,76.0595,1862.41,-266.969,-268.852,943.09,80.071,20.3592,922.173,-81.292,-14.9401,843.595,150.24,-83.1387,512.202,-18.4808,-60.4774,528.089,163.958,124.422,54.2367,-20.0282,97.1804,68.6981
256,0,-432.404,-114.514,1344.53,-306.183,60.2907,1300.04,-203.82,36.6796,1408.57,-408.545,83.9019,1191.52,-221.189,34.1712,1658.76,-248.565,-61.3128,982.502,-253.289,63.2536,1869.11,-269.031,-265.434,951.578,79.7163,19.5763,922.558,-80.9513,-13.9462,843.161,160.527,-85.7715,518.396,-19.9571,-56.2622,528.684,165.68,123.391,64.4988,-20.7983,109.635,80.7317
257,0,-430.643,-122.053,1334.57,-308.88,60.4885,1289.97,-208.595,37.2023,1400.09,-409.165,83.7747,1179.86,-230.176,41.6449,1657.48,-252.411,-59.8502,973.597,-261.617,70.0698,1864.06,-274.01,-262.945,952.163,79.1957,19.5791,923.051,-80.3984,-13.9047,842.603,166.297,-85.6209,518.007,-19.5654,-57.4107,519.736,167.163,123.135,64.1879,-20.4372,106.326,80.709
258,0,-438.587,-123.181,1319.7,-309.494,59.2417,1290.22,-210.305,28.9342,1401.24,-408.684,89.5492,1179.2,-237.405,31.6884,1657.27,-250.862,-38.1139,969.719,-270.559,61.1957,1853.9,-274.182,-243.841,955.453,78.9915,15.3622,923.357,-80.1662,-9.51625,842.259,174.365,-96.3574,522.383,-19.4208,-52.1025,519.858,167.411,124.177,74.4205,-18.6403,138.364,86.7027
259,0,-442.598,-119.576,1311.45,-315.796,63.655,1287.48,-220.002,30.5451,1400.49,-411.59,96.765,1174.46,-250.014,39.4351,1646.76,-251.806,-21.31,957.133,-281.104,79.1101,1845.45,-278.338,-220.065,956.131,78.7067,14.8367,923.936,-79.831,-8.87559,841.586,179.509,-93.6043,525.828,-19.2178,-52.3954,520.254,168.282,133.097,78.1502,-17.8618,153.047,90.8929
260,0,-447.506,-119.876,1314.19,-319.418,63.2463,1286.96,-224.841,29.5868,1400.35,-413.995,96.9059,1173.57,-256.926,37.0948,1646.26,-252.635,-21.3219,960.174,-288.813,73.8187,1843.61,-281.848,-219.345,958.482,78.3585,13.9106,924.258,-79.4665,-7.94125,841.24,180.834,-95.9487,528.062,-19.2308,-48.294,520.576,170.729,131.32,76.7834,-18.5088,146.248,92.1774
261,0,-445.362,-105.726,1307.83,-319.742,81.5946,1280.83,-225.766,52.668,1396.52,-413.717,110.521,1165.14,-259.945,66.6498,1641.54,-248.454,-7.95864,952.392,-294.897,112.167,1840.79,-281.834,-203.005,957.284,78.3347,13.7551,924.524,-79.4325,-7.70191,840.922,185.459,-99.0895,531.357,-21.6005,-47.8992,520.392,169.718,108.09,80.5194,-31.4687,150.878,98.8333
262,0,-444.707,-103.632,1303.42,-320.503,88.4353,1275.76,-227.447,55.1514,1392.73,-413.56,121.719,1158.79,-266.18,66.9243,1638.09,-248.467,5.18265,952.748,-302.836,116.355,1838.81,-286.879,-192.13,956.727,78.2245,10.876,924.702,-79.3176,-4.63779,840.724,191.184,-105.835,531.41,-30.7556,-41.0398,520.753,168.119,78.4684,79.16,-39.1928,150.469,102.33
263,0,-439.212,-81.4587,1296.72,-315.919,113.222,1267.65,-225.586,82.5853,1386.44,-406.252,143.859,1148.86,-270.317,92.687,1629.61,-243.164,26.9838,949.397,-310.343,152.32,1832.75,-287.408,-166.037,956.716,77.5807,10.087,925.284,-78.6868,-3.70514,840.053,201.68,-105.508,533.337,-35.2862,-38.8682,524.898,166.782,71.3486,77.9516,-47.2825,159.119,117.954
264,0,-436.003,-86.2924,1293.53,-315.485,105.707,1265.39,-225.545,75.5776,1382.49,-405.424,135.837,1148.28,-278.302,82.9016,1622.06,-243.226,17.7778,949.031,-325.115,139.271,1822.96,-291.366,-175.098,959.218,77.5405,9.59048,925.304,-78.6511,-3.20756,840.035,209.004,-109.053,536.52,-46.7621,-40.0107,533.536,167.671,60.3896,80.3052,-45.5255,162.838,130.382
265,0,-426.345,-87.5457,1297.09,-316.842,104.322,1260.89,-228.976,77.0561,1376.92,-404.707,131.588,1144.87,-285.715,91.2376,1603.2,-243.914,13.0697,946.831,-339.404,146.807,1804.88,-299.685,-181.198,959.125,77.2757,9.6707,925.42,-78.4004,-3.30835,839.921,210.683,-114.708,538.115,-51.6643,-37.0907,534.262,168.274,30.2317,83.6648,-46.9438,172.126,131.168
266,0,-424.213,-69.7282,1295.79,-318.905,125.234,1256.71,-233.452,98.2203,1372.56,-404.357,152.249,1140.85,-294.964,118.976,1588.83,-244.338,29.4208,946.835,-352.954,175.842,1778.71,-303.228,-165.454,959.587,76.9476,9.1313,925.961,-78.1241,-2.67046,839.409,211.277,-113.726,541.002,-66.4632,-37.9583,546.196,168.573,37.3146,90.1069,-54.1798,165.018,143.926
267,0,-425.198,-68.015,1297.12,-321.568,125.622,1253.2,-239.804,94.1497,1371.85,-403.331,157.094,1134.56,-300.355,110.757,1581.21,-240.361,34.2261,944.518,-362.902,166.211,1760.47,-305.405,-163.908,949.581,76.6775,6.79046,926.626,-77.8946,-0.361017,838.732,214.266,-120.834,540.95,-66.965,-30.6908,546.796,170.05,16.0048,88.6653,-51.7055,178.743,142.657
268,0,-432.952,-87.0477,1294.46,-324.071,111.794,1250.04,-242.551,72.1726,1369.24,-405.591,151.415,1130.84,-314.285,78.0906,1581.12,-241.888,28.8543,944.119,-389.06,138.595,1756.22,-319.878,-168.715,946.982,76.6565,3.54403,926.877,-77.8742,2.72289,838.475,217.71,-120.602,541.756,-72.8952,-29.0881,545.902,190.112,24.3386,75.5465,-56.4654,174.162,137.686
269,0,-447.864,-108.755,1296.02,-331.185,90.444,1250.23,-251.707,34.1097,1369.28,-410.662,146.778,1131.18,-325.572,32.1587,1578.87,-253.996,25.5946,944.572,-405.603,81.8759,1744.55,-340.37,-171.748,947.741,76.1864,-1.15725,927.153,-77.5046,7.06521,838.25,216.019,-119.407,545.315,-80.2471,-15.888,545.242,201.555,27.6317,66.7363,-61.1456,177.806,135.157
270,0,-461.403,-113.78,1297.06,-338.53,89.3575,1248.96,-259.555,34.6982,1368.17,-417.504,144.017,1129.76,-337.382,37.4104,1572.28,-262.167,26.7788,943.009,-415.907,88.8045,1724.62,-347.492,-173.536,947.126,75.8991,-3.00228,927.249,-77.2602,8.83107,838.137,214.775,-120.192,543.201,-82.5991,-15.8681,543.289,206.563,22.2159,48.9035,-69.7977,182.574,125.269
271,0,-468.37,-116.975,1293.49,-341.699,91.3196,1241.16,-261.816,36.5234,1359.61,-421.582,146.116,1122.71,-345.692,40.0314,1556.17,-263.53,29.219,942.288,-430.915,118.869,1712.22,-350.066,-176.195,943.643,75.7954,-6.08464,927.336,-77.1725,11.9861,838.019,213.932,-131.467,531.565,-84.9004,-14.0338,542.823,203.991,-1.23969,40.2252,-69.0151,211.881,123.713
272,0,-475.312,-121.98,1294.28,-345.599,87.7428,1236.86,-266.555,36.3574,1358.56,-424.642,139.128,1115.15,-368.23,44.3914,1563.26,-263.942,8.84674,941.661,-454.51,161.271,1718.25,-355.31,-219.871,938.79,75.7724,-6.01959,927.451,-77.1613,11.9028,837.827,221.592,-136.03,529.855,-86.7429,-13.5874,542.247,208.317,-17.0498,28.221,-78.3746,218.34,117.769
273,0,-491.637,-123.163,1294.7,-351.108,79.4913,1235.81,-273.743,25.1088,1359.04,-428.473,133.874,1112.58,-387.613,29.4546,1566.57,-266.107,1.87974,939.954,-480.22,154.255,1700.44,-360.536,-234.629,932.149,75.7123,-7.87052,927.536,-77.1442,13.4612,837.684,224.236,-137.122,528.12,-88.9821,-5.792,541.95,215.718,-10.3551,21.5502,-79.5021,222.677,112.359
274,0,-493.935,-126.261,1292.28,-358.855,78.2772,1229.85,-279.51,27.7498,1354.52,-438.2,128.805,1105.18,-394.267,31.202,1567.13,-272.765,-0.585384,930.818,-497.81,185.347,1669.67,-365.977,-229.695,924.925,75.6844,-8.10859,927.32,-77.1334,13.5698,837.792,226.171,-135.538,526.926,-100.494,0.073455,543.671,221.705,-7.28836,17.0178,-85.5281,228.06,110.21
275,0,-499.026,-145.843,1284.99,-361.636,69.2338,1218.72,-281.313,27.027,1347.52,-441.959,111.441,1089.93,-399.992,33.8912,1566.17,-273.409,-24.9892,915.373,-512.151,224.844,1634.08,-363.667,-258.965,907.394,75.5976,-8.0291,927.299,-77.1127,13.4285,837.773,231.956,-134.924,526.869,-100.52,-1.88944,542.889,245.864,-5.44429,16.5308,-98.7808,232.951,104.491
276,0,-501.363,-143.502,1271.57,-364.684,79.4779,1206.64,-286.196,46.9059,1337.56,-443.173,112.05,1075.73,-409.14,80.5897,1561.51,-271.506,-22.836,900.244,-523.297,285.211,1590.66,-363.225,-249.012,885.729,75.6503,-7.53085,927.124,-77.2656,12.7898,837.805,248.261,-123.785,524.995,-99.7349,-3.19783,543.293,265.232,-2.27986,16.7924,-103.737,231.107,102.862
277,0,-515.171,-178.747,1255.72,-368.2,51.3144,1200.18,-291.086,19.4442,1334.53,-445.314,83.1846,1065.82,-416.585,65.4713,1562.62,-268.529,-50.1102,884.882,-539.425,260.236,1562.5,-361.373,-283.874,867.74,75.6377,-7.52612,927.077,-77.2853,12.6977,837.797,254.418,-123.778,525.071,-102.312,-4.17859,541.895,279.995,-0.579456,19.2653,-105.004,241.229,102.745
278,0,-523.734,-197.973,1243.67,-368.272,29.6059,1197.81,-291.253,-1.34992,1332.88,-445.291,60.5618,1062.74,-405.753,12.5446,1563.66,-263.446,-66.3701,883.147,-527.56,218.951,1523.43,-359.918,-286.487,856.968,75.8063,-7.31899,926.894,-77.5778,12.0905,837.875,273.102,-117.347,525.041,-102.382,-7.30481,541.796,304.627,1.73914,19.4164,-101.855,235.852,102.975
279,0,-532.599,-221.09,1233.07,-367.67,14.6492,1196.2,-288.993,-22.5111,1328.44,-446.347,51.8095,1063.95,-406.735,-19.8172,1561.94,-260.735,-65.598,889.459,-528.203,216.088,1480.59,-357.851,-279.038,855.637,76.0579,-7.6441,926.516,-77.925,12.1231,838.1,275.221,-119.14,525.741,-104.07,-3.7935,541.78,311.029,-17.9262,20.7304,-99.6222,247.952,103.424
280,0,-541.536,-234.596,1224.16,-369.183,7.78321,1197.56,-288.543,-33.2899,1327,-449.823,48.8563,1068.12,-409.507,-15.198,1552.95,-260.709,-61.9173,893.134,-529.376,224.78,1471.58,-357.947,-274.382,850.913,76.1061,-8.00005,926.193,-78.0075,12.2357,838.308,272.951,-121.877,527.907,-109.96,-2.36974,540.701,325.68,-34.9502,29.0896,-98.5688,260.963,105.499
281,0,-548.86,-221.334,1218.46,-368.725,5.87734,1196.98,-288.416,-45.6503,1323.74,-449.034,57.405,1070.22,-407.01,-47.1094,1537.51,-251.102,-49.9055,892.705,-524.802,186.568,1435.8,-357.323,-268.149,843.27,76.1037,-11.6563,925.534,-78.0199,15.3197,838.881,277.21,-124.909,526.393,-115.533,6.67238,540.447,345.325,-32.7345,29.263,-97.5782,271.074,105.558
282,0,-544.306,-225.366,1211.83,-368.915,7.40805,1191.33,-289.246,-44.3167,1318.64,-448.584,59.1328,1064.02,-408.898,-30.3503,1527.19,-247.845,-48.739,884.77,-532.844,225.566,1407.22,-357.113,-263.982,833.333,76.1276,-12.3279,925.335,-78.0748,15.8254,839.019,282.368,-125.303,527.811,-119.395,5.34725,540.095,357.908,-44.5364,33.9041,-97.3504,267.737,105.604
283,0,-542.141,-218.323,1218.48,-374.663,10.5061,1188.37,-299.824,-40.3959,1316.45,-449.503,61.408,1060.3,-398.107,-131.669,1487.51,-248.088,-44.1181,883.457,-514.335,-67.9181,1351.22,-356.794,-253.513,829.845,76.1284,-13.6006,925.33,-78.087,16.8515,839.072,284.044,-122.653,528.593,-130.969,3.71036,549.431,380.012,-38.1581,31.6333,-98.7525,245.685,104.124
284,0,-546.4,-212.739,1219.03,-381.635,15.1542,1188.76,-308.327,-41.6044,1315.77,-454.942,71.9128,1061.75,-395.615,-143.435,1470.03,-248.298,-23.6755,885.588,-502.503,-83.6753,1335.19,-356.373,-237.088,825.65,76.1899,-15.8123,925.327,-78.1991,18.8344,839.115,288.315,-122.368,529.997,-138.601,2.86496,548.833,390.847,-35.4726,31.1448,-111.349,221.218,99.322
285,0,-551.275,-203.556,1206.86,-387.223,21.0911,1187.1,-313.946,-44.065,1312.46,-460.499,86.2473,1061.75,-390.917,-177.321,1454.73,-260.396,0.176295,885.457,-490.862,-161.019,1315.24,-355.963,-208.071,817.531,76.1937,-18.9031,925.379,-78.2191,21.7293,839.119,292.14,-123.64,531.671,-140.123,18.8495,547.681,411.348,-40.9222,32.0674,-121.973,249.65,89.3061
286,0,-548.745,-200.524,1209.01,-386.74,18.6262,1183.15,-314.207,-52.4741,1303.46,-459.272,89.7265,1062.85,-365.579,-208.188,1415.91,-263.205,31.8205,886.491,-449.665,-234.329,1279.13,-352.771,-122.303,812.793,76.0622,-19.139,925.465,-78.1073,21.8559,839.126,297.857,-118.842,532.655,-139.169,11.8082,547.852,431.073,-27.7086,33.8069,-119.765,220.026,88.7769
287,0,-548.052,-161.65,1208.16,-381.335,28.3369,1177.12,-312.598,-50.4662,1290.87,-450.072,107.14,1063.37,-358.279,-216.932,1404.49,-259.48,99.9722,867.517,-432.138,-247.76,1264.09,-232.824,36.2156,699.195,74.82,-20.6484,925.384,-76.6285,22.9919,839.376,300.394,-118.164,533.919,-137.035,19.0188,553.306,446.499,-32.9161,34.0457,-130.857,221.067,89.1764
288,0,-546.731,-68.0957,1206.27,-371.294,91.3907,1174.55,-312.155,5.83917,1287.72,-430.433,176.942,1061.39,-351.816,-172.849,1377.45,-257.713,179.311,849.371,-412.749,-176.306,1193.12,-225.339,138.014,661.697,71.4161,-22.0024,925.98,-73.0698,24.3765,838.943,306.52,-127.03,534.852,-135.549,25.1763,552.798,447.168,-67.5607,35.4625,-164.986,207.729,77.6952
289,0,-546.828,-34.4739,1204.03,-367.609,119.18,1175.77,-308.105,26.1469,1287.06,-427.113,212.213,1064.48,-315.277,-156.032,1332.01,-266.391,185.534,856.267,-390.527,-197.179,1164.91,-253.725,103.761,701.697,71.0011,-22.6507,927.869,-72.8079,25.107,837.316,316.511,-136.968,540.976,-137.667,22.822,552.679,463.569,-79.4762,42.5599,-169.267,189.282,66.888
290,0,-553.881,-49.3896,1192.13,-366.838,114.342,1179.09,-307.59,17.6386,1284.1,-426.087,211.045,1074.08,-315.975,-158.888,1297.32,-276.627,228.718,879.264,-384.045,-199.056,1129.84,-265.597,206.903,715.044,70.8553,-23.2914,929.128,-72.749,25.5766,836.352,319.039,-133.82,544.629,-147.572,12.7615,552.387,491.565,-73.2444,70.5775,-179.464,158.374,55.2861
291,0,-553.799,-40.4516,1189.93,-365.614,128.859,1176.91,-304.889,31.6633,1279.02,-426.338,226.055,1074.81,-311.896,-138.914,1256.15,-283.752,236.418,879.621,-373.185,-160.062,1099.51,-270.035,194.884,739.457,71.4067,-23.3499,931.104,-73.5196,25.6591,834.703,339.511,-124.562,553.332,-159.19,-21.4109,552.563,533.999,-46.4016,97.2617,-190.587,99.6716,52.4026
292,0,-552.89,-30.4741,1189.22,-361.394,133.59,1180.13,-302.07,34.1798,1280.66,-420.718,233,1079.6,-302.954,-137.985,1242.91,-273.044,230.922,885.524,-354.87,-200.333,1081.2,-272.27,167.708,751.857,71.4336,-23.2842,932.386,-73.5523,25.6403,833.55,346.634,-124.328,560.209,-156.722,-26.1989,552.436,535.543,-43.5628,111.673,-187.507,101.194,51.8927
293,0,-552.254,-29.0845,1178.66,-360.322,127.706,1177.03,-301.498,28.5057,1273.07,-419.147,226.906,1080.99,-297.713,-156.082,1202.59,-262.255,203.547,885.192,-332.805,-262.738,1051.29,-253.159,118.537,748.641,71.2783,-23.0107,933.15,-73.2988,25.5037,832.773,355.897,-123.306,570.393,-154.834,-24.4201,552.197,552.907,-40.1939,149.318,-183.663,121.841,56.5036
294,0,-556.298,-37.7184,1168.65,-360.899,120.542,1176.14,-301.772,16.8844,1265.94,-420.026,224.199,1086.34,-294.877,-178.851,1164.83,-260.202,201.067,889.37,-316.612,-274.628,1015.38,-255.971,113.218,747.914,71.0137,-23.6958,933.575,-73.0425,26.3107,832.376,360.931,-123.342,580.758,-154.313,-22.2677,550.067,557.029,-40.3099,171.049,-187.569,122.475,58.0182
295,0,-565.549,-29.5645,1166.35,-361.384,134.613,1168.88,-301.715,20.3784,1250.69,-421.053,248.848,1087.06,-292.901,-100.463,1120.33,-260.744,237.142,887.296,-314.339,-119.976,979.393,-251.308,141.535,733.59,71.0208,-24.9921,934.151,-73.0375,27.9512,831.74,368.93,-122.698,584.796,-152.839,-31.376,541.892,576.741,-37.3235,181.35,-184.701,102.897,58.0137
296,0,-565.148,-61.6489,1162.06,-363.994,115.007,1158.89,-301.662,-6.11543,1231.04,-426.326,236.129,1086.73,-282.589,-70.4494,1060.94,-260.406,214.373,883.143,-286.83,-29.8171,879.82,-237.332,125.082,711.947,70.5611,-25.9124,934.323,-72.5739,29.3156,831.5,371.14,-112.533,592.505,-148.779,-35.0692,534.27,594.823,-25.6198,196.219,-166.031,79.8966,58.8987
297,0,-566.097,-62.1304,1158.54,-363.587,93.1875,1157.82,-300.173,-45.3301,1228.91,-427.001,231.705,1086.73,-266.786,-145.598,1077.19,-259.687,198.1,880.836,-275.803,-142.957,903.629,-230.039,71.9082,701.32,69.8752,-28.8292,934.49,-72.0166,32.3837,831.294,372.821,-112.352,599.646,-150.115,-32.4805,531.13,598.071,-26.4479,220.338,-166.326,82.0221,58.4359
298,0,-565.242,-63.2046,1148.99,-362.225,84.8542,1157.15,-299.051,-55.3262,1224.81,-425.399,225.035,1089.49,-255.82,-198.833,1103.01,-244.42,205.377,888.127,-267.472,-249.687,932.777,-184.706,122.45,711.523,68.649,-29.7007,934.487,-70.7614,33.1155,831.299,373.218,-108.157,599.055,-150.332,-30.7075,530.286,604.657,-26.146,234.655,-169.942,61.9118,56.657
299,0,-565.075,-60.7446,1146.37,-361.266,87.8415,1156.03,-297.836,-48.6772,1222.27,-424.696,224.36,1089.8,-247.945,-194.157,1097.43,-234.951,209.421,888.057,-256.569,-253.373,928.214,-159.219,133.026,708.968,67.4983,-29.8945,934.604,-69.563,33.3322,831.185,374.18,-106.277,602.641,-150.406,-31.9723,529.032,612.191,-26.426,251.859,-175.809,37.688,56.9682
300,0,-564.78,-61.1759,1148.39,-361.71,82.764,1158.74,-298.74,-59.0417,1219.49,-424.68,224.57,1097.99,-250.063,-199.231,1106.41,-224.627,223.473,907.079,-256.649,-250.658,924.502,-142.566,158.117,711.092,65.7633,-31.2967,934.31,-67.7401,34.6468,831.527,375.319,-103.851,607.991,-156.693,-30.9363,529.012,622.595,-19.5309,258.358,-187.478,50.2788,55.0903
301,0,-564.352,-51.0981,1148.36,-362.132,95.0625,1160.64,-300.318,-55.4983,1213.54,-423.946,245.623,1107.74,-241.561,-184.016,1100.84,-223.16,273.833,943.625,-247.633,-235.763,902.763,-153.144,238.706,777.203,63.6284,-31.8551,933.488,-65.5633,35.13,832.424,382.639,-104.057,613.92,-156.075,-36.3064,527.865,633.536,-20.3152,260.789,-190.289,34.7912,42.5528
302,0,-565.264,-29.8625,1140.14,-360.411,103.792,1160.31,-300.95,-53.6214,1205.51,-419.872,261.205,1115.11,-234.399,-165.523,1100.33,-216.943,288.554,966.034,-246.26,-206.196,896.48,-155.843,237.322,810.712,61.1659,-32.3221,932.377,-63.17,35.6355,833.593,387.579,-107.864,625.469,-158.336,-51.491,526.791,641.465,-31.9459,280.053,-205.173,-3.13821,42.4349
303,0,-566.405,-32.4045,1139.06,-359.627,105.493,1158.55,-301.749,-49.5953,1197.81,-417.505,260.58,1119.29,-229.982,-164.057,1091.54,-212.542,291.367,974.539,-244.544,-197.001,885.138,-155.201,238.756,818.608,59.1094,-33.5243,930.707,-61.1778,36.8254,835.38,388.858,-111.273,631.38,-160.087,-57.7489,527.026,651.713,-41.7917,289.782,-212.29,-22.7666,37.3369
304,0,-567.842,-46.1898,1141.05,-361.731,99.3308,1163.55,-303.894,-55.7437,1201.87,-419.568,254.405,1125.23,-230.075,-163.028,1092.58,-213.348,282.673,978.204,-243.596,-190.156,884.659,-147.903,230.922,814.092,58.5831,-34.5519,929.909,-60.6238,37.7575,836.218,395.702,-112.318,640.462,-157.612,-55.9073,525.935,672.847,-39.7015,307.752,-207.927,-4.37246,35.1658
305,0,-577.276,-71.2676,1145.62,-365.586,65.3916,1169.27,-308.487,-97.1395,1200.82,-422.684,227.923,1137.71,-229.415,-188.446,1091.38,-204.019,257.525,996.771,-236.49,-193.192,879.42,-128.929,189.013,831.917,58.1241,-36.7153,927.985,-60.2215,39.7795,838.226,398.122,-112.37,651.047,-157.362,-58.3267,525.987,690.734,-46.4691,342.752,-206.378,-27.504,36.5171
306,0,-577.012,-126.401,1152.59,-368.266,42.5949,1174.22,-309.593,-116.311,1200.04,-426.939,201.501,1148.4,-223.431,-204.787,1095.15,-199.954,242.517,1024.03,-220.884,-205.886,885.451,-122.547,178.981,870.253,57.3124,-38.8389,924.513,-59.387,41.7989,841.847,404.051,-109.384,664.035,-155.035,-56.3102,526.23,707.923,-43.6809,364.913,-203.323,-26.3424,32.6031
307,0,-576.856,-127.494,1152.7,-369.411,32.7463,1173.01,-310.24,-128.713,1194.12,-428.583,194.206,1151.9,-219.84,-212.085,1086.93,-194.934,224.621,1032.98,-211.465,-204.725,877.789,-111.575,143.5,889.882,56.4796,-41.5243,922.76,-58.6453,44.4665,843.601,408.145,-109.428,672.397,-154.938,-55.1366,526.321,716.614,-48.7098,376.89,-201.755,-24.783,32.614
308,0,-574.712,-121.968,1152.79,-370.86,41.7178,1169.86,-309.635,-111.711,1190.27,-432.085,195.147,1149.45,-210.438,-141.242,1070.86,-192.345,222.675,1028.74,-201.97,-69.4398,860.875,-106.576,142.479,881.687,56.5246,-41.2188,922.753,-58.6866,44.2416,843.551,419.386,-108.905,675.865,-152.991,-64.9922,526.387,733.546,-32.0699,386.602,-184.027,-31.0852,29.8399
309,0,-574.259,-128.269,1152.14,-370.964,35.7087,1169.42,-308.906,-119.539,1189.32,-433.021,190.957,1149.52,-207.274,-145.553,1063.86,-192.313,212.849,1017.01,-203.331,-102.947,854.46,-114.553,118.693,870.088,56.5627,-41.8084,922.382,-58.7264,44.8758,843.836,425.832,-114.385,686.5,-150.586,-64.4352,524.199,747.811,-42.9228,412.004,-172.424,-22.9991,23.6875
310,0,-577.776,-131.785,1153.97,-372.531,23.2358,1173.56,-311.668,-142.912,1188.27,-433.394,189.384,1158.85,-210.88,-151.062,1059.89,-194.839,204.589,1013.08,-204.157,-80.7385,850.892,-116.222,95.9216,865.821,55.5346,-45.2457,920.298,-57.7709,48.3074,845.81,424.567,-114.359,689.114,-148.911,-50.9389,523.741,749.903,-46.9417,425.09,-169.605,-6.51279,22.2397
311,0,-585.258,-127.299,1154.01,-374.003,22.6822,1171.4,-314.815,-145.789,1181.22,-433.192,191.153,1161.58,-212.829,-153.518,1051.7,-195.985,202.429,1010.99,-201.27,-50.041,843.461,-120.495,83.0695,861.412,53.9325,-48.5735,918.271,-56.3749,51.8209,847.788,426.202,-114.354,690.657,-147.996,-43.3457,521.377,762.043,-46.8152,439.348,-161.059,-3.75348,12.7451
312,0,-585.248,-142.872,1157.01,-374.67,11.8652,1169.9,-314.898,-153.591,1180.24,-434.442,177.321,1159.57,-213.289,-159.104,1052.19,-198.217,187.585,1008.12,-194.316,-73.9065,845.092,-123.85,78.7886,859.396,53.825,-48.4753,918.04,-56.2676,51.7261,847.985,431.934,-113.95,700.9,-142.121,-43.7216,520.163,772.61,-40.4001,464.699,-145.598,-3.791,14.8311
313,0,-588.304,-138.774,1159.06,-374.832,1.79074,1172.43,-315.761,-172.916,1179.43,-433.904,176.497,1165.42,-210.15,-189.007,1050.69,-198.76,186.598,1011.24,-182.719,-86.4435,841.092,-124.887,79.3266,856.517,52.9858,-50.6258,917.086,-55.4984,53.7481,848.922,432.054,-112.473,708.187,-140.655,-40.266,516.365,779.394,-23.0577,488.283,-143.705,-3.52955,-0.214249
314,0,-589.594,-147.8,1160.32,-374.739,-6.89248,1169.73,-315.612,-180.666,1175.81,-433.865,166.881,1163.64,-206.756,-197.582,1048.83,-199.315,170.366,1010.88,-181.139,-93.6197,842.458,-127.026,56.706,851.133,52.5963,-51.3444,916.72,-55.1531,54.5153,849.267,430.972,-112.434,719.752,-140.185,-39.8239,516.16,774.957,-23.5931,503.672,-138.536,-2.33708,2.87512
315,0,-586.416,-198.236,1160.82,-373.001,-23.9283,1168.72,-311.593,-193.75,1174.09,-434.409,145.894,1163.35,-200.614,-208.919,1040.56,-201.076,152.912,999.535,-165.898,-102.661,835.322,-119.033,48.5185,819.624,52.5883,-51.742,916.774,-55.1187,54.8997,849.197,429.663,-112.512,728.497,-137.917,-38.3932,513.035,776.816,-28.7283,525.884,-136.457,-2.33969,1.3161
316,0,-585.859,-198.99,1164.67,-371.171,-27.0833,1169.01,-307.974,-198.547,1174.76,-434.367,144.38,1163.27,-197.452,-210.984,1034.21,-204.162,148.713,992.178,-158.022,-104.719,829.144,-119.941,35.2683,804.268,52.5527,-52.2862,916.75,-55.0795,55.5168,849.2,432.51,-109.352,734.188,-127.739,-35.8707,512.191,791.101,-10.5332,540.286,-116.15,-2.2191,-3.8614
317,0,-585.57,-195.806,1165.28,-370.057,-24.3842,1166.53,-306.659,-196.71,1170.77,-433.455,147.942,1162.29,-193.379,-212.043,1025.95,-202.458,150.719,992.875,-153.418,-106.048,819.486,-114.114,35.599,805.854,52.132,-53.8654,916.779,-54.6847,57.1643,849.166,432.033,-109.33,740.004,-126.596,-33.5388,512.17,791.138,-12.5238,550.929,-110.673,-7.94001,-12.037
318,0,-582.373,-211.734,1169.61,-366.994,-31.5321,1165.36,-303.289,-203.149,1168.46,-430.699,140.085,1162.26,-185.965,-219.853,1026.26,-190.91,146.406,994.425,-147.181,-113.675,823.649,-85.9746,36.3561,806.635,51.7785,-55.1466,916.717,-54.322,58.3989,849.211,431.629,-109.582,751.928,-123.673,-32.3091,510.299,803.745,-35.0068,570.352,-95.1556,-8.10726,-11.5735
319,0,-582.736,-201.152,1171.18,-364.229,-34.7465,1165.5,-302.627,-209.075,1166.96,-425.83,139.582,1164.04,-182.82,-233.344,1028.22,-181.4,145.883,1001.92,-146.098,-132.232,825.314,-79.4172,37.2678,812.983,51.035,-56.3408,916.473,-53.6729,59.541,849.445,431.114,-115.001,762.268,-124.334,-29.0903,512.342,813.896,-52.4421,602.041,-90.4912,-7.69294,-10.0314
320,0,-578.949,-199.708,1172.34,-359.714,-36.3918,1166.06,-299.8,-209.3,1167.31,-419.627,136.517,1164.82,-174.691,-236.564,1030.61,-165.565,145.49,1005.12,-138.627,-142.118,827.492,-52.1067,41.6814,817.395,50.202,-56.9667,916.402,-52.7961,60.0645,849.518,431.325,-120.864,768.722,-119.479,-25.0781,513.511,839.204,-72.8984,639.208,-80.4297,2.02444,-8.83898
321,0,-574.37,-215.075,1179.61,-358.064,-43.8916,1167.8,-297.817,-214.846,1170.07,-418.312,127.063,1165.52,-174.138,-244.59,1032.08,-162.078,138.986,1004.67,-135.451,-155.435,831.521,-46.4076,42.059,812.792,49.9696,-57.4037,916.446,-52.5138,60.4682,849.478,431.064,-123.155,773.466,-113.572,-25.3669,516.159,842.17,-68.2039,668.577,-62.0514,-0.682174,-17.2078
322,0,-574.994,-214.727,1187.13,-357.838,-51.6669,1172.55,-297.02,-224.866,1175.5,-418.655,121.532,1169.6,-166.841,-255.322,1042.87,-165.961,129.927,1006.88,-127.642,-165.659,837.201,-51.287,27.6318,813.038,49.947,-57.7047,916.46,-52.4793,60.7591,849.463,431.134,-124.115,775.697,-107.905,-24.611,517.907,846.365,-40.3127,684.713,-40.7855,-4.60482,-21.3556
323,0,-569.95,-209.271,1192.65,-354.1,-48.7477,1178.25,-295.305,-220.526,1183.32,-412.896,123.031,1173.19,-164.605,-252.539,1051.92,-156.085,137.103,1006.78,-127.113,-172.015,839.837,-36.9565,53.2641,813.18,49.2016,-58.449,916.471,-51.6147,61.3932,849.456,431.012,-130.946,776.178,-109.433,-25.0545,520.718,850.212,-40.2408,730.078,-40.8191,-5.21973,-21.3592
324,0,-558.065,-238.865,1193.71,-349.701,-59.7333,1178.98,-287.713,-227.718,1184.37,-411.689,108.251,1173.6,-149.062,-267.059,1052.13,-146.486,125.892,1006.57,-113.774,-192.363,840.049,-27.2112,47.5471,813.323,49.0616,-58.978,916.434,-51.3994,61.8501,849.498,429.345,-140.339,774.204,-109.102,-24.4622,522.206,854.636,-44.195,753.035,-41.1227,-6.87208,-20.0643
325,0,-558.149,-234.836,1199.4,-350.092,-54.8597,1183.9,-288.172,-223.787,1186.59,-412.012,114.068,1181.21,-145.381,-262.986,1052.94,-151.03,129.692,1011.48,-108.847,-185.118,840.247,-62.3612,44.4634,814.507,48.2539,-59.8109,915.855,-50.3176,62.6602,850.08,428.234,-150.427,771.414,-96.9682,-23.3683,522.777,858.498,-44.2109,770.731,-28.3515,-5.31377,-19.3658
326,0,-558.455,-228.935,1207.62,-350.322,-52.9017,1190.35,-288.253,-223.335,1192.26,-412.39,117.532,1188.43,-144.611,-265.831,1056.66,-152.583,132.1,1014.58,-106.429,-189.381,841.703,-87.9389,44.841,818.305,47.428,-60.2679,915.718,-49.2367,63.0635,850.235,427.812,-161.471,769.94,-85.5077,-23.1355,524.019,862.028,-44.5797,805.378,-5.37716,-6.4988,-19.1518
327,0,-558.472,-227.089,1213.07,-349.979,-51.9303,1193.35,-287.197,-223.602,1196.92,-412.761,119.741,1189.78,-141.24,-268.191,1061.34,-153.497,133.218,1014.11,-106.063,-198.274,844.847,-94.4556,57.2598,818.242,46.1606,-60.5997,915.775,-47.49,63.3393,850.17,427.763,-174.122,769.942,-61.5622,-19.8145,523.76,863.252,-42.9034,852.088,28.4571,-1.55264,-18.5702
328,0,-554.554,-241.581,1221.23,-347.562,-51.445,1199.84,-282.148,-223.812,1205.6,-412.975,120.922,1194.09,-131.433,-269.727,1064.17,-160.523,134.418,1013.84,-98.7143,-205.34,845.768,-119.221,56.8794,816.202,45.404,-60.92,915.779,-46.3406,63.6176,850.165,428.008,-180.733,769.175,-57.1576,-16.8622,521.495,859.076,-29.2122,891.412,42.4841,1.57621,-19.5564
329,0,-546.999,-239.3,1223.87,-346.82,-43.1282,1207.96,-281.266,-213.905,1211.08,-412.374,127.648,1204.84,-130.987,-268.948,1067.79,-160.814,141.978,1020.22,-95.5951,-200.414,845.534,-128.582,56.614,817.027,44.0235,-61.2252,915.173,-44.6203,63.9193,850.76,428.066,-182.2,768.511,-63.8918,-10.6081,519.846,857.337,-28.3829,922.909,32.9579,11.7562,-13.522
330,0,-548.146,-214.214,1230.96,-345.815,-27.9441,1216.39,-281.239,-203.444,1216.48,-410.392,147.555,1216.3,-126.165,-263.905,1079.72,-161.292,162.7,1033.35,-95.3316,-197.597,850.176,-129.238,76.275,826.33,40.7573,-61.9943,914.209,-40.7528,64.6455,851.619,427.206,-190.497,768.599,-58.7405,-4.95324,519.427,834.516,-7.61109,962.546,56.9183,28.5128,-5.1733
331,0,-538.584,-231.172,1230.94,-343.12,-27.9756,1217.31,-279.444,-202.871,1216.61,-406.796,146.92,1218.01,-125.638,-262.628,1079.18,-161.212,162.465,1033.33,-92.4162,-196.157,850.148,-127.655,74.2249,826.131,39.9199,-62.708,912.889,-39.6973,65.3856,852.86,427.753,-191.258,768.305,-61.4726,0.773933,519.765,827.303,-0.931457,983.357,49.0139,33.6088,3.36918
332,0,-536.112,-245.616,1229.35,-339.567,-36.491,1216.1,-277.304,-207.758,1215.16,-401.829,134.776,1217.04,-123.104,-266.527,1077.92,-157.644,146.387,1032.66,-90.9567,-200.276,849.348,-125.133,52.4133,826.104,38.713,-62.8841,911.494,-38.3343,65.5668,854.152,427.728,-189.663,767.965,-64.2014,3.58196,522.757,812.703,1.15675,1009,40.6301,39.1947,15.1462
333,0,-529.044,-265.038,1232.98,-335.96,-45.8382,1216.33,-273.157,-213.848,1215.38,-398.763,122.172,1217.28,-113.543,-269.552,1080.06,-152.32,134.724,1033.11,-85.4557,-206.014,850.263,-123.258,39.97,827.448,38.2693,-62.9902,910.693,-37.7556,65.6624,854.917,430.755,-188.309,767.856,-60.3967,7.91838,524.453,804.975,7.74739,1025.35,48.7977,46.3121,20.8797
334,0,-528.386,-279.781,1235.61,-334.394,-54.9523,1217.67,-270.909,-223.145,1216.38,-397.879,113.241,1218.96,-110.805,-278.82,1082.37,-148.517,127.787,1034.97,-86.6479,-222.578,851.472,-124.82,33.1383,829.268,38.1235,-63.2183,909.819,-37.5076,65.8957,855.717,430.688,-190.104,767.724,-62.1325,14.7367,527.913,770.262,33.4021,1051.21,50.5604,69.6878,34.9
335,0,-529.023,-273.756,1235.41,-333.68,-57.3875,1219.34,-270.049,-226.42,1216.73,-397.311,111.645,1221.95,-111.731,-279.995,1082.12,-148.384,126.408,1038.17,-87.4629,-220.724,852.036,-123.964,31.5559,833.164,37.9053,-63.2454,909.404,-37.2378,65.9161,856.096,430.625,-189.988,767.489,-62.4965,13.5407,529.878,768.811,30.748,1049.58,52.6765,68.3158,41.0265
336,0,-529.315,-288.539,1236.46,-331.883,-70.745,1218.54,-266.339,-239.737,1216.32,-397.427,98.2472,1220.76,-108.284,-287.599,1081.91,-148.059,112.494,1037.26,-87.8405,-227.965,854.327,-123.606,16.6652,833.039,37.9236,-63.2329,909.37,-37.2443,65.9001,856.12,430.882,-192.065,766.626,-60.7786,12.6477,529.883,762.506,48.579,1067.28,60.7853,72.0841,46.9923
337,0,-533.135,-281.476,1236.06,-331.578,-79.2451,1216.82,-266.347,-249.321,1213.38,-396.809,90.8307,1220.27,-108.339,-291.589,1081.49,-147.056,100.878,1036.65,-88.8602,-229.009,857.945,-123.103,8.21241,834.974,37.3286,-63.4416,908.662,-36.5949,66.1068,856.757,428.337,-192.843,760.678,-61.4997,15.4298,530.398,728.555,56.7327,1089.97,60.0616,79.7932,48.8783
338,0,-533.454,-263.975,1239.44,-331.757,-69.9765,1218.16,-266.536,-242.048,1214.56,-396.977,102.094,1221.77,-109.706,-283.122,1081.55,-148.052,108.319,1036.86,-89.4717,-208.846,859.883,-122.849,11.3473,834.661,37.3445,-63.4124,908.631,-36.6231,66.0816,856.79,428.313,-194.693,756.867,-62.8237,6.68417,532.199,729.271,52.9431,1081.71,66.7366,66.8025,63.4813
339,0,-538.858,-247.454,1240,-335.336,-63.1405,1215.42,-272.987,-238.937,1210.5,-397.684,112.656,1220.35,-115.936,-277.231,1079.85,-149.541,112.254,1034.69,-97.9901,-202.932,859.707,-123.033,13.689,834.431,36.8266,-63.8897,908.201,-36.0259,66.6483,857.174,421.504,-197.343,752.963,-67.9968,6.65284,532.148,708.796,79.5168,1091.7,64.7954,68.7093,63.7664
340,0,-537.281,-262.466,1239.41,-341.695,-54.7399,1215.86,-276.52,-230.188,1211.7,-406.87,120.708,1220.03,-120.441,-259.519,1080.65,-162.216,126.014,1034.49,-99.0216,-182.014,861.54,-124.854,16.8108,838.279,37.2171,-63.84,908.65,-36.2609,66.612,856.768,418.412,-199.087,745.588,-74.0471,-4.44222,532.786,698.377,92.0674,1085.45,78.3505,56.9573,79.4201
341,0,-548.782,-257.315,1241.16,-343.634,-55.3025,1215.02,-276.594,-231.409,1211.68,-410.674,120.804,1218.35,-120.699,-260.235,1080.97,-175.456,126.252,1035.82,-101.153,-185.762,865.516,-155.002,16.1192,855.649,37.6978,-63.4275,909.439,-36.7277,66.2232,856.059,414.497,-198.463,743.502,-84.1675,-23.2963,537.964,679.798,122.616,1101.01,81.3116,26.9163,90.7955
342,0,-556.923,-248.824,1240.82,-345.161,-55.8225,1212.73,-278.139,-233.11,1210.55,-412.184,121.465,1214.92,-124.512,-260.566,1080.38,-178.006,127.201,1033.8,-105.498,-187.174,865.21,-152.109,17.3586,854.039,37.7623,-63.4389,909.523,-36.7862,66.238,855.974,406.829,-199.446,740.258,-86.2778,-20.8978,538.01,665.124,120.162,1107.1,85.3188,36.483,93.701
343,0,-560.353,-250.253,1240.68,-346.091,-61.9148,1211.36,-278.607,-239.133,1209.08,-413.576,115.303,1213.63,-125.776,-260.908,1078.96,-176.326,119.746,1034.38,-107.179,-187.402,865.337,-128.906,8.12951,852.088,37.839,-63.4182,909.554,-36.8594,66.2161,855.936,405.038,-199.529,737.595,-87.0595,-19.8302,537.832,643.594,115.085,1115.93,83.5601,60.1365,99.2536
344,0,-565.891,-246.398,1240.87,-346.807,-63.6774,1210.52,-280.171,-241.574,1208.23,-413.443,114.22,1212.8,-127.249,-261.346,1079.23,-175.427,116.234,1034.15,-108.334,-184.779,866.23,-128.865,7.76246,848.975,37.8172,-63.6099,909.103,-36.8536,66.3762,856.383,396.276,-198.208,735.023,-87.3093,-14.7931,537.749,617.886,117.245,1123.48,84.8292,84.9585,102.695
345,0,-568.341,-231.158,1240.66,-347.639,-48.9396,1208.31,-280.401,-228.379,1206.21,-414.878,130.5,1210.42,-123.667,-250.318,1078.52,-225.821,197.414,1034.72,-106.904,-171.432,862.701,-266.798,173.818,898.884,38.6177,-63.5689,909.472,-37.7606,66.1764,856.234,396.329,-194.188,731.024,-88.2983,-16.2845,537.609,592.389,131.175,1133.36,87.6761,80.339,100.667
346,0,-579.654,-204.347,1242.41,-348.999,-45.4089,1204.16,-283.33,-226.464,1202.17,-414.668,135.647,1206.15,-122.805,-251.725,1078.77,-242.657,214.288,1034.58,-106.994,-173.705,862.502,-318.647,223.321,904.48,38.8314,-63.9215,909.307,-38.1086,66.269,856.686,390.617,-193.179,728.784,-88.6985,-15.2676,537.971,577.477,124.481,1140.56,88.8824,92.0914,101.162
347,0,-582.662,-199.029,1244.8,-348.699,-40.0543,1203.96,-283.347,-222.566,1201.7,-414.051,142.458,1206.21,-118.801,-252.538,1088.29,-254.525,258.118,1039.77,-105.723,-181.199,866.733,-345.558,304.189,921.942,39.3651,-64.2113,909.301,-38.9269,66.2996,856.921,388.609,-189.091,729.139,-88.1757,-17.7891,538.115,564.22,121.098,1152.7,92.0893,87.6486,101.48
348,0,-581.721,-199.08,1244.34,-349.115,-30.2125,1199.52,-284.28,-210.23,1199.26,-413.951,149.805,1199.77,-118.443,-243.603,1087.79,-251.586,268.551,1033.25,-106.502,-172.598,863.937,-353.378,312.228,914.108,39.987,-64.1539,909.384,-39.7516,66.0166,856.942,372.279,-186.49,720.741,-95.7277,-26.2912,538.018,524.936,131.919,1154.53,92.9595,75.2958,105.856
349,0,-580.584,-194.159,1244.08,-348.149,-26.9666,1199.53,-284.503,-207.136,1199.17,-411.795,153.203,1199.89,-114.052,-245.094,1088.45,-243.132,257.166,1032.08,-105.252,-173.861,863.517,-345.506,274.891,911.511,40.0118,-64.3167,908.91,-39.8317,66.068,857.762,375.112,-184.582,721.274,-95.3666,-25.5354,538.882,525.596,131.559,1152.25,92.0665,75.6952,105.915
350,0,-585.751,-190.396,1243.98,-347.995,-28.4461,1198.67,-284.8,-208.331,1198.15,-411.19,151.439,1199.2,-110.661,-242.34,1088.15,-243.46,246.419,1028.02,-104.426,-156.146,863.395,-355.934,260.358,907.464,40.1916,-64.301,908.742,-40.0819,65.9955,858.092,377.492,-182.098,720.381,-95.7626,-24.5117,537.236,520.074,146.538,1155.64,99.1426,80.1431,107.583
351,0,-585.361,-193.987,1241.91,-347.777,-28.8057,1198.31,-284.525,-207.85,1199.3,-411.03,150.239,1197.33,-107.073,-240.606,1087.92,-240.957,216.492,1019.54,-99.7462,-159.192,858.547,-340.781,152.915,901.901,40.1686,-63.7796,908.737,-40.0223,65.6193,858.092,378.802,-182.423,710.438,-88.9818,-23.775,530.545,520.093,156.207,1150.39,110.32,82.2558,106.289
352,0,-584.482,-196.767,1233.8,-348.541,-27.7017,1195.8,-285.592,-205.095,1197.53,-411.49,149.692,1194.08,-107.718,-230.263,1082.53,-242.855,212.559,1011.16,-100.134,-143.166,855.933,-360.253,144.419,896.134,39.8487,-62.8598,908.554,-39.6458,64.7639,858.277,368.265,-176.897,694.432,-90.1235,-26.3264,528.718,491.519,178.942,1148.5,110.538,60.6835,106.578
353,0,-583.607,-202.159,1233.86,-348.508,-28.5092,1193.78,-285.555,-205.269,1195.27,-411.46,148.251,1192.28,-106.582,-232.217,1082.21,-247.796,216.662,1010.69,-97.6525,-147.023,852.93,-369.146,196.631,890.638,39.6506,-62.9041,907.682,-39.4721,64.7693,859.351,363.073,-175.916,686.654,-80.2036,-17.9073,528.844,482.058,180.382,1148.48,119.547,68.8454,111.164
354,0,-585.722,-201.657,1229.62,-349.839,-29.1283,1190.6,-285.688,-205.904,1192.26,-413.989,147.647,1188.94,-106.792,-232.532,1080.71,-266.387,222.424,1004.88,-98.1149,-150.62,850.264,-390.506,213.843,884.473,39.6557,-62.7571,907.469,-39.4937,64.4894,859.682,342.224,-170.34,671.084,-83.1711,-29.0608,529.464,453.757,204.214,1143.87,119.127,47.3468,116.579
355,0,-585.542,-214.839,1228.99,-349.894,-45.633,1189.89,-284.761,-223.053,1192.1,-415.027,131.787,1187.68,-106.899,-258.704,1081.1,-274.004,218.447,1003.22,-98.103,-196.162,850.395,-408.509,209.039,882.045,39.5468,-62.8283,907.059,-39.4389,64.4944,860.243,327.127,-167.607,664.044,-71.8878,-25.894,530.079,449.838,209.129,1142.4,125.167,48.5731,115.702
356,0,-585.274,-220.871,1229.14,-349.359,-50.5197,1191.15,-283.295,-224.964,1194.45,-415.423,123.924,1187.84,-105.245,-270.176,1087.83,-273.833,207.412,1004.36,-97.3444,-227.079,854.219,-413.156,202.06,882.594,39.4292,-62.7761,906.446,-39.328,64.3241,860.941,325.978,-166.596,646.531,-60.5755,-25.6019,533.766,441.966,206.562,1135.93,137.251,50.513,118.997
357,0,-585.024,-229.789,1228.22,-349.939,-53.7173,1192.38,-282.158,-226.931,1194.95,-417.719,119.497,1189.8,-105.414,-276.204,1088.97,-301.268,207.382,1005.03,-97.1278,-233.352,855.525,-436.221,209.245,880.878,39.207,-62.5075,906.189,-39.1452,63.7961,861.291,318.179,-155.787,634.613,-54.7138,-25.2153,534.103,437.772,215.283,1120.54,146.918,41.5675,118.858
358,0,-582.003,-250.047,1228.24,-349.98,-61.9952,1192.51,-279.092,-234.363,1195.13,-420.868,110.372,1189.9,-100.949,-285.969,1094.29,-312.822,207.493,1004.58,-94.7009,-247.563,857.737,-447.24,214.181,872.969,39.1956,-61.2686,906.119,-39.1465,62.0605,861.458,307.189,-147.043,626.939,-51.8329,-35.3223,535.455,427.786,233.016,1102.44,148.989,1.04364,121.536
359,0,-579.326,-253.915,1228.85,-349.72,-63.9707,1193.49,-276.54,-236.184,1195.19,-422.9,108.243,1191.79,-98.2061,-291.56,1095.51,-325.902,215.226,1005.02,-91.3107,-257.772,857.923,-458.862,237.71,867.565,39.1399,-60.5664,905.684,-39.1321,60.9126,862.1,291.33,-144.424,614.759,-45.9445,-38.3169,538.511,414.247,233.849,1090.92,152.839,-17.8823,125.665
360,0,-573.158,-270.562,1229.07,-349.665,-70.4209,1193.53,-274.049,-240.174,1195.2,-425.28,99.3321,1191.87,-97.5356,-298.81,1095.62,-331.515,215.876,1004.06,-89.0623,-277.75,857.983,-472.251,243.249,860.13,39.1621,-58.8804,905.586,-39.1773,58.7987,862.321,288.21,-140.681,607.7,-43.7374,-37.4042,541.196,394.559,246.729,1084.38,156.479,-10.4398,129.239
361,0,-572.339,-272.972,1232.17,-349.19,-73.8449,1194.09,-271.619,-244.774,1195.52,-426.76,97.0838,1192.67,-91.244,-305.537,1098.52,-340.81,221.057,1003.43,-82.0295,-281.409,860.779,-484.924,259.228,856.407,39.1908,-58.5801,905.335,-39.2463,58.3705,862.694,290.486,-139.415,605.881,-36.899,-30.0867,541.31,376.624,246.239,1077.86,165.899,-9.39569,128.64
362,0,-570.708,-269.386,1232.82,-347.99,-77.0963,1194.15,-269.426,-247.098,1195.58,-426.554,92.9053,1192.72,-86.221,-304.157,1100.95,-341.616,221.106,1000.39,-74.1158,-272.216,862.891,-488.307,256.41,852.369,39.2105,-57.2431,905.144,-39.3073,56.7101,863.006,281.98,-124.292,602.143,-34.4887,-29.946,541.012,353.538,270.088,1067.34,169.04,-7.16422,128.285
363,0,-569.407,-269.669,1232.85,-347.336,-78.8451,1194.2,-266.458,-248.771,1195.58,-428.215,91.0813,1192.81,-82.7997,-304.059,1102.42,-356.985,227.901,998.089,-69.6081,-269.123,863.644,-498.883,269.693,846.947,39.4317,-55.1324,905.138,-39.7463,54.4013,863.022,263.14,-113.902,594.793,-34.0032,-32.4256,538.206,334.777,296.322,1029.61,175.145,-18.464,129.463
364,0,-569.241,-268.731,1233.28,-347.441,-78.823,1193.47,-265.513,-249.14,1194.29,-429.37,91.4937,1192.66,-81.7535,-305.485,1102.17,-362.645,229.747,994.521,-70.3266,-271.509,865.021,-508.887,269.694,843.579,39.4491,-54.925,904.839,-39.8622,54.1905,863.384,233.356,-118.869,586.144,-35.6735,-31.1403,534.37,325.577,290.92,1009.59,180.244,-10.999,133.879
365,0,-568.172,-270.217,1231.3,-348.412,-79.7975,1191.08,-264.817,-249.53,1192.12,-432.008,89.9352,1190.05,-78.3999,-304.462,1101.92,-370.478,229.565,983.704,-67.5616,-269.853,865.724,-517.424,268.911,830.696,39.3643,-54.6075,904.585,-39.8547,53.8356,863.678,213.313,-121.004,582.547,-31.6488,-27.5423,529.588,336.603,286.657,996.725,184.62,-7.08597,131.629
366,0,-565.295,-275.699,1232.67,-349.387,-80.955,1191.02,-264.411,-249.639,1193.19,-434.362,87.7285,1188.85,-77.6503,-303.519,1109.89,-370.779,226.49,983.357,-65.7691,-269.89,874.479,-523.929,267.675,831.644,39.3499,-54.5429,904.57,-39.8586,53.7602,863.693,218.024,-122.438,582.674,-25.0182,-21.9136,527.014,342.73,293.22,983.257,194.708,-3.8369,132.207
367,0,-561.181,-278.371,1233.8,-346.503,-83.2397,1191.83,-258.153,-250.994,1195.1,-434.854,84.5149,1188.56,-64.431,-302.766,1116.25,-369.894,224.271,981.863,-55.4275,-268.069,879.074,-525.575,264.699,830.369,39.655,-54.2053,904.738,-40.2374,53.3586,863.572,217.035,-123.684,578.805,-8.4308,-19.562,522.673,344.793,305.757,962.212,216.995,3.39848,131.236
368,0,-560.731,-278.126,1233.87,-347.288,-81.868,1191.37,-258.539,-250.112,1195.13,-436.038,86.3762,1187.61,-65.1518,-297.316,1122.05,-382.349,233.82,979.589,-53.7905,-256.507,880.954,-539.709,270.725,820.866,39.2742,-53.9644,904.712,-39.9532,53.108,863.621,184.687,-118.023,580.19,-6.92759,-16.1071,522.819,346.328,345.144,938.739,222.49,-4.28493,130.986
369,0,-561.954,-261.677,1233.34,-347.357,-77.7129,1190.72,-258.587,-246.865,1195.19,-436.128,91.4393,1186.24,-65.0607,-292.038,1123.02,-384.874,232.951,977.238,-55.172,-245.476,883.829,-544.541,266.826,819.875,39.2677,-53.8977,904.703,-39.9656,53.0296,863.633,146.461,-121.734,578.432,-9.68543,-15.5392,524.005,335.309,333.338,897.844,218.362,-2.87864,128.615
370,0,-558.962,-272.471,1232.59,-348.368,-77.4773,1190.68,-258.21,-246.776,1195.36,-438.527,91.8218,1186.01,-62.741,-291.375,1128.47,-397.308,234.484,977.137,-53.6806,-244.03,887.052,-557.649,268.708,813.071,38.782,-54.3923,904.5,-39.6279,53.5017,863.888,133.173,-123.074,575.681,-10.7061,-14.681,524.316,337.44,324.669,882.934,219.399,-8.17991,118.173
371,0,-558.268,-270.215,1228.11,-348.372,-72.8611,1188.67,-258.232,-241.387,1193.74,-438.512,95.6652,1183.59,-61.6379,-280.813,1128.11,-401.921,243.666,973.508,-53.6444,-224.323,886.767,-562.366,279.676,807.464,37.8294,-54.728,903.951,-38.8715,53.768,864.507,105.847,-124.244,565.189,-5.54016,-12.9685,524.546,341.261,320.713,864.263,221.288,-11.0017,101.012
372,0,-557.109,-266.611,1220.43,-350.077,-67.02,1183.76,-258.526,-233.939,1189.86,-441.628,99.8986,1177.66,-62.4541,-271.794,1127.32,-408.775,246.409,968.44,-54.3343,-217.01,886.374,-568.01,281.472,801.044,36.5765,-55.0569,903.668,-37.6972,54.0183,864.833,91.3582,-125.341,561.785,3.04603,-11.7005,524.947,343.06,312.56,850.6,226.519,-14.4874,83.7967
373,0,-556.493,-256.904,1217.72,-352.781,-53.4914,1183.47,-258.968,-215.801,1189.55,-446.595,108.819,1177.39,-63.094,-255.976,1129.27,-416.031,256.388,969.515,-54.655,-203.562,889.266,-577.787,292.702,800.949,36.019,-55.0805,903.302,-37.3088,54.0325,865.235,83.5009,-125.749,559.793,3.10572,-10.9374,522.187,347.054,311.047,830.564,224.58,-22.8084,76.4361
374,0,-554.93,-259.241,1218.26,-356.008,-50.0814,1183.39,-259.342,-211.406,1189.64,-452.674,111.243,1177.13,-62.9961,-257.671,1131.16,-424.197,263.011,970.019,-55.0243,-208.081,890.61,-592.51,306.087,801.045,35.1126,-55.4952,903.124,-36.6415,54.5036,865.399,54.7315,-127.546,555.059,20.9316,-6.56747,522.303,352.025,291.952,784.822,233.787,-21.841,56.6601
375,0,-556.593,-238.144,1218.45,-357.868,-42.4214,1183.46,-261.631,-201.889,1189.59,-454.105,117.046,1177.33,-63.3544,-253.75,1131.21,-426.547,264.888,970.572,-56.2902,-208.252,891.735,-594.041,308.328,802.749,33.4763,-55.8647,902.7,-35.2132,54.7903,865.819,31.7772,-130.692,555.047,44.7612,4.36478,527.007,354.498,256.624,751.993,243.978,-16.4574,59.2661
376,0,-560.329,-236.087,1215.51,-361.9,-43.3395,1181.73,-265,-203.572,1187.77,-458.801,116.893,1175.68,-63.5723,-255.423,1130.73,-427.583,262.449,970.875,-58.207,-210.761,892.815,-593.477,303.843,802.44,31.8378,-56.6083,902.424,-33.6897,55.4644,866.098,28.2327,-131.846,555.452,54.5748,9.59697,532.6,373.073,231.772,728.026,245.793,-15.8605,57.0034
377,0,-562.661,-228.015,1214.69,-363.815,-40.1527,1180.47,-266.132,-198.183,1186.38,-461.498,117.878,1174.56,-63.8159,-253.321,1130.24,-430.947,261.31,971.208,-59.6457,-211.632,892.565,-597.159,304.275,802.736,30.9152,-56.7903,901.982,-32.8908,55.5858,866.553,25.7015,-133.068,550.797,64.5593,11.6502,534.047,373.654,208.586,716.268,243.115,-13.3423,59.8269
378,0,-567.612,-208.942,1216.18,-366.133,-34.0567,1183.09,-269.236,-189.265,1189.89,-463.03,121.152,1176.29,-64.8564,-253.829,1138.76,-430.587,261.627,976.78,-61.864,-217.294,902.989,-596.512,307.005,806.932,29.7068,-57.0316,901.619,-31.7849,55.7618,866.912,12.5887,-135.949,552.421,76.9735,22.4663,539.415,384.314,178.721,689.804,253.786,-1.42732,61.3713
379,0,-567.473,-209.442,1218.23,-366.322,-34.2801,1189.31,-269.118,-189.305,1199.4,-463.526,120.745,1179.22,-63.022,-254.684,1147.41,-428.987,253.921,983.434,-61.6957,-225.118,912.137,-592.931,296.62,814.967,29.4973,-57.0859,901.661,-31.5613,55.7798,866.873,-0.408077,-143.026,553.524,88.8893,26.3407,546.302,386.969,165.43,645.324,268.849,1.6722,61.9261
